                      :-) GROMACS - gmx mdrun, 2024.3 (-:

Copyright 1991-2024 The GROMACS Authors.
GROMACS is free software; you can redistribute it and/or modify it
under the terms of the GNU Lesser General Public License
as published by the Free Software Foundation; either version 2.1
of the License, or (at your option) any later version.

                         Current GROMACS contributors:
       Mark Abraham           Andrey Alekseenko           Vladimir Basov      
      Cathrine Bergh            Eliane Briand               Ania Brown        
      Mahesh Doijade            Giacomo Fiorin          Stefan Fleischmann    
      Sergey Gorelov         Gilles Gouaillardet            Alan Gray         
     M. Eric Irrgang         Farzaneh Jalalypour            Joe Jordan        
     Carsten Kutzner           Justin A. Lemkul          Magnus Lundborg      
       Pascal Merz              Vedran Miletic            Dmitry Morozov      
       Julien Nabet              Szilard Pall        Andrea Pasquadibisceglie 
    Michele Pellegrino          Hubert Santuz             Roland Schulz       
     Tatiana Shugaeva          Alexey Shvetsov            Philip Turner       
     Alessandra Villa      Sebastian Wingbermuehle  

                         Previous GROMACS contributors:
        Emile Apol             Rossen Apostolov           James Barnett       
        Paul Bauer          Herman J.C. Berendsen          Par Bjelkmar       
      Christian Blau          Viacheslav Bolnykh            Kevin Boyd        
    Aldert van Buuren          Carlo Camilloni           Rudi van Drunen      
      Anton Feenstra           Oliver Fleetwood            Vytas Gapsys       
       Gaurav Garg             Gerrit Groenhof            Bert de Groot       
      Anca Hamuraru           Vincent Hindriksen          Victor Holanda      
     Aleksei Iupinov          Christoph Junghans        Prashanth Kanduri     
   Dimitrios Karkoulis           Peter Kasson             Sebastian Kehl      
     Sebastian Keller             Jiri Kraus               Per Larsson        
      Viveca Lindahl            Erik Marklund           Pieter Meulenhoff     
      Teemu Murtola              Sander Pronk             Michael Shirts      
      Alfons Sijbers            Balint Soproni         David van der Spoel    
      Peter Tieleman            Carsten Uphoff             Jon Vincent        
     Teemu Virolainen         Christian Wennberg           Maarten Wolf       
      Artem Zhmurov       

                  Coordinated by the GROMACS project leaders:
                           Berk Hess and Erik Lindahl

GROMACS:      gmx mdrun, version 2024.3
Executable:   /users/cdohert4/gromacs-2024.3/bin/gmx
Data prefix:  /users/cdohert4/gromacs-2024.3
Working dir:  /oscar/home/cdohert4/Experimental Data/SOX2 Interaction with ES2 -- Test 4
Process ID:   2365038
Command line:
  gmx mdrun -v -deffnm md_0_10

GROMACS version:     2024.3
Precision:           mixed
Memory model:        64 bit
MPI library:         thread_mpi
OpenMP support:      enabled (GMX_OPENMP_MAX_THREADS = 128)
GPU support:         disabled
SIMD instructions:   AVX_512
CPU FFT library:     fftw-3.3.8-sse2-avx-avx2-avx2_128-avx512
GPU FFT library:     none
Multi-GPU FFT:       none
RDTSCP usage:        enabled
TNG support:         enabled
Hwloc support:       disabled
Tracing support:     disabled
C compiler:          /oscar/rt/9.2/software/0.20-generic/0.20.1/opt/spack/linux-rhel9-x86_64_v3/gcc-11.3.1/gcc-13.1.0-nvrtbp3ngdnok3fg22pzxxczitvtu7ge/bin/gcc GNU 13.1.0
C compiler flags:    -fexcess-precision=fast -funroll-all-loops -march=skylake-avx512 -Wno-missing-field-initializers -O3 -DNDEBUG
C++ compiler:        /oscar/rt/9.2/software/0.20-generic/0.20.1/opt/spack/linux-rhel9-x86_64_v3/gcc-11.3.1/gcc-13.1.0-nvrtbp3ngdnok3fg22pzxxczitvtu7ge/bin/g++ GNU 13.1.0
C++ compiler flags:  -fexcess-precision=fast -funroll-all-loops -march=skylake-avx512 -Wno-missing-field-initializers -Wno-cast-function-type-strict -fopenmp -O3 -DNDEBUG
BLAS library:        Internal
LAPACK library:      Internal


Running on 1 node with total 64 cores, 64 processing units
Hardware detected on host node2423.oscar.ccv.brown.edu:
  CPU info:
    Vendor: AMD
    Brand:  AMD EPYC 9684X 96-Core Processor               
    Family: 25   Model: 17   Stepping: 2
    Features: aes amd apic avx avx2 avx512f avx512cd avx512bw avx512vl avx512bf16 avx512secondFMA clfsh cmov cx8 cx16 f16c fma htt lahf misalignsse mmx msr nonstop_tsc pcid pclmuldq pdpe1gb popcnt pse rdrnd rdtscp sha sse2 sse3 sse4a sse4.1 sse4.2 ssse3
  Hardware topology: Basic
    Packages, cores, and logical processors:
    [indices refer to OS logical processors]
      Package  0: [  88] [  89] [  90] [  91] [  92] [  93] [  94] [  95]
      Package  1: [  96] [  97] [  98] [  99] [ 100] [ 101] [ 102] [ 103] [ 104] [ 105] [ 106] [ 107] [ 108] [ 109] [ 110] [ 111] [ 112] [ 113] [ 114] [ 115] [ 116] [ 117] [ 118] [ 119] [ 120] [ 121] [ 122] [ 123] [ 124] [ 125] [ 126] [ 127] [ 128] [ 129] [ 130] [ 131] [ 132] [ 133] [ 134] [ 135] [ 136] [ 137] [ 138] [ 139] [ 140] [ 141] [ 142] [ 143] [ 144] [ 145] [ 146] [ 147] [ 148] [ 149] [ 150] [ 151]
    CPU limit set by OS: -1   Recommended max number of threads: 64


++++ PLEASE READ AND CITE THE FOLLOWING REFERENCE ++++
M. J. Abraham, T. Murtola, R. Schulz, S. Páll, J. C. Smith, B. Hess, E.
Lindahl
GROMACS: High performance molecular simulations through multi-level
parallelism from laptops to supercomputers
SoftwareX 1 (2015) pp. 19-25
-------- -------- --- Thank You --- -------- --------


++++ PLEASE READ AND CITE THE FOLLOWING REFERENCE ++++
S. Páll, M. J. Abraham, C. Kutzner, B. Hess, E. Lindahl
Tackling Exascale Software Challenges in Molecular Dynamics Simulations with
GROMACS
In S. Markidis & E. Laure (Eds.), Solving Software Challenges for Exascale 8759 (2015) pp. 3-27
-------- -------- --- Thank You --- -------- --------


++++ PLEASE READ AND CITE THE FOLLOWING REFERENCE ++++
S. Pronk, S. Páll, R. Schulz, P. Larsson, P. Bjelkmar, R. Apostolov, M. R.
Shirts, J. C. Smith, P. M. Kasson, D. van der Spoel, B. Hess, and E. Lindahl
GROMACS 4.5: a high-throughput and highly parallel open source molecular
simulation toolkit
Bioinformatics 29 (2013) pp. 845-54
-------- -------- --- Thank You --- -------- --------


++++ PLEASE READ AND CITE THE FOLLOWING REFERENCE ++++
B. Hess and C. Kutzner and D. van der Spoel and E. Lindahl
GROMACS 4: Algorithms for highly efficient, load-balanced, and scalable
molecular simulation
J. Chem. Theory Comput. 4 (2008) pp. 435-447
-------- -------- --- Thank You --- -------- --------


++++ PLEASE READ AND CITE THE FOLLOWING REFERENCE ++++
D. van der Spoel, E. Lindahl, B. Hess, G. Groenhof, A. E. Mark and H. J. C.
Berendsen
GROMACS: Fast, Flexible and Free
J. Comp. Chem. 26 (2005) pp. 1701-1719
-------- -------- --- Thank You --- -------- --------


++++ PLEASE READ AND CITE THE FOLLOWING REFERENCE ++++
E. Lindahl and B. Hess and D. van der Spoel
GROMACS 3.0: A package for molecular simulation and trajectory analysis
J. Mol. Mod. 7 (2001) pp. 306-317
-------- -------- --- Thank You --- -------- --------


++++ PLEASE READ AND CITE THE FOLLOWING REFERENCE ++++
H. J. C. Berendsen, D. van der Spoel and R. van Drunen
GROMACS: A message-passing parallel molecular dynamics implementation
Comp. Phys. Comm. 91 (1995) pp. 43-56
-------- -------- --- Thank You --- -------- --------


++++ PLEASE CITE THE DOI FOR THIS VERSION OF GROMACS ++++
https://doi.org/10.5281/zenodo.13456374
-------- -------- --- Thank You --- -------- --------

Input Parameters:
   integrator                     = md
   tinit                          = 0
   dt                             = 0.002
   nsteps                         = 500000
   init-step                      = 0
   simulation-part                = 1
   mts                            = false
   mass-repartition-factor        = 1
   comm-mode                      = Linear
   nstcomm                        = 100
   bd-fric                        = 0
   ld-seed                        = -8388639
   emtol                          = 10
   emstep                         = 0.01
   niter                          = 20
   fcstep                         = 0
   nstcgsteep                     = 1000
   nbfgscorr                      = 10
   rtpi                           = 0.05
   nstxout                        = 0
   nstvout                        = 0
   nstfout                        = 0
   nstlog                         = 5000
   nstcalcenergy                  = 100
   nstenergy                      = 5000
   nstxout-compressed             = 5000
   compressed-x-precision         = 1000
   cutoff-scheme                  = Verlet
   nstlist                        = 10
   pbc                            = xyz
   periodic-molecules             = false
   verlet-buffer-tolerance        = 0.005
   verlet-buffer-pressure-tolerance = 0.5
   rlist                          = 1
   coulombtype                    = PME
   coulomb-modifier               = Potential-shift
   rcoulomb-switch                = 0
   rcoulomb                       = 1
   epsilon-r                      = 1
   epsilon-rf                     = inf
   vdw-type                       = Cut-off
   vdw-modifier                   = Potential-shift
   rvdw-switch                    = 0
   rvdw                           = 1
   DispCorr                       = EnerPres
   table-extension                = 1
   fourierspacing                 = 0.16
   fourier-nx                     = 192
   fourier-ny                     = 192
   fourier-nz                     = 192
   pme-order                      = 4
   ewald-rtol                     = 1e-05
   ewald-rtol-lj                  = 0.001
   lj-pme-comb-rule               = Geometric
   ewald-geometry                 = 3d
   epsilon-surface                = 0
   ensemble-temperature-setting   = constant
   ensemble-temperature           = 10
   tcoupl                         = V-rescale
   nsttcouple                     = 10
   nh-chain-length                = 0
   print-nose-hoover-chain-variables = false
   pcoupl                         = Parrinello-Rahman
   pcoupltype                     = Isotropic
   nstpcouple                     = 50
   tau-p                          = 2
   compressibility (3x3):
      compressibility[    0]={ 4.50000e-05,  0.00000e+00,  0.00000e+00}
      compressibility[    1]={ 0.00000e+00,  4.50000e-05,  0.00000e+00}
      compressibility[    2]={ 0.00000e+00,  0.00000e+00,  4.50000e-05}
   ref-p (3x3):
      ref-p[    0]={ 1.00000e+00,  0.00000e+00,  0.00000e+00}
      ref-p[    1]={ 0.00000e+00,  1.00000e+00,  0.00000e+00}
      ref-p[    2]={ 0.00000e+00,  0.00000e+00,  1.00000e+00}
   refcoord-scaling               = No
   posres-com (3):
      posres-com[0]= 0.00000e+00
      posres-com[1]= 0.00000e+00
      posres-com[2]= 0.00000e+00
   posres-comB (3):
      posres-comB[0]= 0.00000e+00
      posres-comB[1]= 0.00000e+00
      posres-comB[2]= 0.00000e+00
   QMMM                           = false
qm-opts:
   ngQM                           = 0
   constraint-algorithm           = Lincs
   continuation                   = true
   Shake-SOR                      = false
   shake-tol                      = 0.0001
   lincs-order                    = 4
   lincs-iter                     = 1
   lincs-warnangle                = 30
   nwall                          = 0
   wall-type                      = 9-3
   wall-r-linpot                  = -1
   wall-atomtype[0]               = -1
   wall-atomtype[1]               = -1
   wall-density[0]                = 0
   wall-density[1]                = 0
   wall-ewald-zfac                = 3
   pull                           = false
   awh                            = false
   rotation                       = false
   interactiveMD                  = false
   disre                          = No
   disre-weighting                = Conservative
   disre-mixed                    = false
   dr-fc                          = 1000
   dr-tau                         = 0
   nstdisreout                    = 100
   orire-fc                       = 0
   orire-tau                      = 0
   nstorireout                    = 100
   free-energy                    = no
   cos-acceleration               = 0
   deform (3x3):
      deform[    0]={ 0.00000e+00,  0.00000e+00,  0.00000e+00}
      deform[    1]={ 0.00000e+00,  0.00000e+00,  0.00000e+00}
      deform[    2]={ 0.00000e+00,  0.00000e+00,  0.00000e+00}
   simulated-tempering            = false
   swapcoords                     = no
   userint1                       = 0
   userint2                       = 0
   userint3                       = 0
   userint4                       = 0
   userreal1                      = 0
   userreal2                      = 0
   userreal3                      = 0
   userreal4                      = 0
   applied-forces:
     electric-field:
       x:
         E0                       = 0
         omega                    = 0
         t0                       = 0
         sigma                    = 0
       y:
         E0                       = 0
         omega                    = 0
         t0                       = 0
         sigma                    = 0
       z:
         E0                       = 0
         omega                    = 0
         t0                       = 0
         sigma                    = 0
     density-guided-simulation:
       active                     = false
       group                      = protein
       similarity-measure         = inner-product
       atom-spreading-weight      = unity
       force-constant             = 1e+09
       gaussian-transform-spreading-width = 0.2
       gaussian-transform-spreading-range-in-multiples-of-width = 4
       reference-density-filename = reference.mrc
       nst                        = 1
       normalize-densities        = true
       adaptive-force-scaling     = false
       adaptive-force-scaling-time-constant = 4
       shift-vector               = 
       transformation-matrix      = 
     qmmm-cp2k:
       active                     = false
       qmgroup                    = System
       qmmethod                   = PBE
       qmfilenames                = 
       qmcharge                   = 0
       qmmultiplicity             = 1
     colvars:
       active                     = false
       configfile                 = 
       seed                       = -1
grpopts:
   nrdf:        3684  3.28202e+06
   ref-t:          10          10
   tau-t:         0.1         0.1
annealing:          No          No
annealing-npoints:           0           0
   acc:	           0           0           0
   nfreeze:           N           N           N
   energygrp-flags[  0]: 0

Changing nstlist from 10 to 100, rlist from 1 to 1.011


Initializing Domain Decomposition on 64 ranks
Dynamic load balancing: auto
Using update groups, nr 550374, average size 3.0 atoms, max. radius 0.103 nm
Minimum cell size due to atom displacement: 0.241 nm
Initial maximum distances in bonded interactions:
    two-body bonded interactions: 0.424 nm, LJ-14, atoms 461 469
  multi-body bonded interactions: 0.424 nm, Proper Dih., atoms 461 469
Minimum cell size due to bonded interactions: 0.466 nm
Scaling the initial minimum size with 1/0.8 (option -dds) = 1.25
Guess for relative PME load: 0.31
Will use 40 particle-particle and 24 PME only ranks
This is a guess, check the performance at the end of the log file
Using 24 separate PME ranks, as guessed by mdrun
Optimizing the DD grid for 40 cells with a minimum initial size of 0.582 nm
The maximum allowed number of cells is: X 39 Y 39 Z 34
Domain decomposition grid 5 x 4 x 2, separate PME ranks 24
PME domain decomposition: 24 x 1 x 1
Interleaving PP and PME ranks
This rank does only particle-particle work.
Domain decomposition rank 0, coordinates 0 0 0

The initial number of communication pulses is: X 1 Y 1 Z 1
The initial domain decomposition cell size is: X 4.58 nm Y 5.72 nm Z 9.91 nm

The maximum allowed distance for atom groups involved in interactions is:
                 non-bonded interactions           1.217 nm
(the following are initial values, they could change due to box deformation)
            two-body bonded interactions  (-rdd)   1.217 nm
          multi-body bonded interactions  (-rdd)   1.217 nm

When dynamic load balancing gets turned on, these settings will change to:
The maximum number of communication pulses is: X 1 Y 1 Z 1
The minimum size for domain decomposition cells is 1.217 nm
The requested allowed shrink of DD cells (option -dds) is: 0.80
The allowed shrink of domain decomposition cells is: X 0.27 Y 0.21 Z 0.12
The maximum allowed distance for atom groups involved in interactions is:
                 non-bonded interactions           1.217 nm
            two-body bonded interactions  (-rdd)   1.217 nm
          multi-body bonded interactions  (-rdd)   1.217 nm

Using 64 MPI threads

Non-default thread affinity set, disabling internal thread affinity

Using 1 OpenMP thread per tMPI thread

System total charge: -0.000
Will do PME sum in reciprocal space for electrostatic interactions.

++++ PLEASE READ AND CITE THE FOLLOWING REFERENCE ++++
U. Essmann, L. Perera, M. L. Berkowitz, T. Darden, H. Lee and L. G. Pedersen 
A smooth particle mesh Ewald method
J. Chem. Phys. 103 (1995) pp. 8577-8592
-------- -------- --- Thank You --- -------- --------

Using a Gaussian width (1/beta) of 0.320163 nm for Ewald
Potential shift: LJ r^-12: -1.000e+00 r^-6: -1.000e+00, Ewald -1.000e-05
Initialized non-bonded Coulomb Ewald tables, spacing: 9.33e-04 size: 1073

Generated table with 1005 data points for 1-4 COUL.
Tabscale = 500 points/nm
Generated table with 1005 data points for 1-4 LJ6.
Tabscale = 500 points/nm
Generated table with 1005 data points for 1-4 LJ12.
Tabscale = 500 points/nm
Long Range LJ corr.: <C6> 2.8180e-04


Using SIMD2xMM 4x8 nonbonded short-range kernels

Using a 4x8 pair-list setup:
  updated every 100 steps, buffer 0.011 nm, rlist 1.011 nm
At tolerance 0.005 kJ/mol/ps per atom, equivalent classical 1x1 list would be:
  updated every 100 steps, buffer 0.050 nm, rlist 1.050 nm

The average pressure is off by at most 0.24 bar due to missing LJ interactions

Using Lorentz-Berthelot Lennard-Jones combination rule

Linking all bonded interactions to atoms


Initializing LINear Constraint Solver

++++ PLEASE READ AND CITE THE FOLLOWING REFERENCE ++++
B. Hess and H. Bekker and H. J. C. Berendsen and J. G. E. M. Fraaije
LINCS: A Linear Constraint Solver for molecular simulations
J. Comp. Chem. 18 (1997) pp. 1463-1472
-------- -------- --- Thank You --- -------- --------

The number of constraints is 4549

++++ PLEASE READ AND CITE THE FOLLOWING REFERENCE ++++
S. Miyamoto and P. A. Kollman
SETTLE: An Analytical Version of the SHAKE and RATTLE Algorithms for Rigid
Water Models
J. Comp. Chem. 13 (1992) pp. 952-962
-------- -------- --- Thank You --- -------- --------


Intra-simulation communication will occur every 10 steps.

++++ PLEASE READ AND CITE THE FOLLOWING REFERENCE ++++
G. Bussi, D. Donadio and M. Parrinello
Canonical sampling through velocity rescaling
J. Chem. Phys. 126 (2007) pp. 014101
-------- -------- --- Thank You --- -------- --------

There are: 1638583 Atoms
Atom distribution over 40 domains: av 40964 stddev 289 min 40612 max 41332
Center of mass motion removal mode is Linear
We have the following groups for center of mass motion removal:
  0:  rest

Started mdrun on rank 0 Sun Nov 30 01:53:24 2025

           Step           Time
              0        0.00000

   Energies (kJ/mol)
           Bond          Angle    Proper Dih. Per. Imp. Dih.          LJ-14
    2.97707e+03    1.00304e+04    3.66390e+04    2.01616e+02    1.35753e+04
     Coulomb-14        LJ (SR)  Disper. corr.   Coulomb (SR)   Coul. recip.
   -1.40727e+05    6.03528e+06   -2.03094e+05   -3.40136e+07    5.15627e+04
      Potential    Kinetic En.   Total Energy  Conserved En.    Temperature
   -2.82072e+07    1.36716e+05   -2.80705e+07   -2.80695e+07    1.00089e+01
 Pres. DC (bar) Pressure (bar)   Constr. rmsd
   -2.16605e+02   -4.52888e+01    5.29610e-06


DD  step 99 load imb.: force 13.7%  pme mesh/force 0.771

DD  step 4999 load imb.: force 19.2%  pme mesh/force 0.513
           Step           Time
           5000       10.00000

   Energies (kJ/mol)
           Bond          Angle    Proper Dih. Per. Imp. Dih.          LJ-14
    3.00551e+03    9.99009e+03    3.65495e+04    1.94885e+02    1.37220e+04
     Coulomb-14        LJ (SR)  Disper. corr.   Coulomb (SR)   Coul. recip.
   -1.41023e+05    6.04596e+06   -2.03257e+05   -3.40263e+07    5.14356e+04
      Potential    Kinetic En.   Total Energy  Conserved En.    Temperature
   -2.82098e+07    1.36543e+05   -2.80732e+07   -2.80692e+07    9.99626e+00
 Pres. DC (bar) Pressure (bar)   Constr. rmsd
   -2.16954e+02    1.36573e+01    5.28852e-06


DD  step 9999 load imb.: force 18.2%  pme mesh/force 0.519

step 10000 Turning on dynamic load balancing, because the performance loss due to load imbalance is 14.5 %.
           Step           Time
          10000       20.00000

   Energies (kJ/mol)
           Bond          Angle    Proper Dih. Per. Imp. Dih.          LJ-14
    2.94543e+03    1.00753e+04    3.65232e+04    1.87495e+02    1.36897e+04
     Coulomb-14        LJ (SR)  Disper. corr.   Coulomb (SR)   Coul. recip.
   -1.41107e+05    6.04342e+06   -2.03259e+05   -3.40238e+07    5.14661e+04
      Potential    Kinetic En.   Total Energy  Conserved En.    Temperature
   -2.82099e+07    1.36402e+05   -2.80735e+07   -2.80690e+07    9.98588e+00
 Pres. DC (bar) Pressure (bar)   Constr. rmsd
   -2.16957e+02    2.66301e+00    5.22606e-06


DD  step 14999  vol min/aver 0.829  load imb.: force  1.3%  pme mesh/force 0.609
           Step           Time
          15000       30.00000

   Energies (kJ/mol)
           Bond          Angle    Proper Dih. Per. Imp. Dih.          LJ-14
    2.95243e+03    9.99417e+03    3.65383e+04    1.96081e+02    1.36951e+04
     Coulomb-14        LJ (SR)  Disper. corr.   Coulomb (SR)   Coul. recip.
   -1.41078e+05    6.03943e+06   -2.03189e+05   -3.40198e+07    5.14640e+04
      Potential    Kinetic En.   Total Energy  Conserved En.    Temperature
   -2.82098e+07    1.36458e+05   -2.80733e+07   -2.80688e+07    9.98999e+00
 Pres. DC (bar) Pressure (bar)   Constr. rmsd
   -2.16809e+02   -1.69829e+01    5.24925e-06


DD  step 19999  vol min/aver 0.822  load imb.: force  1.9%  pme mesh/force 0.609
           Step           Time
          20000       40.00000

   Energies (kJ/mol)
           Bond          Angle    Proper Dih. Per. Imp. Dih.          LJ-14
    2.92481e+03    1.00418e+04    3.65038e+04    1.86965e+02    1.36915e+04
     Coulomb-14        LJ (SR)  Disper. corr.   Coulomb (SR)   Coul. recip.
   -1.41084e+05    6.04028e+06   -2.03195e+05   -3.40209e+07    5.14689e+04
      Potential    Kinetic En.   Total Energy  Conserved En.    Temperature
   -2.82101e+07    1.36499e+05   -2.80736e+07   -2.80686e+07    9.99304e+00
 Pres. DC (bar) Pressure (bar)   Constr. rmsd
   -2.16820e+02   -1.35076e+01    5.31142e-06


DD  step 24999  vol min/aver 0.819  load imb.: force  1.4%  pme mesh/force 0.603
           Step           Time
          25000       50.00000

   Energies (kJ/mol)
           Bond          Angle    Proper Dih. Per. Imp. Dih.          LJ-14
    2.95137e+03    1.00073e+04    3.65115e+04    2.00204e+02    1.37218e+04
     Coulomb-14        LJ (SR)  Disper. corr.   Coulomb (SR)   Coul. recip.
   -1.41033e+05    6.04759e+06   -2.03284e+05   -3.40284e+07    5.14600e+04
      Potential    Kinetic En.   Total Energy  Conserved En.    Temperature
   -2.82103e+07    1.36842e+05   -2.80735e+07   -2.80683e+07    1.00181e+01
 Pres. DC (bar) Pressure (bar)   Constr. rmsd
   -2.17011e+02    1.92966e+01    5.47542e-06


DD  step 29999  vol min/aver 0.819  load imb.: force  1.1%  pme mesh/force 0.599
           Step           Time
          30000       60.00000

   Energies (kJ/mol)
           Bond          Angle    Proper Dih. Per. Imp. Dih.          LJ-14
    2.94249e+03    1.00042e+04    3.65749e+04    1.94638e+02    1.37409e+04
     Coulomb-14        LJ (SR)  Disper. corr.   Coulomb (SR)   Coul. recip.
   -1.41066e+05    6.04329e+06   -2.03244e+05   -3.40242e+07    5.15208e+04
      Potential    Kinetic En.   Total Energy  Conserved En.    Temperature
   -2.82103e+07    1.36547e+05   -2.80737e+07   -2.80681e+07    9.99650e+00
 Pres. DC (bar) Pressure (bar)   Constr. rmsd
   -2.16924e+02    2.57902e+00    5.33486e-06


DD  step 34999  vol min/aver 0.820  load imb.: force  0.7%  pme mesh/force 0.601
           Step           Time
          35000       70.00000

   Energies (kJ/mol)
           Bond          Angle    Proper Dih. Per. Imp. Dih.          LJ-14
    2.97978e+03    9.97306e+03    3.65219e+04    1.88131e+02    1.36705e+04
     Coulomb-14        LJ (SR)  Disper. corr.   Coulomb (SR)   Coul. recip.
   -1.41030e+05    6.03966e+06   -2.03167e+05   -3.40206e+07    5.14489e+04
      Potential    Kinetic En.   Total Energy  Conserved En.    Temperature
   -2.82104e+07    1.36624e+05   -2.80738e+07   -2.80679e+07    1.00022e+01
 Pres. DC (bar) Pressure (bar)   Constr. rmsd
   -2.16761e+02   -2.08102e+01    5.31647e-06

Writing checkpoint, step 36600 at Sun Nov 30 02:08:25 2025



DD  step 39999  vol min/aver 0.816  load imb.: force  1.7%  pme mesh/force 0.587
           Step           Time
          40000       80.00000

   Energies (kJ/mol)
           Bond          Angle    Proper Dih. Per. Imp. Dih.          LJ-14
    2.95641e+03    1.00241e+04    3.65246e+04    1.89404e+02    1.37159e+04
     Coulomb-14        LJ (SR)  Disper. corr.   Coulomb (SR)   Coul. recip.
   -1.41014e+05    6.03379e+06   -2.03076e+05   -3.40153e+07    5.15451e+04
      Potential    Kinetic En.   Total Energy  Conserved En.    Temperature
   -2.82106e+07    1.36467e+05   -2.80741e+07   -2.80674e+07    9.99070e+00
 Pres. DC (bar) Pressure (bar)   Constr. rmsd
   -2.16566e+02   -4.62303e+01    5.37445e-06


DD  step 44999  vol min/aver 0.820  load imb.: force  0.8%  pme mesh/force 0.600
           Step           Time
          45000       90.00000

   Energies (kJ/mol)
           Bond          Angle    Proper Dih. Per. Imp. Dih.          LJ-14
    2.95847e+03    1.00138e+04    3.65235e+04    1.99796e+02    1.36894e+04
     Coulomb-14        LJ (SR)  Disper. corr.   Coulomb (SR)   Coul. recip.
   -1.41097e+05    6.03826e+06   -2.03156e+05   -3.40194e+07    5.15071e+04
      Potential    Kinetic En.   Total Energy  Conserved En.    Temperature
   -2.82105e+07    1.36684e+05   -2.80738e+07   -2.80669e+07    1.00065e+01
 Pres. DC (bar) Pressure (bar)   Constr. rmsd
   -2.16739e+02   -2.46167e+01    5.38102e-06


DD  step 49999  vol min/aver 0.826  load imb.: force  1.0%  pme mesh/force 0.611
           Step           Time
          50000      100.00000

   Energies (kJ/mol)
           Bond          Angle    Proper Dih. Per. Imp. Dih.          LJ-14
    2.94200e+03    1.00332e+04    3.65282e+04    1.90513e+02    1.36893e+04
     Coulomb-14        LJ (SR)  Disper. corr.   Coulomb (SR)   Coul. recip.
   -1.40988e+05    6.05309e+06   -2.03359e+05   -3.40344e+07    5.14069e+04
      Potential    Kinetic En.   Total Energy  Conserved En.    Temperature
   -2.82109e+07    1.36690e+05   -2.80742e+07   -2.80660e+07    1.00070e+01
 Pres. DC (bar) Pressure (bar)   Constr. rmsd
   -2.17171e+02    4.25344e+01    5.36128e-06


DD  step 54999  vol min/aver 0.829  load imb.: force  0.9%  pme mesh/force 0.608
           Step           Time
          55000      110.00000

   Energies (kJ/mol)
           Bond          Angle    Proper Dih. Per. Imp. Dih.          LJ-14
    2.99951e+03    9.97729e+03    3.65274e+04    1.92448e+02    1.37140e+04
     Coulomb-14        LJ (SR)  Disper. corr.   Coulomb (SR)   Coul. recip.
   -1.40994e+05    6.05176e+06   -2.03354e+05   -3.40330e+07    5.13994e+04
      Potential    Kinetic En.   Total Energy  Conserved En.    Temperature
   -2.82108e+07    1.36496e+05   -2.80743e+07   -2.80656e+07    9.99279e+00
 Pres. DC (bar) Pressure (bar)   Constr. rmsd
   -2.17159e+02    3.91591e+01    5.29312e-06


DD  step 59999  vol min/aver 0.831  load imb.: force  1.0%  pme mesh/force 0.611
           Step           Time
          60000      120.00000

   Energies (kJ/mol)
           Bond          Angle    Proper Dih. Per. Imp. Dih.          LJ-14
    2.94194e+03    9.98592e+03    3.65236e+04    1.92106e+02    1.37038e+04
     Coulomb-14        LJ (SR)  Disper. corr.   Coulomb (SR)   Coul. recip.
   -1.41020e+05    6.04357e+06   -2.03250e+05   -3.40249e+07    5.14408e+04
      Potential    Kinetic En.   Total Energy  Conserved En.    Temperature
   -2.82108e+07    1.36630e+05   -2.80742e+07   -2.80652e+07    1.00026e+01
 Pres. DC (bar) Pressure (bar)   Constr. rmsd
   -2.16938e+02    9.51923e-01    5.37397e-06


DD  step 64999  vol min/aver 0.827  load imb.: force  1.0%  pme mesh/force 0.599
           Step           Time
          65000      130.00000

   Energies (kJ/mol)
           Bond          Angle    Proper Dih. Per. Imp. Dih.          LJ-14
    2.95730e+03    1.00538e+04    3.64875e+04    1.90643e+02    1.37083e+04
     Coulomb-14        LJ (SR)  Disper. corr.   Coulomb (SR)   Coul. recip.
   -1.41072e+05    6.04298e+06   -2.03249e+05   -3.40246e+07    5.14833e+04
      Potential    Kinetic En.   Total Energy  Conserved En.    Temperature
   -2.82110e+07    1.36647e+05   -2.80744e+07   -2.80650e+07    1.00039e+01
 Pres. DC (bar) Pressure (bar)   Constr. rmsd
   -2.16936e+02   -1.45483e+00    5.23990e-06


DD  step 69999  vol min/aver 0.837  load imb.: force  0.9%  pme mesh/force 0.605
           Step           Time
          70000      140.00000

   Energies (kJ/mol)
           Bond          Angle    Proper Dih. Per. Imp. Dih.          LJ-14
    3.01011e+03    9.99657e+03    3.65468e+04    1.99047e+02    1.37157e+04
     Coulomb-14        LJ (SR)  Disper. corr.   Coulomb (SR)   Coul. recip.
   -1.40995e+05    6.04561e+06   -2.03244e+05   -3.40274e+07    5.14911e+04
      Potential    Kinetic En.   Total Energy  Conserved En.    Temperature
   -2.82111e+07    1.36677e+05   -2.80744e+07   -2.80648e+07    1.00060e+01
 Pres. DC (bar) Pressure (bar)   Constr. rmsd
   -2.16925e+02    6.36965e+00    5.42908e-06


DD  step 74999  vol min/aver 0.839  load imb.: force  0.5%  pme mesh/force 0.609
           Step           Time
          75000      150.00000

   Energies (kJ/mol)
           Bond          Angle    Proper Dih. Per. Imp. Dih.          LJ-14
    2.96749e+03    1.00666e+04    3.65320e+04    1.93779e+02    1.36853e+04
     Coulomb-14        LJ (SR)  Disper. corr.   Coulomb (SR)   Coul. recip.
   -1.40980e+05    6.04598e+06   -2.03268e+05   -3.40277e+07    5.14292e+04
      Potential    Kinetic En.   Total Energy  Conserved En.    Temperature
   -2.82111e+07    1.36555e+05   -2.80746e+07   -2.80646e+07    9.99708e+00
 Pres. DC (bar) Pressure (bar)   Constr. rmsd
   -2.16977e+02    9.12378e+00    5.37895e-06

Writing checkpoint, step 75700 at Sun Nov 30 02:23:26 2025



DD  step 79999  vol min/aver 0.836  load imb.: force  1.0%  pme mesh/force 0.600
           Step           Time
          80000      160.00000

   Energies (kJ/mol)
           Bond          Angle    Proper Dih. Per. Imp. Dih.          LJ-14
    2.99809e+03    1.00565e+04    3.65216e+04    1.93123e+02    1.37031e+04
     Coulomb-14        LJ (SR)  Disper. corr.   Coulomb (SR)   Coul. recip.
   -1.41134e+05    6.04688e+06   -2.03304e+05   -3.40285e+07    5.14754e+04
      Potential    Kinetic En.   Total Energy  Conserved En.    Temperature
   -2.82111e+07    1.36854e+05   -2.80742e+07   -2.80644e+07    1.00190e+01
 Pres. DC (bar) Pressure (bar)   Constr. rmsd
   -2.17054e+02    1.61275e+01    5.34558e-06


DD  step 84999  vol min/aver 0.839  load imb.: force  0.9%  pme mesh/force 0.611
           Step           Time
          85000      170.00000

   Energies (kJ/mol)
           Bond          Angle    Proper Dih. Per. Imp. Dih.          LJ-14
    3.03123e+03    1.00310e+04    3.65303e+04    1.96515e+02    1.37070e+04
     Coulomb-14        LJ (SR)  Disper. corr.   Coulomb (SR)   Coul. recip.
   -1.41047e+05    6.04781e+06   -2.03313e+05   -3.40298e+07    5.14119e+04
      Potential    Kinetic En.   Total Energy  Conserved En.    Temperature
   -2.82115e+07    1.36591e+05   -2.80749e+07   -2.80641e+07    9.99971e+00
 Pres. DC (bar) Pressure (bar)   Constr. rmsd
   -2.17074e+02    1.87759e+01    5.40807e-06


DD  step 89999  vol min/aver 0.836  load imb.: force  1.3%  pme mesh/force 0.605
           Step           Time
          90000      180.00000

   Energies (kJ/mol)
           Bond          Angle    Proper Dih. Per. Imp. Dih.          LJ-14
    2.97472e+03    1.00326e+04    3.65065e+04    1.92824e+02    1.37132e+04
     Coulomb-14        LJ (SR)  Disper. corr.   Coulomb (SR)   Coul. recip.
   -1.40968e+05    6.04398e+06   -2.03241e+05   -3.40261e+07    5.13759e+04
      Potential    Kinetic En.   Total Energy  Conserved En.    Temperature
   -2.82115e+07    1.36685e+05   -2.80748e+07   -2.80637e+07    1.00066e+01
 Pres. DC (bar) Pressure (bar)   Constr. rmsd
   -2.16918e+02    9.28588e-01    5.41422e-06


DD  step 94999  vol min/aver 0.839  load imb.: force  2.0%  pme mesh/force 0.600
           Step           Time
          95000      190.00000

   Energies (kJ/mol)
           Bond          Angle    Proper Dih. Per. Imp. Dih.          LJ-14
    2.97044e+03    1.00542e+04    3.65115e+04    1.92035e+02    1.36925e+04
     Coulomb-14        LJ (SR)  Disper. corr.   Coulomb (SR)   Coul. recip.
   -1.41014e+05    6.04036e+06   -2.03184e+05   -3.40223e+07    5.14113e+04
      Potential    Kinetic En.   Total Energy  Conserved En.    Temperature
   -2.82113e+07    1.36631e+05   -2.80747e+07   -2.80633e+07    1.00027e+01
 Pres. DC (bar) Pressure (bar)   Constr. rmsd
   -2.16798e+02   -1.67675e+01    5.42023e-06


DD  step 99999  vol min/aver 0.846  load imb.: force  5.0%  pme mesh/force 0.587
           Step           Time
         100000      200.00000

   Energies (kJ/mol)
           Bond          Angle    Proper Dih. Per. Imp. Dih.          LJ-14
    3.04894e+03    1.00952e+04    3.65330e+04    1.92765e+02    1.36941e+04
     Coulomb-14        LJ (SR)  Disper. corr.   Coulomb (SR)   Coul. recip.
   -1.41054e+05    6.03950e+06   -2.03205e+05   -3.40217e+07    5.14460e+04
      Potential    Kinetic En.   Total Energy  Conserved En.    Temperature
   -2.82114e+07    1.36696e+05   -2.80747e+07   -2.80630e+07    1.00075e+01
 Pres. DC (bar) Pressure (bar)   Constr. rmsd
   -2.16842e+02   -1.80376e+01    5.33941e-06


DD  step 104999  vol min/aver 0.828  load imb.: force  3.2%  pme mesh/force 0.600
           Step           Time
         105000      210.00000

   Energies (kJ/mol)
           Bond          Angle    Proper Dih. Per. Imp. Dih.          LJ-14
    2.97639e+03    9.99268e+03    3.65100e+04    1.89030e+02    1.37107e+04
     Coulomb-14        LJ (SR)  Disper. corr.   Coulomb (SR)   Coul. recip.
   -1.40992e+05    6.04287e+06   -2.03234e+05   -3.40249e+07    5.14146e+04
      Potential    Kinetic En.   Total Energy  Conserved En.    Temperature
   -2.82115e+07    1.36688e+05   -2.80748e+07   -2.80628e+07    1.00069e+01
 Pres. DC (bar) Pressure (bar)   Constr. rmsd
   -2.16904e+02   -2.50774e+00    5.38529e-06


DD  step 109999  vol min/aver 0.819  load imb.: force  1.5%  pme mesh/force 0.585
           Step           Time
         110000      220.00000

   Energies (kJ/mol)
           Bond          Angle    Proper Dih. Per. Imp. Dih.          LJ-14
    3.01971e+03    1.00570e+04    3.65222e+04    1.90651e+02    1.37059e+04
     Coulomb-14        LJ (SR)  Disper. corr.   Coulomb (SR)   Coul. recip.
   -1.41047e+05    6.04194e+06   -2.03234e+05   -3.40243e+07    5.14263e+04
      Potential    Kinetic En.   Total Energy  Conserved En.    Temperature
   -2.82117e+07    1.36494e+05   -2.80752e+07   -2.80626e+07    9.99264e+00
 Pres. DC (bar) Pressure (bar)   Constr. rmsd
   -2.16905e+02   -7.42836e+00    5.45694e-06

Writing checkpoint, step 114700 at Sun Nov 30 02:38:27 2025



DD  step 114999  vol min/aver 0.820  load imb.: force  2.8%  pme mesh/force 0.580
           Step           Time
         115000      230.00000

   Energies (kJ/mol)
           Bond          Angle    Proper Dih. Per. Imp. Dih.          LJ-14
    3.02649e+03    1.00578e+04    3.65276e+04    1.92468e+02    1.36982e+04
     Coulomb-14        LJ (SR)  Disper. corr.   Coulomb (SR)   Coul. recip.
   -1.41100e+05    6.04357e+06   -2.03245e+05   -3.40260e+07    5.13955e+04
      Potential    Kinetic En.   Total Energy  Conserved En.    Temperature
   -2.82119e+07    1.36457e+05   -2.80754e+07   -2.80624e+07    9.98992e+00
 Pres. DC (bar) Pressure (bar)   Constr. rmsd
   -2.16928e+02   -7.15929e-01    5.32325e-06


DD  step 119999  vol min/aver 0.819  load imb.: force  0.8%  pme mesh/force 0.588
           Step           Time
         120000      240.00000

   Energies (kJ/mol)
           Bond          Angle    Proper Dih. Per. Imp. Dih.          LJ-14
    2.96001e+03    1.00331e+04    3.65267e+04    1.89656e+02    1.37199e+04
     Coulomb-14        LJ (SR)  Disper. corr.   Coulomb (SR)   Coul. recip.
   -1.41023e+05    6.04194e+06   -2.03225e+05   -3.40244e+07    5.14151e+04
      Potential    Kinetic En.   Total Energy  Conserved En.    Temperature
   -2.82119e+07    1.36381e+05   -2.80755e+07   -2.80622e+07    9.98439e+00
 Pres. DC (bar) Pressure (bar)   Constr. rmsd
   -2.16884e+02   -7.01556e+00    5.34993e-06


DD  step 124999  vol min/aver 0.807  load imb.: force  1.4%  pme mesh/force 0.608
           Step           Time
         125000      250.00000

   Energies (kJ/mol)
           Bond          Angle    Proper Dih. Per. Imp. Dih.          LJ-14
    3.00653e+03    1.00841e+04    3.65268e+04    1.96009e+02    1.37028e+04
     Coulomb-14        LJ (SR)  Disper. corr.   Coulomb (SR)   Coul. recip.
   -1.40986e+05    6.04262e+06   -2.03245e+05   -3.40251e+07    5.14123e+04
      Potential    Kinetic En.   Total Energy  Conserved En.    Temperature
   -2.82118e+07    1.36530e+05   -2.80752e+07   -2.80619e+07    9.99531e+00
 Pres. DC (bar) Pressure (bar)   Constr. rmsd
   -2.16927e+02   -3.56618e+00    5.40851e-06


DD  step 129999  vol min/aver 0.815  load imb.: force  1.0%  pme mesh/force 0.604
           Step           Time
         130000      260.00000

   Energies (kJ/mol)
           Bond          Angle    Proper Dih. Per. Imp. Dih.          LJ-14
    3.01904e+03    1.00641e+04    3.65140e+04    1.88341e+02    1.37267e+04
     Coulomb-14        LJ (SR)  Disper. corr.   Coulomb (SR)   Coul. recip.
   -1.41077e+05    6.04280e+06   -2.03239e+05   -3.40252e+07    5.14075e+04
      Potential    Kinetic En.   Total Energy  Conserved En.    Temperature
   -2.82118e+07    1.36685e+05   -2.80751e+07   -2.80617e+07    1.00066e+01
 Pres. DC (bar) Pressure (bar)   Constr. rmsd
   -2.16914e+02   -4.64814e+00    5.45873e-06


DD  step 134999  vol min/aver 0.815  load imb.: force  1.2%  pme mesh/force 0.606
           Step           Time
         135000      270.00000

   Energies (kJ/mol)
           Bond          Angle    Proper Dih. Per. Imp. Dih.          LJ-14
    2.99193e+03    1.01093e+04    3.65298e+04    1.96346e+02    1.36948e+04
     Coulomb-14        LJ (SR)  Disper. corr.   Coulomb (SR)   Coul. recip.
   -1.41086e+05    6.04568e+06   -2.03280e+05   -3.40284e+07    5.14165e+04
      Potential    Kinetic En.   Total Energy  Conserved En.    Temperature
   -2.82121e+07    1.36617e+05   -2.80755e+07   -2.80615e+07    1.00016e+01
 Pres. DC (bar) Pressure (bar)   Constr. rmsd
   -2.17002e+02    8.23515e+00    5.50780e-06


DD  step 139999  vol min/aver 0.819  load imb.: force  1.1%  pme mesh/force 0.587
           Step           Time
         140000      280.00000

   Energies (kJ/mol)
           Bond          Angle    Proper Dih. Per. Imp. Dih.          LJ-14
    3.04658e+03    1.00067e+04    3.65392e+04    1.94224e+02    1.36811e+04
     Coulomb-14        LJ (SR)  Disper. corr.   Coulomb (SR)   Coul. recip.
   -1.40984e+05    6.04622e+06   -2.03289e+05   -3.40288e+07    5.14294e+04
      Potential    Kinetic En.   Total Energy  Conserved En.    Temperature
   -2.82119e+07    1.36350e+05   -2.80756e+07   -2.80612e+07    9.98210e+00
 Pres. DC (bar) Pressure (bar)   Constr. rmsd
   -2.17022e+02    9.08234e+00    5.33196e-06


DD  step 144999  vol min/aver 0.819  load imb.: force  1.3%  pme mesh/force 0.604
           Step           Time
         145000      290.00000

   Energies (kJ/mol)
           Bond          Angle    Proper Dih. Per. Imp. Dih.          LJ-14
    3.01197e+03    1.00523e+04    3.65362e+04    1.92907e+02    1.36723e+04
     Coulomb-14        LJ (SR)  Disper. corr.   Coulomb (SR)   Coul. recip.
   -1.40996e+05    6.04695e+06   -2.03286e+05   -3.40297e+07    5.13735e+04
      Potential    Kinetic En.   Total Energy  Conserved En.    Temperature
   -2.82122e+07    1.37028e+05   -2.80751e+07   -2.80610e+07    1.00317e+01
 Pres. DC (bar) Pressure (bar)   Constr. rmsd
   -2.17014e+02    1.20671e+01    5.47173e-06


DD  step 149999  vol min/aver 0.825  load imb.: force  1.2%  pme mesh/force 0.593
           Step           Time
         150000      300.00000

   Energies (kJ/mol)
           Bond          Angle    Proper Dih. Per. Imp. Dih.          LJ-14
    3.01305e+03    1.00551e+04    3.65448e+04    1.92878e+02    1.36825e+04
     Coulomb-14        LJ (SR)  Disper. corr.   Coulomb (SR)   Coul. recip.
   -1.40979e+05    6.03927e+06   -2.03198e+05   -3.40220e+07    5.14151e+04
      Potential    Kinetic En.   Total Energy  Conserved En.    Temperature
   -2.82120e+07    1.36676e+05   -2.80754e+07   -2.80608e+07    1.00059e+01
 Pres. DC (bar) Pressure (bar)   Constr. rmsd
   -2.16827e+02   -2.11448e+01    5.44324e-06

Writing checkpoint, step 153700 at Sun Nov 30 02:53:26 2025



DD  step 154999  vol min/aver 0.827  load imb.: force  0.9%  pme mesh/force 0.604
           Step           Time
         155000      310.00000

   Energies (kJ/mol)
           Bond          Angle    Proper Dih. Per. Imp. Dih.          LJ-14
    3.03586e+03    1.00854e+04    3.65322e+04    1.93349e+02    1.36936e+04
     Coulomb-14        LJ (SR)  Disper. corr.   Coulomb (SR)   Coul. recip.
   -1.41058e+05    6.03941e+06   -2.03189e+05   -3.40223e+07    5.13590e+04
      Potential    Kinetic En.   Total Energy  Conserved En.    Temperature
   -2.82123e+07    1.36537e+05   -2.80757e+07   -2.80604e+07    9.99582e+00
 Pres. DC (bar) Pressure (bar)   Constr. rmsd
   -2.16809e+02   -2.06226e+01    5.36432e-06


DD  step 159999  vol min/aver 0.825  load imb.: force  1.2%  pme mesh/force 0.601
           Step           Time
         160000      320.00000

   Energies (kJ/mol)
           Bond          Angle    Proper Dih. Per. Imp. Dih.          LJ-14
    3.02323e+03    1.00286e+04    3.65576e+04    1.93260e+02    1.36895e+04
     Coulomb-14        LJ (SR)  Disper. corr.   Coulomb (SR)   Coul. recip.
   -1.41008e+05    6.04803e+06   -2.03331e+05   -3.40308e+07    5.13665e+04
      Potential    Kinetic En.   Total Energy  Conserved En.    Temperature
   -2.82123e+07    1.36575e+05   -2.80757e+07   -2.80602e+07    9.99861e+00
 Pres. DC (bar) Pressure (bar)   Constr. rmsd
   -2.17112e+02    2.05786e+01    5.43619e-06


DD  step 164999  vol min/aver 0.835  load imb.: force  1.0%  pme mesh/force 0.590
           Step           Time
         165000      330.00000

   Energies (kJ/mol)
           Bond          Angle    Proper Dih. Per. Imp. Dih.          LJ-14
    3.06624e+03    1.00497e+04    3.65338e+04    1.92748e+02    1.36982e+04
     Coulomb-14        LJ (SR)  Disper. corr.   Coulomb (SR)   Coul. recip.
   -1.41033e+05    6.04719e+06   -2.03327e+05   -3.40303e+07    5.13897e+04
      Potential    Kinetic En.   Total Energy  Conserved En.    Temperature
   -2.82125e+07    1.36841e+05   -2.80757e+07   -2.80598e+07    1.00181e+01
 Pres. DC (bar) Pressure (bar)   Constr. rmsd
   -2.17102e+02    1.72112e+01    5.49561e-06


DD  step 169999  vol min/aver 0.838  load imb.: force  0.7%  pme mesh/force 0.604
           Step           Time
         170000      340.00000

   Energies (kJ/mol)
           Bond          Angle    Proper Dih. Per. Imp. Dih.          LJ-14
    3.05411e+03    1.00808e+04    3.65191e+04    1.90002e+02    1.36881e+04
     Coulomb-14        LJ (SR)  Disper. corr.   Coulomb (SR)   Coul. recip.
   -1.41072e+05    6.04282e+06   -2.03236e+05   -3.40258e+07    5.12895e+04
      Potential    Kinetic En.   Total Energy  Conserved En.    Temperature
   -2.82124e+07    1.36582e+05   -2.80759e+07   -2.80595e+07    9.99909e+00
 Pres. DC (bar) Pressure (bar)   Constr. rmsd
   -2.16909e+02   -5.48596e+00    5.36934e-06


DD  step 174999  vol min/aver 0.836  load imb.: force  0.8%  pme mesh/force 0.594
           Step           Time
         175000      350.00000

   Energies (kJ/mol)
           Bond          Angle    Proper Dih. Per. Imp. Dih.          LJ-14
    3.01742e+03    1.00916e+04    3.65037e+04    1.92718e+02    1.37038e+04
     Coulomb-14        LJ (SR)  Disper. corr.   Coulomb (SR)   Coul. recip.
   -1.41018e+05    6.03908e+06   -2.03189e+05   -3.40221e+07    5.13513e+04
      Potential    Kinetic En.   Total Energy  Conserved En.    Temperature
   -2.82123e+07    1.36613e+05   -2.80757e+07   -2.80593e+07    1.00013e+01
 Pres. DC (bar) Pressure (bar)   Constr. rmsd
   -2.16808e+02   -2.11708e+01    5.48049e-06


DD  step 179999  vol min/aver 0.838  load imb.: force  1.0%  pme mesh/force 0.604
           Step           Time
         180000      360.00000

   Energies (kJ/mol)
           Bond          Angle    Proper Dih. Per. Imp. Dih.          LJ-14
    3.07747e+03    1.01244e+04    3.65522e+04    1.90710e+02    1.36942e+04
     Coulomb-14        LJ (SR)  Disper. corr.   Coulomb (SR)   Coul. recip.
   -1.41044e+05    6.04094e+06   -2.03210e+05   -3.40242e+07    5.13188e+04
      Potential    Kinetic En.   Total Energy  Conserved En.    Temperature
   -2.82126e+07    1.36408e+05   -2.80761e+07   -2.80590e+07    9.98638e+00
 Pres. DC (bar) Pressure (bar)   Constr. rmsd
   -2.16854e+02   -1.38753e+01    5.44386e-06


DD  step 184999  vol min/aver 0.841  load imb.: force  1.1%  pme mesh/force 0.608
           Step           Time
         185000      370.00000

   Energies (kJ/mol)
           Bond          Angle    Proper Dih. Per. Imp. Dih.          LJ-14
    3.05385e+03    1.00608e+04    3.65154e+04    1.87362e+02    1.37104e+04
     Coulomb-14        LJ (SR)  Disper. corr.   Coulomb (SR)   Coul. recip.
   -1.40970e+05    6.04660e+06   -2.03304e+05   -3.40298e+07    5.13650e+04
      Potential    Kinetic En.   Total Energy  Conserved En.    Temperature
   -2.82125e+07    1.36591e+05   -2.80760e+07   -2.80588e+07    9.99971e+00
 Pres. DC (bar) Pressure (bar)   Constr. rmsd
   -2.17052e+02    1.25507e+01    5.35638e-06


DD  step 189999  vol min/aver 0.840  load imb.: force  1.0%  pme mesh/force 0.614
           Step           Time
         190000      380.00000

   Energies (kJ/mol)
           Bond          Angle    Proper Dih. Per. Imp. Dih.          LJ-14
    3.02393e+03    1.00581e+04    3.65466e+04    1.89441e+02    1.37123e+04
     Coulomb-14        LJ (SR)  Disper. corr.   Coulomb (SR)   Coul. recip.
   -1.40972e+05    6.04655e+06   -2.03291e+05   -3.40297e+07    5.13969e+04
      Potential    Kinetic En.   Total Energy  Conserved En.    Temperature
   -2.82124e+07    1.36459e+05   -2.80760e+07   -2.80585e+07    9.99006e+00
 Pres. DC (bar) Pressure (bar)   Constr. rmsd
   -2.17026e+02    1.25309e+01    5.47114e-06

Writing checkpoint, step 192700 at Sun Nov 30 03:08:26 2025



DD  step 194999  vol min/aver 0.848  load imb.: force  5.5%  pme mesh/force 0.565
           Step           Time
         195000      390.00000

   Energies (kJ/mol)
           Bond          Angle    Proper Dih. Per. Imp. Dih.          LJ-14
    3.07404e+03    1.01717e+04    3.65157e+04    1.90423e+02    1.37157e+04
     Coulomb-14        LJ (SR)  Disper. corr.   Coulomb (SR)   Coul. recip.
   -1.41101e+05    6.04683e+06   -2.03327e+05   -3.40300e+07    5.13808e+04
      Potential    Kinetic En.   Total Energy  Conserved En.    Temperature
   -2.82125e+07    1.36489e+05   -2.80760e+07   -2.80582e+07    9.99227e+00
 Pres. DC (bar) Pressure (bar)   Constr. rmsd
   -2.17101e+02    1.64011e+01    5.40154e-06


DD  step 199999  vol min/aver 0.834  load imb.: force  3.7%  pme mesh/force 0.584
           Step           Time
         200000      400.00000

   Energies (kJ/mol)
           Bond          Angle    Proper Dih. Per. Imp. Dih.          LJ-14
    3.01806e+03    1.00548e+04    3.65491e+04    1.91230e+02    1.36779e+04
     Coulomb-14        LJ (SR)  Disper. corr.   Coulomb (SR)   Coul. recip.
   -1.40972e+05    6.04767e+06   -2.03325e+05   -3.40308e+07    5.13920e+04
      Potential    Kinetic En.   Total Energy  Conserved En.    Temperature
   -2.82125e+07    1.36624e+05   -2.80759e+07   -2.80579e+07    1.00021e+01
 Pres. DC (bar) Pressure (bar)   Constr. rmsd
   -2.17097e+02    1.66270e+01    5.44771e-06


DD  step 204999  vol min/aver 0.824  load imb.: force  1.7%  pme mesh/force 0.583
           Step           Time
         205000      410.00000

   Energies (kJ/mol)
           Bond          Angle    Proper Dih. Per. Imp. Dih.          LJ-14
    3.04776e+03    1.00801e+04    3.65128e+04    1.90457e+02    1.37111e+04
     Coulomb-14        LJ (SR)  Disper. corr.   Coulomb (SR)   Coul. recip.
   -1.41006e+05    6.04417e+06   -2.03262e+05   -3.40274e+07    5.13270e+04
      Potential    Kinetic En.   Total Energy  Conserved En.    Temperature
   -2.82126e+07    1.36617e+05   -2.80760e+07   -2.80575e+07    1.00016e+01
 Pres. DC (bar) Pressure (bar)   Constr. rmsd
   -2.16963e+02    2.40095e+00    5.52871e-06


DD  step 209999  vol min/aver 0.818  load imb.: force  2.5%  pme mesh/force 0.580
           Step           Time
         210000      420.00000

   Energies (kJ/mol)
           Bond          Angle    Proper Dih. Per. Imp. Dih.          LJ-14
    3.06357e+03    1.00778e+04    3.65238e+04    1.90334e+02    1.37243e+04
     Coulomb-14        LJ (SR)  Disper. corr.   Coulomb (SR)   Coul. recip.
   -1.41033e+05    6.03706e+06   -2.03169e+05   -3.40204e+07    5.13891e+04
      Potential    Kinetic En.   Total Energy  Conserved En.    Temperature
   -2.82126e+07    1.36747e+05   -2.80758e+07   -2.80571e+07    1.00112e+01
 Pres. DC (bar) Pressure (bar)   Constr. rmsd
   -2.16765e+02   -2.95873e+01    5.40398e-06


DD  step 214999  vol min/aver 0.826  load imb.: force  1.9%  pme mesh/force 0.578
           Step           Time
         215000      430.00000

   Energies (kJ/mol)
           Bond          Angle    Proper Dih. Per. Imp. Dih.          LJ-14
    3.05144e+03    1.01005e+04    3.65235e+04    1.94410e+02    1.37225e+04
     Coulomb-14        LJ (SR)  Disper. corr.   Coulomb (SR)   Coul. recip.
   -1.41031e+05    6.04305e+06   -2.03237e+05   -3.40263e+07    5.13522e+04
      Potential    Kinetic En.   Total Energy  Conserved En.    Temperature
   -2.82126e+07    1.36750e+05   -2.80758e+07   -2.80568e+07    1.00114e+01
 Pres. DC (bar) Pressure (bar)   Constr. rmsd
   -2.16911e+02   -3.37812e+00    5.42849e-06


DD  step 219999  vol min/aver 0.815  load imb.: force  1.1%  pme mesh/force 0.588
           Step           Time
         220000      440.00000

   Energies (kJ/mol)
           Bond          Angle    Proper Dih. Per. Imp. Dih.          LJ-14
    3.03418e+03    1.00893e+04    3.65218e+04    1.91077e+02    1.36914e+04
     Coulomb-14        LJ (SR)  Disper. corr.   Coulomb (SR)   Coul. recip.
   -1.40961e+05    6.04313e+06   -2.03258e+05   -3.40267e+07    5.14210e+04
      Potential    Kinetic En.   Total Energy  Conserved En.    Temperature
   -2.82128e+07    1.36543e+05   -2.80763e+07   -2.80566e+07    9.99625e+00
 Pres. DC (bar) Pressure (bar)   Constr. rmsd
   -2.16955e+02   -3.51828e+00    5.45187e-06


DD  step 224999  vol min/aver 0.815  load imb.: force  0.7%  pme mesh/force 0.591
           Step           Time
         225000      450.00000

   Energies (kJ/mol)
           Bond          Angle    Proper Dih. Per. Imp. Dih.          LJ-14
    3.07500e+03    1.01087e+04    3.65657e+04    1.96443e+02    1.37157e+04
     Coulomb-14        LJ (SR)  Disper. corr.   Coulomb (SR)   Coul. recip.
   -1.41067e+05    6.04806e+06   -2.03337e+05   -3.40313e+07    5.13255e+04
      Potential    Kinetic En.   Total Energy  Conserved En.    Temperature
   -2.82127e+07    1.36661e+05   -2.80760e+07   -2.80563e+07    1.00049e+01
 Pres. DC (bar) Pressure (bar)   Constr. rmsd
   -2.17125e+02    1.99397e+01    5.36384e-06


DD  step 229999  vol min/aver 0.813  load imb.: force  0.9%  pme mesh/force 0.602
           Step           Time
         230000      460.00000

   Energies (kJ/mol)
           Bond          Angle    Proper Dih. Per. Imp. Dih.          LJ-14
    3.09256e+03    1.00843e+04    3.65144e+04    1.87792e+02    1.37275e+04
     Coulomb-14        LJ (SR)  Disper. corr.   Coulomb (SR)   Coul. recip.
   -1.40954e+05    6.04920e+06   -2.03348e+05   -3.40326e+07    5.13705e+04
      Potential    Kinetic En.   Total Energy  Conserved En.    Temperature
   -2.82127e+07    1.36605e+05   -2.80761e+07   -2.80560e+07    1.00007e+01
 Pres. DC (bar) Pressure (bar)   Constr. rmsd
   -2.17146e+02    2.50254e+01    5.41806e-06

Writing checkpoint, step 231700 at Sun Nov 30 03:23:26 2025



DD  step 234999  vol min/aver 0.816  load imb.: force  0.9%  pme mesh/force 0.588
           Step           Time
         235000      470.00000

   Energies (kJ/mol)
           Bond          Angle    Proper Dih. Per. Imp. Dih.          LJ-14
    3.06125e+03    1.01697e+04    3.65607e+04    1.92549e+02    1.36675e+04
     Coulomb-14        LJ (SR)  Disper. corr.   Coulomb (SR)   Coul. recip.
   -1.41065e+05    6.04216e+06   -2.03272e+05   -3.40257e+07    5.14031e+04
      Potential    Kinetic En.   Total Energy  Conserved En.    Temperature
   -2.82128e+07    1.36596e+05   -2.80762e+07   -2.80556e+07    1.00001e+01
 Pres. DC (bar) Pressure (bar)   Constr. rmsd
   -2.16986e+02   -6.44351e+00    5.47108e-06


DD  step 239999  vol min/aver 0.820  load imb.: force  1.2%  pme mesh/force 0.592
           Step           Time
         240000      480.00000

   Energies (kJ/mol)
           Bond          Angle    Proper Dih. Per. Imp. Dih.          LJ-14
    3.09153e+03    1.01165e+04    3.65313e+04    1.95574e+02    1.37393e+04
     Coulomb-14        LJ (SR)  Disper. corr.   Coulomb (SR)   Coul. recip.
   -1.41031e+05    6.03849e+06   -2.03167e+05   -3.40221e+07    5.13951e+04
      Potential    Kinetic En.   Total Energy  Conserved En.    Temperature
   -2.82128e+07    1.36777e+05   -2.80760e+07   -2.80552e+07    1.00134e+01
 Pres. DC (bar) Pressure (bar)   Constr. rmsd
   -2.16762e+02   -2.62502e+01    5.41827e-06


DD  step 244999  vol min/aver 0.827  load imb.: force  0.5%  pme mesh/force 0.595
           Step           Time
         245000      490.00000

   Energies (kJ/mol)
           Bond          Angle    Proper Dih. Per. Imp. Dih.          LJ-14
    3.07464e+03    1.01169e+04    3.65579e+04    1.84264e+02    1.37087e+04
     Coulomb-14        LJ (SR)  Disper. corr.   Coulomb (SR)   Coul. recip.
   -1.40976e+05    6.03948e+06   -2.03207e+05   -3.40233e+07    5.14607e+04
      Potential    Kinetic En.   Total Energy  Conserved En.    Temperature
   -2.82129e+07    1.36596e+05   -2.80763e+07   -2.80547e+07    1.00001e+01
 Pres. DC (bar) Pressure (bar)   Constr. rmsd
   -2.16847e+02   -2.01877e+01    5.51105e-06


DD  step 249999  vol min/aver 0.827  load imb.: force  0.9%  pme mesh/force 0.588
           Step           Time
         250000      500.00000

   Energies (kJ/mol)
           Bond          Angle    Proper Dih. Per. Imp. Dih.          LJ-14
    3.08312e+03    1.01219e+04    3.65361e+04    1.93054e+02    1.37233e+04
     Coulomb-14        LJ (SR)  Disper. corr.   Coulomb (SR)   Coul. recip.
   -1.41039e+05    6.04707e+06   -2.03328e+05   -3.40306e+07    5.13792e+04
      Potential    Kinetic En.   Total Energy  Conserved En.    Temperature
   -2.82129e+07    1.36664e+05   -2.80762e+07   -2.80543e+07    1.00051e+01
 Pres. DC (bar) Pressure (bar)   Constr. rmsd
   -2.17105e+02    1.74194e+01    5.54347e-06


DD  step 254999  vol min/aver 0.832  load imb.: force  1.3%  pme mesh/force 0.607
           Step           Time
         255000      510.00000

   Energies (kJ/mol)
           Bond          Angle    Proper Dih. Per. Imp. Dih.          LJ-14
    3.07117e+03    1.01381e+04    3.65011e+04    1.91123e+02    1.36663e+04
     Coulomb-14        LJ (SR)  Disper. corr.   Coulomb (SR)   Coul. recip.
   -1.41040e+05    6.05376e+06   -2.03411e+05   -3.40372e+07    5.13188e+04
      Potential    Kinetic En.   Total Energy  Conserved En.    Temperature
   -2.82130e+07    1.36575e+05   -2.80764e+07   -2.80538e+07    9.99856e+00
 Pres. DC (bar) Pressure (bar)   Constr. rmsd
   -2.17281e+02    4.51635e+01    5.34611e-06


DD  step 259999  vol min/aver 0.825  load imb.: force  1.1%  pme mesh/force 0.593
           Step           Time
         260000      520.00000

   Energies (kJ/mol)
           Bond          Angle    Proper Dih. Per. Imp. Dih.          LJ-14
    3.12147e+03    1.01379e+04    3.65331e+04    1.88015e+02    1.37290e+04
     Coulomb-14        LJ (SR)  Disper. corr.   Coulomb (SR)   Coul. recip.
   -1.41057e+05    6.04917e+06   -2.03357e+05   -3.40327e+07    5.13591e+04
      Potential    Kinetic En.   Total Energy  Conserved En.    Temperature
   -2.82129e+07    1.36334e+05   -2.80765e+07   -2.80533e+07    9.98092e+00
 Pres. DC (bar) Pressure (bar)   Constr. rmsd
   -2.17166e+02    2.50572e+01    5.47924e-06


DD  step 264999  vol min/aver 0.835  load imb.: force  1.0%  pme mesh/force 0.589
           Step           Time
         265000      530.00000

   Energies (kJ/mol)
           Bond          Angle    Proper Dih. Per. Imp. Dih.          LJ-14
    3.07927e+03    1.00550e+04    3.65222e+04    1.80996e+02    1.36991e+04
     Coulomb-14        LJ (SR)  Disper. corr.   Coulomb (SR)   Coul. recip.
   -1.40985e+05    6.04409e+06   -2.03269e+05   -3.40276e+07    5.12757e+04
      Potential    Kinetic En.   Total Energy  Conserved En.    Temperature
   -2.82129e+07    1.36598e+05   -2.80763e+07   -2.80529e+07    1.00003e+01
 Pres. DC (bar) Pressure (bar)   Constr. rmsd
   -2.16978e+02    1.21989e+00    5.42948e-06


DD  step 269999  vol min/aver 0.839  load imb.: force  1.2%  pme mesh/force 0.591
           Step           Time
         270000      540.00000

   Energies (kJ/mol)
           Bond          Angle    Proper Dih. Per. Imp. Dih.          LJ-14
    3.07061e+03    1.00958e+04    3.65779e+04    1.90277e+02    1.37408e+04
     Coulomb-14        LJ (SR)  Disper. corr.   Coulomb (SR)   Coul. recip.
   -1.41043e+05    6.03187e+06   -2.03121e+05   -3.40157e+07    5.13441e+04
      Potential    Kinetic En.   Total Energy  Conserved En.    Temperature
   -2.82130e+07    1.36619e+05   -2.80763e+07   -2.80524e+07    1.00018e+01
 Pres. DC (bar) Pressure (bar)   Constr. rmsd
   -2.16663e+02   -5.17203e+01    5.49787e-06

Writing checkpoint, step 270700 at Sun Nov 30 03:38:25 2025



DD  step 274999  vol min/aver 0.836  load imb.: force  0.7%  pme mesh/force 0.591
           Step           Time
         275000      550.00000

   Energies (kJ/mol)
           Bond          Angle    Proper Dih. Per. Imp. Dih.          LJ-14
    3.07653e+03    1.01509e+04    3.65196e+04    1.86005e+02    1.37139e+04
     Coulomb-14        LJ (SR)  Disper. corr.   Coulomb (SR)   Coul. recip.
   -1.41046e+05    6.04092e+06   -2.03230e+05   -3.40247e+07    5.13718e+04
      Potential    Kinetic En.   Total Energy  Conserved En.    Temperature
   -2.82131e+07    1.36518e+05   -2.80765e+07   -2.80518e+07    9.99441e+00
 Pres. DC (bar) Pressure (bar)   Constr. rmsd
   -2.16895e+02   -1.29195e+01    5.40067e-06


DD  step 279999  vol min/aver 0.842  load imb.: force  1.1%  pme mesh/force 0.597
           Step           Time
         280000      560.00000

   Energies (kJ/mol)
           Bond          Angle    Proper Dih. Per. Imp. Dih.          LJ-14
    3.10552e+03    1.01356e+04    3.65130e+04    1.90625e+02    1.37026e+04
     Coulomb-14        LJ (SR)  Disper. corr.   Coulomb (SR)   Coul. recip.
   -1.41071e+05    6.05031e+06   -2.03361e+05   -3.40339e+07    5.12672e+04
      Potential    Kinetic En.   Total Energy  Conserved En.    Temperature
   -2.82132e+07    1.36453e+05   -2.80767e+07   -2.80512e+07    9.98963e+00
 Pres. DC (bar) Pressure (bar)   Constr. rmsd
   -2.17174e+02    2.88403e+01    5.40940e-06


DD  step 284999  vol min/aver 0.845  load imb.: force  1.3%  pme mesh/force 0.596
           Step           Time
         285000      570.00000

   Energies (kJ/mol)
           Bond          Angle    Proper Dih. Per. Imp. Dih.          LJ-14
    3.12268e+03    1.00971e+04    3.65335e+04    1.94179e+02    1.37079e+04
     Coulomb-14        LJ (SR)  Disper. corr.   Coulomb (SR)   Coul. recip.
   -1.41115e+05    6.04584e+06   -2.03349e+05   -3.40297e+07    5.13659e+04
      Potential    Kinetic En.   Total Energy  Conserved En.    Temperature
   -2.82133e+07    1.36689e+05   -2.80766e+07   -2.80507e+07    1.00069e+01
 Pres. DC (bar) Pressure (bar)   Constr. rmsd
   -2.17150e+02    1.51438e+01    5.45711e-06


DD  step 289999  vol min/aver 0.846  load imb.: force  5.7%  pme mesh/force 0.566
           Step           Time
         290000      580.00000

   Energies (kJ/mol)
           Bond          Angle    Proper Dih. Per. Imp. Dih.          LJ-14
    3.10248e+03    1.01443e+04    3.65195e+04    1.95762e+02    1.36962e+04
     Coulomb-14        LJ (SR)  Disper. corr.   Coulomb (SR)   Coul. recip.
   -1.41063e+05    6.04307e+06   -2.03269e+05   -3.40269e+07    5.13514e+04
      Potential    Kinetic En.   Total Energy  Conserved En.    Temperature
   -2.82132e+07    1.36588e+05   -2.80766e+07   -2.80504e+07    9.99955e+00
 Pres. DC (bar) Pressure (bar)   Constr. rmsd
   -2.16978e+02   -4.40690e+00    5.37110e-06


DD  step 294999  vol min/aver 0.825  load imb.: force  1.7%  pme mesh/force 0.596
           Step           Time
         295000      590.00000

   Energies (kJ/mol)
           Bond          Angle    Proper Dih. Per. Imp. Dih.          LJ-14
    3.05680e+03    1.00697e+04    3.65150e+04    1.88217e+02    1.36901e+04
     Coulomb-14        LJ (SR)  Disper. corr.   Coulomb (SR)   Coul. recip.
   -1.40957e+05    6.03948e+06   -2.03219e+05   -3.40235e+07    5.13285e+04
      Potential    Kinetic En.   Total Energy  Conserved En.    Temperature
   -2.82133e+07    1.36421e+05   -2.80769e+07   -2.80502e+07    9.98731e+00
 Pres. DC (bar) Pressure (bar)   Constr. rmsd
   -2.16872e+02   -2.08745e+01    5.57437e-06


DD  step 299999  vol min/aver 0.827  load imb.: force  1.8%  pme mesh/force 0.608
           Step           Time
         300000      600.00000

   Energies (kJ/mol)
           Bond          Angle    Proper Dih. Per. Imp. Dih.          LJ-14
    3.05444e+03    1.01579e+04    3.65052e+04    1.86798e+02    1.36916e+04
     Coulomb-14        LJ (SR)  Disper. corr.   Coulomb (SR)   Coul. recip.
   -1.40971e+05    6.04018e+06   -2.03219e+05   -3.40241e+07    5.13018e+04
      Potential    Kinetic En.   Total Energy  Conserved En.    Temperature
   -2.82132e+07    1.36574e+05   -2.80766e+07   -2.80499e+07    9.99847e+00
 Pres. DC (bar) Pressure (bar)   Constr. rmsd
   -2.16873e+02   -1.63289e+01    5.51731e-06


DD  step 304999  vol min/aver 0.815  load imb.: force  2.5%  pme mesh/force 0.605
           Step           Time
         305000      610.00000

   Energies (kJ/mol)
           Bond          Angle    Proper Dih. Per. Imp. Dih.          LJ-14
    3.09464e+03    1.00853e+04    3.65194e+04    1.91074e+02    1.37390e+04
     Coulomb-14        LJ (SR)  Disper. corr.   Coulomb (SR)   Coul. recip.
   -1.41072e+05    6.04397e+06   -2.03271e+05   -3.40279e+07    5.13753e+04
      Potential    Kinetic En.   Total Energy  Conserved En.    Temperature
   -2.82132e+07    1.36615e+05   -2.80766e+07   -2.80497e+07    1.00015e+01
 Pres. DC (bar) Pressure (bar)   Constr. rmsd
   -2.16984e+02    1.13870e+00    5.40395e-06

Writing checkpoint, step 309700 at Sun Nov 30 03:53:26 2025



DD  step 309999  vol min/aver 0.822  load imb.: force  1.3%  pme mesh/force 0.603
           Step           Time
         310000      620.00000

   Energies (kJ/mol)
           Bond          Angle    Proper Dih. Per. Imp. Dih.          LJ-14
    3.10157e+03    1.00841e+04    3.65271e+04    1.91886e+02    1.37149e+04
     Coulomb-14        LJ (SR)  Disper. corr.   Coulomb (SR)   Coul. recip.
   -1.41036e+05    6.04514e+06   -2.03287e+05   -3.40291e+07    5.12823e+04
      Potential    Kinetic En.   Total Energy  Conserved En.    Temperature
   -2.82134e+07    1.36599e+05   -2.80768e+07   -2.80495e+07    1.00003e+01
 Pres. DC (bar) Pressure (bar)   Constr. rmsd
   -2.17017e+02    5.86379e+00    5.39441e-06


DD  step 314999  vol min/aver 0.812  load imb.: force  1.1%  pme mesh/force 0.606
           Step           Time
         315000      630.00000

   Energies (kJ/mol)
           Bond          Angle    Proper Dih. Per. Imp. Dih.          LJ-14
    3.09924e+03    1.01377e+04    3.65350e+04    1.96606e+02    1.36866e+04
     Coulomb-14        LJ (SR)  Disper. corr.   Coulomb (SR)   Coul. recip.
   -1.41030e+05    6.04453e+06   -2.03284e+05   -3.40287e+07    5.13542e+04
      Potential    Kinetic En.   Total Energy  Conserved En.    Temperature
   -2.82135e+07    1.36396e+05   -2.80771e+07   -2.80493e+07    9.98545e+00
 Pres. DC (bar) Pressure (bar)   Constr. rmsd
   -2.17011e+02    9.53752e-01    5.44981e-06


DD  step 319999  vol min/aver 0.812  load imb.: force  0.8%  pme mesh/force 0.605
           Step           Time
         320000      640.00000

   Energies (kJ/mol)
           Bond          Angle    Proper Dih. Per. Imp. Dih.          LJ-14
    3.12358e+03    1.01836e+04    3.65330e+04    1.90898e+02    1.36839e+04
     Coulomb-14        LJ (SR)  Disper. corr.   Coulomb (SR)   Coul. recip.
   -1.41063e+05    6.04449e+06   -2.03292e+05   -3.40285e+07    5.13213e+04
      Potential    Kinetic En.   Total Energy  Conserved En.    Temperature
   -2.82133e+07    1.36422e+05   -2.80769e+07   -2.80490e+07    9.98737e+00
 Pres. DC (bar) Pressure (bar)   Constr. rmsd
   -2.17028e+02    2.70633e+00    5.42896e-06


DD  step 324999  vol min/aver 0.813  load imb.: force  0.8%  pme mesh/force 0.609
           Step           Time
         325000      650.00000

   Energies (kJ/mol)
           Bond          Angle    Proper Dih. Per. Imp. Dih.          LJ-14
    3.04857e+03    1.01259e+04    3.65152e+04    1.86862e+02    1.37162e+04
     Coulomb-14        LJ (SR)  Disper. corr.   Coulomb (SR)   Coul. recip.
   -1.41022e+05    6.04060e+06   -2.03227e+05   -3.40244e+07    5.13074e+04
      Potential    Kinetic En.   Total Energy  Conserved En.    Temperature
   -2.82131e+07    1.36563e+05   -2.80766e+07   -2.80487e+07    9.99774e+00
 Pres. DC (bar) Pressure (bar)   Constr. rmsd
   -2.16889e+02   -1.38472e+01    5.52330e-06


DD  step 329999  vol min/aver 0.820  load imb.: force  1.8%  pme mesh/force 0.615
           Step           Time
         330000      660.00000

   Energies (kJ/mol)
           Bond          Angle    Proper Dih. Per. Imp. Dih.          LJ-14
    3.09065e+03    1.01286e+04    3.65286e+04    1.87563e+02    1.37215e+04
     Coulomb-14        LJ (SR)  Disper. corr.   Coulomb (SR)   Coul. recip.
   -1.41088e+05    6.03319e+06   -2.03117e+05   -3.40172e+07    5.13284e+04
      Potential    Kinetic En.   Total Energy  Conserved En.    Temperature
   -2.82133e+07    1.36528e+05   -2.80767e+07   -2.80483e+07    9.99514e+00
 Pres. DC (bar) Pressure (bar)   Constr. rmsd
   -2.16654e+02   -5.02524e+01    5.41001e-06


DD  step 334999  vol min/aver 0.829  load imb.: force  0.9%  pme mesh/force 0.615
           Step           Time
         335000      670.00000

   Energies (kJ/mol)
           Bond          Angle    Proper Dih. Per. Imp. Dih.          LJ-14
    3.14257e+03    1.01130e+04    3.65567e+04    1.96280e+02    1.36686e+04
     Coulomb-14        LJ (SR)  Disper. corr.   Coulomb (SR)   Coul. recip.
   -1.41037e+05    6.03877e+06   -2.03196e+05   -3.40229e+07    5.13063e+04
      Potential    Kinetic En.   Total Energy  Conserved En.    Temperature
   -2.82134e+07    1.36595e+05   -2.80768e+07   -2.80477e+07    1.00001e+01
 Pres. DC (bar) Pressure (bar)   Constr. rmsd
   -2.16822e+02   -2.40098e+01    5.32196e-06


DD  step 339999  vol min/aver 0.836  load imb.: force  1.0%  pme mesh/force 0.615
           Step           Time
         340000      680.00000

   Energies (kJ/mol)
           Bond          Angle    Proper Dih. Per. Imp. Dih.          LJ-14
    3.10626e+03    1.01579e+04    3.65561e+04    1.92853e+02    1.37053e+04
     Coulomb-14        LJ (SR)  Disper. corr.   Coulomb (SR)   Coul. recip.
   -1.41025e+05    6.04807e+06   -2.03328e+05   -3.40322e+07    5.13427e+04
      Potential    Kinetic En.   Total Energy  Conserved En.    Temperature
   -2.82134e+07    1.36561e+05   -2.80768e+07   -2.80472e+07    9.99758e+00
 Pres. DC (bar) Pressure (bar)   Constr. rmsd
   -2.17104e+02    1.76210e+01    5.47753e-06


DD  step 344999  vol min/aver 0.832  load imb.: force  1.2%  pme mesh/force 0.619
           Step           Time
         345000      690.00000

   Energies (kJ/mol)
           Bond          Angle    Proper Dih. Per. Imp. Dih.          LJ-14
    3.08510e+03    1.01500e+04    3.65419e+04    2.01364e+02    1.37353e+04
     Coulomb-14        LJ (SR)  Disper. corr.   Coulomb (SR)   Coul. recip.
   -1.41045e+05    6.04642e+06   -2.03327e+05   -3.40305e+07    5.12771e+04
      Potential    Kinetic En.   Total Energy  Conserved En.    Temperature
   -2.82135e+07    1.36673e+05   -2.80768e+07   -2.80469e+07    1.00058e+01
 Pres. DC (bar) Pressure (bar)   Constr. rmsd
   -2.17102e+02    1.44469e+01    5.45497e-06

Writing checkpoint, step 348600 at Sun Nov 30 04:08:25 2025



DD  step 349999  vol min/aver 0.840  load imb.: force  0.7%  pme mesh/force 0.618
           Step           Time
         350000      700.00000

   Energies (kJ/mol)
           Bond          Angle    Proper Dih. Per. Imp. Dih.          LJ-14
    3.10404e+03    1.01045e+04    3.65364e+04    1.93900e+02    1.37372e+04
     Coulomb-14        LJ (SR)  Disper. corr.   Coulomb (SR)   Coul. recip.
   -1.40993e+05    6.04413e+06   -2.03270e+05   -3.40285e+07    5.13438e+04
      Potential    Kinetic En.   Total Energy  Conserved En.    Temperature
   -2.82136e+07    1.36695e+05   -2.80769e+07   -2.80467e+07    1.00074e+01
 Pres. DC (bar) Pressure (bar)   Constr. rmsd
   -2.16981e+02   -3.70122e-01    5.40198e-06


DD  step 354999  vol min/aver 0.840  load imb.: force  0.8%  pme mesh/force 0.615
           Step           Time
         355000      710.00000

   Energies (kJ/mol)
           Bond          Angle    Proper Dih. Per. Imp. Dih.          LJ-14
    3.05860e+03    1.01242e+04    3.65368e+04    1.95414e+02    1.37363e+04
     Coulomb-14        LJ (SR)  Disper. corr.   Coulomb (SR)   Coul. recip.
   -1.41068e+05    6.04577e+06   -2.03311e+05   -3.40299e+07    5.13063e+04
      Potential    Kinetic En.   Total Energy  Conserved En.    Temperature
   -2.82136e+07    1.36595e+05   -2.80770e+07   -2.80465e+07    1.00001e+01
 Pres. DC (bar) Pressure (bar)   Constr. rmsd
   -2.17068e+02    9.62828e+00    5.43871e-06


DD  step 359999  vol min/aver 0.839  load imb.: force  1.0%  pme mesh/force 0.617
           Step           Time
         360000      720.00000

   Energies (kJ/mol)
           Bond          Angle    Proper Dih. Per. Imp. Dih.          LJ-14
    3.06135e+03    1.01413e+04    3.65698e+04    1.91810e+02    1.37195e+04
     Coulomb-14        LJ (SR)  Disper. corr.   Coulomb (SR)   Coul. recip.
   -1.41084e+05    6.03976e+06   -2.03217e+05   -3.40243e+07    5.13775e+04
      Potential    Kinetic En.   Total Energy  Conserved En.    Temperature
   -2.82138e+07    1.36825e+05   -2.80770e+07   -2.80462e+07    1.00169e+01
 Pres. DC (bar) Pressure (bar)   Constr. rmsd
   -2.16868e+02   -1.86695e+01    5.45432e-06


DD  step 364999  vol min/aver 0.841  load imb.: force  1.2%  pme mesh/force 0.621
           Step           Time
         365000      730.00000

   Energies (kJ/mol)
           Bond          Angle    Proper Dih. Per. Imp. Dih.          LJ-14
    3.11990e+03    1.01335e+04    3.65262e+04    1.92830e+02    1.36967e+04
     Coulomb-14        LJ (SR)  Disper. corr.   Coulomb (SR)   Coul. recip.
   -1.41006e+05    6.04050e+06   -2.03220e+05   -3.40250e+07    5.13929e+04
      Potential    Kinetic En.   Total Energy  Conserved En.    Temperature
   -2.82136e+07    1.36618e+05   -2.80770e+07   -2.80459e+07    1.00017e+01
 Pres. DC (bar) Pressure (bar)   Constr. rmsd
   -2.16874e+02   -1.68591e+01    5.53100e-06


DD  step 369999  vol min/aver 0.842  load imb.: force  1.5%  pme mesh/force 0.611
           Step           Time
         370000      740.00000

   Energies (kJ/mol)
           Bond          Angle    Proper Dih. Per. Imp. Dih.          LJ-14
    3.07641e+03    1.01657e+04    3.65430e+04    1.92634e+02    1.36761e+04
     Coulomb-14        LJ (SR)  Disper. corr.   Coulomb (SR)   Coul. recip.
   -1.41052e+05    6.04282e+06   -2.03254e+05   -3.40273e+07    5.13204e+04
      Potential    Kinetic En.   Total Energy  Conserved En.    Temperature
   -2.82138e+07    1.36473e+05   -2.80774e+07   -2.80456e+07    9.99112e+00
 Pres. DC (bar) Pressure (bar)   Constr. rmsd
   -2.16947e+02   -7.41605e+00    5.58583e-06


DD  step 374999  vol min/aver 0.850  load imb.: force  4.4%  pme mesh/force 0.597
           Step           Time
         375000      750.00000

   Energies (kJ/mol)
           Bond          Angle    Proper Dih. Per. Imp. Dih.          LJ-14
    3.07820e+03    1.00961e+04    3.65314e+04    1.96007e+02    1.37018e+04
     Coulomb-14        LJ (SR)  Disper. corr.   Coulomb (SR)   Coul. recip.
   -1.40945e+05    6.04510e+06   -2.03303e+05   -3.40296e+07    5.13480e+04
      Potential    Kinetic En.   Total Energy  Conserved En.    Temperature
   -2.82138e+07    1.36601e+05   -2.80772e+07   -2.80453e+07    1.00005e+01
 Pres. DC (bar) Pressure (bar)   Constr. rmsd
   -2.17052e+02    5.20679e+00    5.52455e-06


DD  step 379999  vol min/aver 0.828  load imb.: force  2.5%  pme mesh/force 0.585
           Step           Time
         380000      760.00000

   Energies (kJ/mol)
           Bond          Angle    Proper Dih. Per. Imp. Dih.          LJ-14
    3.08388e+03    1.01888e+04    3.65356e+04    1.92785e+02    1.36943e+04
     Coulomb-14        LJ (SR)  Disper. corr.   Coulomb (SR)   Coul. recip.
   -1.41054e+05    6.04283e+06   -2.03251e+05   -3.40274e+07    5.13167e+04
      Potential    Kinetic En.   Total Energy  Conserved En.    Temperature
   -2.82139e+07    1.36527e+05   -2.80773e+07   -2.80450e+07    9.99506e+00
 Pres. DC (bar) Pressure (bar)   Constr. rmsd
   -2.16941e+02   -5.87020e+00    5.51778e-06


DD  step 384999  vol min/aver 0.817  load imb.: force  2.2%  pme mesh/force 0.589
           Step           Time
         385000      770.00000

   Energies (kJ/mol)
           Bond          Angle    Proper Dih. Per. Imp. Dih.          LJ-14
    3.11965e+03    1.01593e+04    3.65439e+04    1.90866e+02    1.36618e+04
     Coulomb-14        LJ (SR)  Disper. corr.   Coulomb (SR)   Coul. recip.
   -1.41092e+05    6.04100e+06   -2.03240e+05   -3.40253e+07    5.13206e+04
      Potential    Kinetic En.   Total Energy  Conserved En.    Temperature
   -2.82136e+07    1.36709e+05   -2.80769e+07   -2.80448e+07    1.00084e+01
 Pres. DC (bar) Pressure (bar)   Constr. rmsd
   -2.16918e+02   -1.42329e+01    5.56844e-06

Writing checkpoint, step 387600 at Sun Nov 30 04:23:27 2025



DD  step 389999  vol min/aver 0.821  load imb.: force  1.3%  pme mesh/force 0.605
           Step           Time
         390000      780.00000

   Energies (kJ/mol)
           Bond          Angle    Proper Dih. Per. Imp. Dih.          LJ-14
    3.09994e+03    1.01714e+04    3.65206e+04    1.90682e+02    1.37034e+04
     Coulomb-14        LJ (SR)  Disper. corr.   Coulomb (SR)   Coul. recip.
   -1.40980e+05    6.04580e+06   -2.03286e+05   -3.40304e+07    5.13654e+04
      Potential    Kinetic En.   Total Energy  Conserved En.    Temperature
   -2.82138e+07    1.36481e+05   -2.80773e+07   -2.80446e+07    9.99169e+00
 Pres. DC (bar) Pressure (bar)   Constr. rmsd
   -2.17014e+02    5.94860e+00    5.46725e-06


DD  step 394999  vol min/aver 0.809  load imb.: force  0.7%  pme mesh/force 0.595
           Step           Time
         395000      790.00000

   Energies (kJ/mol)
           Bond          Angle    Proper Dih. Per. Imp. Dih.          LJ-14
    3.11690e+03    1.01275e+04    3.65111e+04    1.90037e+02    1.37141e+04
     Coulomb-14        LJ (SR)  Disper. corr.   Coulomb (SR)   Coul. recip.
   -1.40921e+05    6.04518e+06   -2.03294e+05   -3.40295e+07    5.13099e+04
      Potential    Kinetic En.   Total Energy  Conserved En.    Temperature
   -2.82136e+07    1.36836e+05   -2.80767e+07   -2.80443e+07    1.00177e+01
 Pres. DC (bar) Pressure (bar)   Constr. rmsd
   -2.17032e+02    8.11699e+00    5.41987e-06


DD  step 399999  vol min/aver 0.816  load imb.: force  1.1%  pme mesh/force 0.596
           Step           Time
         400000      800.00000

   Energies (kJ/mol)
           Bond          Angle    Proper Dih. Per. Imp. Dih.          LJ-14
    3.09866e+03    1.01988e+04    3.65154e+04    1.92252e+02    1.37246e+04
     Coulomb-14        LJ (SR)  Disper. corr.   Coulomb (SR)   Coul. recip.
   -1.41139e+05    6.04290e+06   -2.03261e+05   -3.40274e+07    5.13002e+04
      Potential    Kinetic En.   Total Energy  Conserved En.    Temperature
   -2.82138e+07    1.36583e+05   -2.80773e+07   -2.80441e+07    9.99914e+00
 Pres. DC (bar) Pressure (bar)   Constr. rmsd
   -2.16962e+02   -4.37522e+00    5.53986e-06


DD  step 404999  vol min/aver 0.810  load imb.: force  1.2%  pme mesh/force 0.593
           Step           Time
         405000      810.00000

   Energies (kJ/mol)
           Bond          Angle    Proper Dih. Per. Imp. Dih.          LJ-14
    3.09444e+03    1.01432e+04    3.65717e+04    1.93797e+02    1.37015e+04
     Coulomb-14        LJ (SR)  Disper. corr.   Coulomb (SR)   Coul. recip.
   -1.40986e+05    6.03987e+06   -2.03215e+05   -3.40245e+07    5.13409e+04
      Potential    Kinetic En.   Total Energy  Conserved En.    Temperature
   -2.82138e+07    1.36643e+05   -2.80772e+07   -2.80438e+07    1.00035e+01
 Pres. DC (bar) Pressure (bar)   Constr. rmsd
   -2.16864e+02   -1.89840e+01    5.47566e-06


DD  step 409999  vol min/aver 0.812  load imb.: force  1.4%  pme mesh/force 0.589
           Step           Time
         410000      820.00000

   Energies (kJ/mol)
           Bond          Angle    Proper Dih. Per. Imp. Dih.          LJ-14
    3.16446e+03    1.02199e+04    3.65687e+04    1.97024e+02    1.37269e+04
     Coulomb-14        LJ (SR)  Disper. corr.   Coulomb (SR)   Coul. recip.
   -1.41009e+05    6.03822e+06   -2.03186e+05   -3.40229e+07    5.13444e+04
      Potential    Kinetic En.   Total Energy  Conserved En.    Temperature
   -2.82137e+07    1.36305e+05   -2.80774e+07   -2.80435e+07    9.97879e+00
 Pres. DC (bar) Pressure (bar)   Constr. rmsd
   -2.16802e+02   -2.88422e+01    5.39699e-06


DD  step 414999  vol min/aver 0.828  load imb.: force  1.2%  pme mesh/force 0.598
           Step           Time
         415000      830.00000

   Energies (kJ/mol)
           Bond          Angle    Proper Dih. Per. Imp. Dih.          LJ-14
    3.09693e+03    1.01114e+04    3.65544e+04    1.92470e+02    1.37091e+04
     Coulomb-14        LJ (SR)  Disper. corr.   Coulomb (SR)   Coul. recip.
   -1.41076e+05    6.04340e+06   -2.03274e+05   -3.40280e+07    5.12719e+04
      Potential    Kinetic En.   Total Energy  Conserved En.    Temperature
   -2.82140e+07    1.36734e+05   -2.80773e+07   -2.80432e+07    1.00102e+01
 Pres. DC (bar) Pressure (bar)   Constr. rmsd
   -2.16990e+02   -3.04741e+00    5.42579e-06


DD  step 419999  vol min/aver 0.830  load imb.: force  1.0%  pme mesh/force 0.600
           Step           Time
         420000      840.00000

   Energies (kJ/mol)
           Bond          Angle    Proper Dih. Per. Imp. Dih.          LJ-14
    3.12757e+03    1.00952e+04    3.65203e+04    1.85396e+02    1.37163e+04
     Coulomb-14        LJ (SR)  Disper. corr.   Coulomb (SR)   Coul. recip.
   -1.41118e+05    6.05178e+06   -2.03377e+05   -3.40363e+07    5.12749e+04
      Potential    Kinetic En.   Total Energy  Conserved En.    Temperature
   -2.82141e+07    1.36738e+05   -2.80774e+07   -2.80427e+07    1.00105e+01
 Pres. DC (bar) Pressure (bar)   Constr. rmsd
   -2.17210e+02    3.45631e+01    5.50975e-06


DD  step 424999  vol min/aver 0.831  load imb.: force  1.0%  pme mesh/force 0.600
           Step           Time
         425000      850.00000

   Energies (kJ/mol)
           Bond          Angle    Proper Dih. Per. Imp. Dih.          LJ-14
    3.14158e+03    1.01166e+04    3.65701e+04    1.97540e+02    1.37267e+04
     Coulomb-14        LJ (SR)  Disper. corr.   Coulomb (SR)   Coul. recip.
   -1.40966e+05    6.05028e+06   -2.03385e+05   -3.40350e+07    5.12279e+04
      Potential    Kinetic En.   Total Energy  Conserved En.    Temperature
   -2.82141e+07    1.36343e+05   -2.80777e+07   -2.80423e+07    9.98156e+00
 Pres. DC (bar) Pressure (bar)   Constr. rmsd
   -2.17227e+02    3.09766e+01    5.47488e-06

Writing checkpoint, step 426500 at Sun Nov 30 04:38:25 2025



DD  step 429999  vol min/aver 0.839  load imb.: force  1.0%  pme mesh/force 0.595
           Step           Time
         430000      860.00000

   Energies (kJ/mol)
           Bond          Angle    Proper Dih. Per. Imp. Dih.          LJ-14
    3.07883e+03    1.01997e+04    3.65313e+04    1.96774e+02    1.37094e+04
     Coulomb-14        LJ (SR)  Disper. corr.   Coulomb (SR)   Coul. recip.
   -1.40908e+05    6.04738e+06   -2.03353e+05   -3.40322e+07    5.12889e+04
      Potential    Kinetic En.   Total Energy  Conserved En.    Temperature
   -2.82141e+07    1.36648e+05   -2.80774e+07   -2.80419e+07    1.00039e+01
 Pres. DC (bar) Pressure (bar)   Constr. rmsd
   -2.17158e+02    1.80317e+01    5.49218e-06


DD  step 434999  vol min/aver 0.842  load imb.: force  1.2%  pme mesh/force 0.602
           Step           Time
         435000      870.00000

   Energies (kJ/mol)
           Bond          Angle    Proper Dih. Per. Imp. Dih.          LJ-14
    3.07708e+03    1.01389e+04    3.65598e+04    1.94496e+02    1.37188e+04
     Coulomb-14        LJ (SR)  Disper. corr.   Coulomb (SR)   Coul. recip.
   -1.41028e+05    6.04349e+06   -2.03283e+05   -3.40284e+07    5.13669e+04
      Potential    Kinetic En.   Total Energy  Conserved En.    Temperature
   -2.82142e+07    1.36681e+05   -2.80775e+07   -2.80416e+07    1.00063e+01
 Pres. DC (bar) Pressure (bar)   Constr. rmsd
   -2.17008e+02   -3.06764e+00    5.60558e-06


DD  step 439999  vol min/aver 0.842  load imb.: force  0.9%  pme mesh/force 0.588
           Step           Time
         440000      880.00000

   Energies (kJ/mol)
           Bond          Angle    Proper Dih. Per. Imp. Dih.          LJ-14
    3.15818e+03    1.01723e+04    3.65508e+04    1.89531e+02    1.37366e+04
     Coulomb-14        LJ (SR)  Disper. corr.   Coulomb (SR)   Coul. recip.
   -1.41050e+05    6.03720e+06   -2.03159e+05   -3.40222e+07    5.13268e+04
      Potential    Kinetic En.   Total Energy  Conserved En.    Temperature
   -2.82141e+07    1.36656e+05   -2.80775e+07   -2.80410e+07    1.00045e+01
 Pres. DC (bar) Pressure (bar)   Constr. rmsd
   -2.16744e+02   -3.41508e+01    5.51656e-06


DD  step 444999  vol min/aver 0.851  load imb.: force  3.8%  pme mesh/force 0.576
           Step           Time
         445000      890.00000

   Energies (kJ/mol)
           Bond          Angle    Proper Dih. Per. Imp. Dih.          LJ-14
    3.10949e+03    1.01538e+04    3.65176e+04    1.86849e+02    1.36738e+04
     Coulomb-14        LJ (SR)  Disper. corr.   Coulomb (SR)   Coul. recip.
   -1.41007e+05    6.02943e+06   -2.03080e+05   -3.40143e+07    5.13563e+04
      Potential    Kinetic En.   Total Energy  Conserved En.    Temperature
   -2.82139e+07    1.36806e+05   -2.80771e+07   -2.80403e+07    1.00155e+01
 Pres. DC (bar) Pressure (bar)   Constr. rmsd
   -2.16575e+02   -6.61738e+01    5.45965e-06


DD  step 449999  vol min/aver 0.846  load imb.: force  5.9%  pme mesh/force 0.573
           Step           Time
         450000      900.00000

   Energies (kJ/mol)
           Bond          Angle    Proper Dih. Per. Imp. Dih.          LJ-14
    3.11238e+03    1.01406e+04    3.65492e+04    1.93550e+02    1.37380e+04
     Coulomb-14        LJ (SR)  Disper. corr.   Coulomb (SR)   Coul. recip.
   -1.40947e+05    6.04318e+06   -2.03280e+05   -3.40282e+07    5.12845e+04
      Potential    Kinetic En.   Total Energy  Conserved En.    Temperature
   -2.82143e+07    1.36601e+05   -2.80777e+07   -2.80394e+07    1.00005e+01
 Pres. DC (bar) Pressure (bar)   Constr. rmsd
   -2.17002e+02   -2.58250e+00    5.44303e-06


DD  step 454999  vol min/aver 0.831  load imb.: force  3.8%  pme mesh/force 0.574
           Step           Time
         455000      910.00000

   Energies (kJ/mol)
           Bond          Angle    Proper Dih. Per. Imp. Dih.          LJ-14
    3.15984e+03    1.01734e+04    3.65824e+04    1.96628e+02    1.36684e+04
     Coulomb-14        LJ (SR)  Disper. corr.   Coulomb (SR)   Coul. recip.
   -1.41002e+05    6.05648e+06   -2.03481e+05   -3.40412e+07    5.12284e+04
      Potential    Kinetic En.   Total Energy  Conserved En.    Temperature
   -2.82142e+07    1.36416e+05   -2.80778e+07   -2.80387e+07    9.98693e+00
 Pres. DC (bar) Pressure (bar)   Constr. rmsd
   -2.17430e+02    5.79894e+01    5.49243e-06


DD  step 459999  vol min/aver 0.820  load imb.: force  1.8%  pme mesh/force 0.605
           Step           Time
         460000      920.00000

   Energies (kJ/mol)
           Bond          Angle    Proper Dih. Per. Imp. Dih.          LJ-14
    3.08594e+03    1.01549e+04    3.65183e+04    1.89170e+02    1.37152e+04
     Coulomb-14        LJ (SR)  Disper. corr.   Coulomb (SR)   Coul. recip.
   -1.41051e+05    6.05527e+06   -2.03469e+05   -3.40401e+07    5.12989e+04
      Potential    Kinetic En.   Total Energy  Conserved En.    Temperature
   -2.82144e+07    1.36518e+05   -2.80779e+07   -2.80378e+07    9.99439e+00
 Pres. DC (bar) Pressure (bar)   Constr. rmsd
   -2.17405e+02    5.37454e+01    5.42888e-06


DD  step 464999  vol min/aver 0.822  load imb.: force  1.6%  pme mesh/force 0.584
           Step           Time
         465000      930.00000

   Energies (kJ/mol)
           Bond          Angle    Proper Dih. Per. Imp. Dih.          LJ-14
    3.10087e+03    1.00605e+04    3.65516e+04    1.91515e+02    1.37344e+04
     Coulomb-14        LJ (SR)  Disper. corr.   Coulomb (SR)   Coul. recip.
   -1.40980e+05    6.03834e+06   -2.03207e+05   -3.40235e+07    5.13023e+04
      Potential    Kinetic En.   Total Energy  Conserved En.    Temperature
   -2.82144e+07    1.36609e+05   -2.80778e+07   -2.80366e+07    1.00010e+01
 Pres. DC (bar) Pressure (bar)   Constr. rmsd
   -2.16846e+02   -2.50128e+01    5.45070e-06

Writing checkpoint, step 465400 at Sun Nov 30 04:53:25 2025



DD  step 469999  vol min/aver 0.814  load imb.: force  1.0%  pme mesh/force 0.593
           Step           Time
         470000      940.00000

   Energies (kJ/mol)
           Bond          Angle    Proper Dih. Per. Imp. Dih.          LJ-14
    3.11072e+03    1.01613e+04    3.65634e+04    1.91010e+02    1.37205e+04
     Coulomb-14        LJ (SR)  Disper. corr.   Coulomb (SR)   Coul. recip.
   -1.40952e+05    6.02714e+06   -2.03063e+05   -3.40123e+07    5.13525e+04
      Potential    Kinetic En.   Total Energy  Conserved En.    Temperature
   -2.82141e+07    1.36538e+05   -2.80775e+07   -2.80354e+07    9.99586e+00
 Pres. DC (bar) Pressure (bar)   Constr. rmsd
   -2.16539e+02   -7.42910e+01    5.46074e-06


DD  step 474999  vol min/aver 0.815  load imb.: force  0.9%  pme mesh/force 0.594
           Step           Time
         475000      950.00000

   Energies (kJ/mol)
           Bond          Angle    Proper Dih. Per. Imp. Dih.          LJ-14
    3.12796e+03    1.01353e+04    3.65571e+04    1.93004e+02    1.37094e+04
     Coulomb-14        LJ (SR)  Disper. corr.   Coulomb (SR)   Coul. recip.
   -1.41046e+05    6.03286e+06   -2.03101e+05   -3.40179e+07    5.12615e+04
      Potential    Kinetic En.   Total Energy  Conserved En.    Temperature
   -2.82142e+07    1.36618e+05   -2.80776e+07   -2.80344e+07    1.00018e+01
 Pres. DC (bar) Pressure (bar)   Constr. rmsd
   -2.16621e+02   -5.42065e+01    5.43025e-06


DD  step 479999  vol min/aver 0.820  load imb.: force  1.6%  pme mesh/force 0.592
           Step           Time
         480000      960.00000

   Energies (kJ/mol)
           Bond          Angle    Proper Dih. Per. Imp. Dih.          LJ-14
    3.10198e+03    1.01666e+04    3.64979e+04    1.97999e+02    1.37077e+04
     Coulomb-14        LJ (SR)  Disper. corr.   Coulomb (SR)   Coul. recip.
   -1.41082e+05    6.05024e+06   -2.03380e+05   -3.40351e+07    5.12695e+04
      Potential    Kinetic En.   Total Energy  Conserved En.    Temperature
   -2.82143e+07    1.36500e+05   -2.80778e+07   -2.80331e+07    9.99307e+00
 Pres. DC (bar) Pressure (bar)   Constr. rmsd
   -2.17214e+02    2.89554e+01    5.43959e-06


DD  step 484999  vol min/aver 0.831  load imb.: force  0.8%  pme mesh/force 0.600
           Step           Time
         485000      970.00000

   Energies (kJ/mol)
           Bond          Angle    Proper Dih. Per. Imp. Dih.          LJ-14
    3.15126e+03    1.01626e+04    3.65231e+04    1.89257e+02    1.37285e+04
     Coulomb-14        LJ (SR)  Disper. corr.   Coulomb (SR)   Coul. recip.
   -1.41112e+05    6.06247e+06   -2.03590e+05   -3.40470e+07    5.11780e+04
      Potential    Kinetic En.   Total Energy  Conserved En.    Temperature
   -2.82143e+07    1.36522e+05   -2.80778e+07   -2.80315e+07    9.99471e+00
 Pres. DC (bar) Pressure (bar)   Constr. rmsd
   -2.17663e+02    8.90649e+01    5.43303e-06


DD  step 489999  vol min/aver 0.834  load imb.: force  1.0%  pme mesh/force 0.599
           Step           Time
         490000      980.00000

   Energies (kJ/mol)
           Bond          Angle    Proper Dih. Per. Imp. Dih.          LJ-14
    3.08148e+03    1.01351e+04    3.65447e+04    1.96431e+02    1.37206e+04
     Coulomb-14        LJ (SR)  Disper. corr.   Coulomb (SR)   Coul. recip.
   -1.40977e+05    6.05347e+06   -2.03464e+05   -3.40386e+07    5.12382e+04
      Potential    Kinetic En.   Total Energy  Conserved En.    Temperature
   -2.82147e+07    1.36613e+05   -2.80780e+07   -2.80297e+07    1.00014e+01
 Pres. DC (bar) Pressure (bar)   Constr. rmsd
   -2.17394e+02    4.77882e+01    5.45893e-06


DD  step 494999  vol min/aver 0.834  load imb.: force  0.9%  pme mesh/force 0.600
           Step           Time
         495000      990.00000

   Energies (kJ/mol)
           Bond          Angle    Proper Dih. Per. Imp. Dih.          LJ-14
    3.11004e+03    1.01924e+04    3.65587e+04    1.98430e+02    1.37052e+04
     Coulomb-14        LJ (SR)  Disper. corr.   Coulomb (SR)   Coul. recip.
   -1.40965e+05    6.03404e+06   -2.03132e+05   -3.40193e+07    5.12765e+04
      Potential    Kinetic En.   Total Energy  Conserved En.    Temperature
   -2.82143e+07    1.36751e+05   -2.80776e+07   -2.80280e+07    1.00115e+01
 Pres. DC (bar) Pressure (bar)   Constr. rmsd
   -2.16686e+02   -4.68365e+01    5.43910e-06


DD  step 499999  vol min/aver 0.832  load imb.: force  0.8%  pme mesh/force 0.590
           Step           Time
         500000     1000.00000

Writing checkpoint, step 500000 at Sun Nov 30 05:06:44 2025


   Energies (kJ/mol)
           Bond          Angle    Proper Dih. Per. Imp. Dih.          LJ-14
    3.11258e+03    1.01653e+04    3.65433e+04    1.99532e+02    1.37085e+04
     Coulomb-14        LJ (SR)  Disper. corr.   Coulomb (SR)   Coul. recip.
   -1.40934e+05    6.02942e+06   -2.03075e+05   -3.40148e+07    5.13676e+04
      Potential    Kinetic En.   Total Energy  Conserved En.    Temperature
   -2.82143e+07    1.36632e+05   -2.80777e+07   -2.80268e+07    1.00028e+01
 Pres. DC (bar) Pressure (bar)   Constr. rmsd
   -2.16565e+02   -6.61932e+01    5.46696e-06


Energy conservation over simulation part #1 of length 1000 ps, time 0 to 1000 ps
  Conserved energy drift: 2.61e-05 kJ/mol/ps per atom


	<======  ###############  ==>
	<====  A V E R A G E S  ====>
	<==  ###############  ======>

	Statistics over 500001 steps using 5001 frames

   Energies (kJ/mol)
           Bond          Angle    Proper Dih. Per. Imp. Dih.          LJ-14
    3.05499e+03    1.00926e+04    3.65358e+04    1.92664e+02    1.37053e+04
     Coulomb-14        LJ (SR)  Disper. corr.   Coulomb (SR)   Coul. recip.
   -1.41024e+05    6.04322e+06   -2.03257e+05   -3.40266e+07    5.13618e+04
      Potential    Kinetic En.   Total Energy  Conserved En.    Temperature
   -2.82127e+07    1.36601e+05   -2.80761e+07   -2.80532e+07    1.00005e+01
 Pres. DC (bar) Pressure (bar)   Constr. rmsd
   -2.16953e+02   -2.65763e+00    0.00000e+00

          Box-X          Box-Y          Box-Z
    2.80314e+01    2.80314e+01    1.98212e+01

   Total Virial (kJ/mol)
    5.92251e+04   -5.24057e+04    3.13794e+04
   -5.22007e+04    3.63899e+04   -2.40595e+04
    3.14710e+04   -2.40416e+04    4.47404e+04

   Pressure (bar)
   -2.84846e+01    1.11856e+02   -6.64134e+01
    1.11419e+02    1.95020e+01    5.12159e+01
   -6.66087e+01    5.11778e+01    1.00974e+00

      T-Protein  T-non-Protein
    1.00120e+01    1.00005e+01


	M E G A - F L O P S   A C C O U N T I N G

 NB=Group-cutoff nonbonded kernels    NxN=N-by-N cluster Verlet kernels
 RF=Reaction-Field  VdW=Van der Waals  QSTab=quadratic-spline table
 W3=SPC/TIP3p  W4=TIP4p (single or pairs)
 V&F=Potential and force  V=Potential only  F=Force only

 Computing:                               M-Number         M-Flops  % Flops
-----------------------------------------------------------------------------
 Pair Search distance check         3148598.118820    28337383.069     0.1
 NxN Ewald Elec. + LJ [F]         223877432.503296 14775910545.218    48.1
 NxN Ewald Elec. + LJ [V&F]         2261840.084384   242016889.029     0.8
 NxN Ewald Elec. [F]              220112278.832160 13426849008.762    43.7
 NxN Ewald Elec. [V&F]              2223800.658336   186799255.300     0.6
 1,4 nonbonded interactions           16339.532679     1470557.941     0.0
 Calc Weights                       2457879.415749    88483658.967     0.3
 Spread Q Bspline                  52434760.869312   104869521.739     0.3
 Gather F Bspline                  52434760.869312   314608565.216     1.0
 3D-FFT                           161056864.113084  1288454912.905     4.2
 Solve PME                          1787907.575808   114426084.852     0.4
 Reset In Box                          8192.915000       24578.745     0.0
 CG-CoM                                8194.553583       24583.661     0.0
 Bonds                                 4544.509089      268126.036     0.0
 Angles                               12232.024464     2054980.110     0.0
 Propers                              21374.542749     4894770.290     0.0
 Impropers                             1166.502333      242632.485     0.0
 Virial                               16405.470383      295298.467     0.0
 Stop-CM                               8194.553583       81945.536     0.0
 Calc-Ekin                           163861.577166     4424262.583     0.0
 Lincs                                 2274.504549      136470.273     0.0
 Lincs-Mat                             5622.011244       22488.045     0.0
 Constraint-V                        817295.634588     7355660.711     0.0
 Constraint-Vir                       16302.020039      391248.481     0.0
 Settle                              270915.541830   100238750.477     0.3
-----------------------------------------------------------------------------
 Total                                             30692682178.897   100.0
-----------------------------------------------------------------------------


    D O M A I N   D E C O M P O S I T I O N   S T A T I S T I C S

 av. #atoms communicated per step for force:  2 x 1135475.7


Dynamic load balancing report:
 DLB was turned on during the run due to measured imbalance.
 Average load imbalance: 2.0%.
 The balanceable part of the MD step is 91%, load imbalance is computed from this.
 Part of the total run time spent waiting due to load imbalance: 1.9%.
 Steps where the load balancing was limited by -rdd, -rcon and/or -dds: X 0 % Y 0 % Z 0 %
 Average PME mesh/force load: 0.598
 Part of the total run time spent waiting due to PP/PME imbalance: 13.6 %

NOTE: 13.6 % performance was lost because the PME ranks
      had less work to do than the PP ranks.
      You might want to decrease the number of PME ranks
      or decrease the cut-off and the grid spacing.


      R E A L   C Y C L E   A N D   T I M E   A C C O U N T I N G

On 40 MPI ranks doing PP, and
on 24 MPI ranks doing PME

 Activity:              Num   Num      Call    Wall time         Giga-Cycles
                        Ranks Threads  Count      (s)         total sum    %
--------------------------------------------------------------------------------
 Domain decomp.           40    1       5000      60.440       6164.813   0.3
 DD comm. load            40    1       5000       0.674         68.767   0.0
 DD comm. bounds          40    1       4901       2.072        211.322   0.0
 Send X to PME            40    1     500001      72.987       7444.568   0.4
 Neighbor search          40    1       5001     291.365      29718.906   1.6
 Comm. coord.             40    1     495000     299.816      30580.869   1.6
 Force                    40    1     500001    9822.022    1001835.785  52.9
 Wait + Comm. F           40    1     500001     435.939      44465.280   2.3
 PME mesh *               24    1     500001    5873.325     359443.735  19.0
 PME wait for PP *                              5728.713     350593.544  18.5
 Wait + Recv. PME F       40    1     500001      63.704       6497.713   0.3
 NB X/F buffer ops.       40    1    1490001     122.777      12523.135   0.7
 Write traj.              40    1        113       1.192        121.601   0.0
 Update                   40    1     500001     167.456      17080.336   0.9
 Constraints              40    1     500001     185.385      18909.047   1.0
 Comm. energies           40    1      50001      52.102       5314.301   0.3
 Rest                                             24.164       2464.656   0.1
--------------------------------------------------------------------------------
 Total                                         11602.093    1893441.759 100.0
--------------------------------------------------------------------------------
(*) Note that with separate PME ranks, the walltime column actually sums to
    twice the total reported, but the cycle count total and % are correct.
--------------------------------------------------------------------------------
 Breakdown of PME mesh activities
--------------------------------------------------------------------------------
 PME redist. X/F          24    1    1000002    1443.713      88354.304   4.7
 PME spread               24    1     500001    1204.862      73736.801   3.9
 PME gather               24    1     500001    1469.465      89930.316   4.7
 PME 3D-FFT               24    1    1000002    1224.067      74912.116   4.0
 PME 3D-FFT Comm.         24    1    1000002     471.865      28877.839   1.5
 PME solve Elec           24    1     500001      58.367       3572.037   0.2
--------------------------------------------------------------------------------

               Core t (s)   Wall t (s)        (%)
       Time:   742533.288    11602.093     6400.0
                         3h13:22
                 (ns/day)    (hour/ns)
Performance:        7.447        3.223
Finished mdrun on rank 0 Sun Nov 30 05:06:46 2025

