# This file was created Wed Jul  1 14:20:48 2026
# Created by:
#                       :-) GROMACS - gmx rms, 2024.3 (-:
# 
# Executable:   /users/cdohert4/gromacs-2024.3/bin/gmx
# Data prefix:  /users/cdohert4/gromacs-2024.3
# Working dir:  /oscar/home/cdohert4/Experimental Data/HuR New Modified 4/HuR 50 ns
# Command line:
#   gmx rms -s processed.gro -f centered_NEW.xtc -o RMSD_new.xvg -n index_NEW.ndx -tu ns
# gmx rms is part of G R O M A C S:
#
# Gallium Rubidium Oxygen Manganese Argon Carbon Silicon
#
@    title "RMSD"
@    xaxis  label "Time (ns)"
@    yaxis  label "RMSD (nm)"
@TYPE xy
@ subtitle "Protein_RNA after lsq fit to RNA"
   0.0000000    0.0936570
   0.0100000    0.2293651
   0.0200000    0.2807197
   0.0300000    0.3347386
   0.0400000    0.3787278
   0.0500000    0.4238506
   0.0600000    0.4622940
   0.0700000    0.4797794
   0.0800000    0.5001214
   0.0900000    0.5075159
   0.1000000    0.5488941
   0.1100000    0.5891932
   0.1200000    0.6076640
   0.1300000    0.6249177
   0.1400000    0.6545001
   0.1500000    0.6766689
   0.1600000    0.7092161
   0.1700000    0.7154282
   0.1800000    0.7491117
   0.1900000    0.7501906
   0.2000000    0.7663240
   0.2100000    0.7855013
   0.2200000    0.7766462
   0.2300000    0.7773086
   0.2400000    0.7776173
   0.2500000    0.7872289
   0.2600000    0.7989429
   0.2700000    0.8266498
   0.2800000    0.8243997
   0.2900000    0.8235554
   0.3000000    0.8537523
   0.3100000    0.8647750
   0.3200000    0.8908238
   0.3300000    0.8990152
   0.3400000    0.8997011
   0.3500000    0.9076496
   0.3600000    0.9196463
   0.3700000    0.9101682
   0.3800000    0.9045244
   0.3900000    0.9059904
   0.4000000    0.9130883
   0.4100000    0.9215616
   0.4200000    0.9379954
   0.4300000    0.9368889
   0.4400000    0.9231290
   0.4500000    0.9315063
   0.4600000    0.9706348
   0.4700000    0.9811854
   0.4800000    0.9882982
   0.4900000    0.9971615
   0.5000000    0.9861309
   0.5100001    1.0010229
   0.5200000    0.9938829
   0.5300000    0.9842531
   0.5400000    0.9739449
   0.5500000    0.9626045
   0.5600000    0.9585225
   0.5700001    0.9771662
   0.5800000    0.9877405
   0.5900000    0.9816005
   0.6000000    0.9735705
   0.6100000    0.9920337
   0.6200000    0.9923811
   0.6300001    1.0093201
   0.6400000    1.0151335
   0.6500000    1.0033956
   0.6600000    0.9857245
   0.6700000    0.9913995
   0.6800000    0.9829736
   0.6900001    0.9843140
   0.7000000    0.9975128
   0.7100000    0.9846943
   0.7200000    1.0044264
   0.7300000    1.0001390
   0.7400000    1.0416032
   0.7500001    1.0415534
   0.7600001    1.0513381
   0.7700000    1.0442697
   0.7800000    1.0516331
   0.7900000    1.0485131
   0.8000000    1.0634382
   0.8100001    1.0620328
   0.8200001    1.0685951
   0.8300000    1.0440307
   0.8400000    1.0256495
   0.8500000    1.0355709
   0.8600000    1.0439075
   0.8700001    1.0424054
   0.8800001    1.0624874
   0.8900000    1.0631833
   0.9000000    1.0645446
   0.9100000    1.0624057
   0.9200000    1.0669636
   0.9300001    1.0608354
   0.9400001    1.0787132
   0.9500000    1.0967951
   0.9600000    1.1057949
   0.9700000    1.1154747
   0.9800000    1.1075419
   0.9900001    1.1360357
   1.0000000    1.1357669
   1.0100000    1.1357121
   1.0200001    1.1258974
   1.0300001    1.1187369
   1.0400001    1.1311405
   1.0500001    1.1153433
   1.0600001    1.1100519
   1.0700001    1.1207244
   1.0800000    1.1250148
   1.0900000    1.0841432
   1.1000000    1.0885934
   1.1100000    1.0917515
   1.1200000    1.0876004
   1.1300000    1.1011949
   1.1400001    1.0999024
   1.1500001    1.1059934
   1.1600001    1.0948344
   1.1700001    1.1051345
   1.1800001    1.0837494
   1.1900001    1.0677274
   1.2000000    1.0635428
   1.2100000    1.0609874
   1.2200000    1.0775176
   1.2300000    1.0761281
   1.2400000    1.0888247
   1.2500000    1.0861520
   1.2600001    1.0984693
   1.2700001    1.0740572
   1.2800001    1.0833039
   1.2900001    1.0921576
   1.3000001    1.1055681
   1.3100001    1.1190614
   1.3200001    1.1524371
   1.3300000    1.1534547
   1.3400000    1.1887358
   1.3500000    1.2054440
   1.3600000    1.1886146
   1.3700001    1.1667864
   1.3800001    1.1480815
   1.3900001    1.1441472
   1.4000001    1.1580292
   1.4100001    1.1551597
   1.4200001    1.1618054
   1.4300001    1.1310263
   1.4400001    1.1305758
   1.4500000    1.1293055
   1.4600000    1.1429472
   1.4700000    1.1271230
   1.4800000    1.1204051
   1.4900001    1.1238763
   1.5000001    1.1485168
   1.5100001    1.1600093
   1.5200001    1.1479785
   1.5300001    1.1533929
   1.5400001    1.1207887
   1.5500001    1.1043663
   1.5600001    1.0998319
   1.5700001    1.1077837
   1.5800000    1.1213125
   1.5900000    1.1057413
   1.6000000    1.1176758
   1.6100001    1.1194282
   1.6200001    1.1275308
   1.6300001    1.1407332
   1.6400001    1.1332027
   1.6500001    1.1253099
   1.6600001    1.1389667
   1.6700001    1.1510336
   1.6800001    1.1387067
   1.6900001    1.1513087
   1.7000000    1.1364788
   1.7100000    1.1417648
   1.7200000    1.1594923
   1.7300001    1.1943158
   1.7400001    1.2487036
   1.7500001    1.2623360
   1.7600001    1.2615308
   1.7700001    1.2505857
   1.7800001    1.2336140
   1.7900001    1.2407010
   1.8000001    1.2348292
   1.8100001    1.2363386
   1.8200001    1.2344558
   1.8300000    1.2065343
   1.8400000    1.2059892
   1.8500001    1.2053347
   1.8600001    1.2081320
   1.8700001    1.2031561
   1.8800001    1.2106438
   1.8900001    1.2051111
   1.9000001    1.1806237
   1.9100001    1.1853150
   1.9200001    1.1903379
   1.9300001    1.2075810
   1.9400001    1.1930423
   1.9500000    1.1698029
   1.9600000    1.1844143
   1.9700001    1.1998396
   1.9800001    1.1975393
   1.9900001    1.1949915
   2.0000000    1.1732681
   2.0100000    1.1684371
   2.0200000    1.1893566
   2.0300002    1.1917160
   2.0400002    1.1670943
   2.0500002    1.1849896
   2.0600002    1.1722908
   2.0700002    1.1790234
   2.0800002    1.1862305
   2.0900002    1.2124581
   2.1000001    1.2126471
   2.1100001    1.1958548
   2.1200001    1.2167743
   2.1300001    1.2271723
   2.1400001    1.2271700
   2.1500001    1.2275959
   2.1600001    1.2191979
   2.1700001    1.2008591
   2.1800001    1.1721762
   2.1900001    1.1758569
   2.2000000    1.1852609
   2.2100000    1.2024738
   2.2200000    1.1816139
   2.2300000    1.1615113
   2.2400000    1.1590222
   2.2500000    1.1534030
   2.2600000    1.1608840
   2.2700002    1.1613140
   2.2800002    1.1702273
   2.2900002    1.1754791
   2.3000002    1.1571546
   2.3100002    1.1887882
   2.3200002    1.1938061
   2.3300002    1.1943032
   2.3400002    1.1798716
   2.3500001    1.1878462
   2.3600001    1.1910248
   2.3700001    1.1879439
   2.3800001    1.1407261
   2.3900001    1.1275152
   2.4000001    1.1397622
   2.4100001    1.1589899
   2.4200001    1.1967547
   2.4300001    1.2022799
   2.4400001    1.2192268
   2.4500000    1.2135930
   2.4600000    1.2022535
   2.4700000    1.2125381
   2.4800000    1.2156434
   2.4900000    1.2320517
   2.5000000    1.2311841
   2.5100002    1.2259089
   2.5200002    1.2331808
   2.5300002    1.2290541
   2.5400002    1.2493328
   2.5500002    1.2389920
   2.5600002    1.2365177
   2.5700002    1.2087322
   2.5800002    1.1804192
   2.5900002    1.1997104
   2.6000001    1.2052678
   2.6100001    1.1833588
   2.6200001    1.1827694
   2.6300001    1.1824944
   2.6400001    1.1920097
   2.6500001    1.1902864
   2.6600001    1.1578864
   2.6700001    1.1818955
   2.6800001    1.2111663
   2.6900001    1.2015946
   2.7000000    1.2061443
   2.7100000    1.1840007
   2.7200000    1.1795720
   2.7300000    1.2249582
   2.7400002    1.2394425
   2.7500002    1.2360245
   2.7600002    1.2567554
   2.7700002    1.2642615
   2.7800002    1.2621796
   2.7900002    1.2663759
   2.8000002    1.2536286
   2.8100002    1.2663562
   2.8200002    1.2646434
   2.8300002    1.2822862
   2.8400002    1.3083385
   2.8500001    1.3069701
   2.8600001    1.2959459
   2.8700001    1.3010768
   2.8800001    1.2984314
   2.8900001    1.2782688
   2.9000001    1.2719378
   2.9100001    1.2619245
   2.9200001    1.2456330
   2.9300001    1.2550412
   2.9400001    1.2426091
   2.9500000    1.2243065
   2.9600000    1.2036760
   2.9700000    1.1900885
   2.9800003    1.1833664
   2.9900002    1.2040160
   3.0000002    1.2023681
   3.0100002    1.2108829
   3.0200002    1.2137223
   3.0300002    1.2341206
   3.0400002    1.2303600
   3.0500002    1.2192408
   3.0600002    1.2218002
   3.0700002    1.2199997
   3.0800002    1.2246670
   3.0900002    1.2253964
   3.1000001    1.2188926
   3.1100001    1.2398039
   3.1200001    1.2212583
   3.1300001    1.2151605
   3.1400001    1.2116810
   3.1500001    1.2082480
   3.1600001    1.2237283
   3.1700001    1.2306237
   3.1800001    1.2350482
   3.1900001    1.2299838
   3.2000000    1.2376795
   3.2100000    1.2374945
   3.2200003    1.2347836
   3.2300003    1.2505549
   3.2400002    1.2702267
   3.2500002    1.2893966
   3.2600002    1.2827085
   3.2700002    1.2716234
   3.2800002    1.2700645
   3.2900002    1.3047992
   3.3000002    1.3265235
   3.3100002    1.3294686
   3.3200002    1.3275449
   3.3300002    1.3324596
   3.3400002    1.3311652
   3.3500001    1.3451605
   3.3600001    1.3641920
   3.3700001    1.3597854
   3.3800001    1.3584629
   3.3900001    1.3667879
   3.4000001    1.3696597
   3.4100001    1.3514043
   3.4200001    1.3691660
   3.4300001    1.3618484
   3.4400001    1.3634288
   3.4500000    1.3695292
   3.4600003    1.3810394
   3.4700003    1.3705488
   3.4800003    1.3624731
   3.4900002    1.3500612
   3.5000002    1.3323196
   3.5100002    1.3370343
   3.5200002    1.3364782
   3.5300002    1.3373995
   3.5400002    1.3430901
   3.5500002    1.3563432
   3.5600002    1.3553991
   3.5700002    1.3671777
   3.5800002    1.3378255
   3.5900002    1.3213135
   3.6000001    1.3274621
   3.6100001    1.3579520
   3.6200001    1.3501974
   3.6300001    1.3516130
   3.6400001    1.3441980
   3.6500001    1.3366646
   3.6600001    1.3507864
   3.6700001    1.3653302
   3.6800001    1.3726543
   3.6900001    1.3829596
   3.7000003    1.3739591
   3.7100003    1.3656238
   3.7200003    1.3930392
   3.7300003    1.3827219
   3.7400002    1.3603750
   3.7500002    1.3685335
   3.7600002    1.4070029
   3.7700002    1.4329026
   3.7800002    1.4289441
   3.7900002    1.4306999
   3.8000002    1.4051595
   3.8100002    1.4013780
   3.8200002    1.4219663
   3.8300002    1.4270612
   3.8400002    1.4215373
   3.8500001    1.3879640
   3.8600001    1.3972824
   3.8700001    1.3993667
   3.8800001    1.3786618
   3.8900001    1.3542478
   3.9000001    1.3707492
   3.9100001    1.3894125
   3.9200001    1.3826584
   3.9300003    1.3924668
   3.9400003    1.3871135
   3.9500003    1.3899386
   3.9600003    1.4080691
   3.9700003    1.4532554
   3.9800003    1.4246788
   3.9900002    1.3918060
   4.0000000    1.4013940
   4.0100002    1.3961344
   4.0200000    1.4233946
   4.0300002    1.4481833
   4.0400000    1.4486201
   4.0500002    1.4562795
   4.0600004    1.4488527
   4.0700002    1.4374162
   4.0800004    1.4674546
   4.0900002    1.4807695
   4.1000004    1.4613384
   4.1100001    1.4604996
   4.1200004    1.4737042
   4.1300001    1.4846505
   4.1400003    1.4734665
   4.1500001    1.4645427
   4.1600003    1.4653307
   4.1700001    1.4636754
   4.1800003    1.4620411
   4.1900001    1.4562365
   4.2000003    1.4344969
   4.2100000    1.4068296
   4.2200003    1.3904024
   4.2300000    1.3732474
   4.2400002    1.3774996
   4.2500000    1.3874810
   4.2600002    1.3881059
   4.2700000    1.3921554
   4.2800002    1.3706683
   4.2900004    1.3675820
   4.3000002    1.3727119
   4.3100004    1.3881266
   4.3200002    1.3898501
   4.3300004    1.4020764
   4.3400002    1.4084897
   4.3500004    1.4157249
   4.3600001    1.4173926
   4.3700004    1.4196341
   4.3800001    1.4291941
   4.3900003    1.4244598
   4.4000001    1.4188306
   4.4100003    1.4106816
   4.4200001    1.3885199
   4.4300003    1.3991874
   4.4400001    1.3961899
   4.4500003    1.3835776
   4.4600000    1.3896834
   4.4700003    1.3955002
   4.4800000    1.4059901
   4.4900002    1.3815911
   4.5000000    1.3945650
   4.5100002    1.4022976
   4.5200000    1.3984164
   4.5300002    1.4007148
   4.5400004    1.4005831
   4.5500002    1.4025358
   4.5600004    1.4178705
   4.5700002    1.4108541
   4.5800004    1.4292779
   4.5900002    1.4166840
   4.6000004    1.4048784
   4.6100001    1.4017118
   4.6200004    1.4123462
   4.6300001    1.4261482
   4.6400003    1.4036037
   4.6500001    1.4258776
   4.6600003    1.4365181
   4.6700001    1.4235762
   4.6800003    1.4252572
   4.6900001    1.4337633
   4.7000003    1.4551440
   4.7100000    1.4228303
   4.7200003    1.4080313
   4.7300000    1.4145641
   4.7400002    1.4390562
   4.7500000    1.4244180
   4.7600002    1.4165716
   4.7700005    1.4173168
   4.7800002    1.4490509
   4.7900004    1.4455360
   4.8000002    1.4746441
   4.8100004    1.4995532
   4.8200002    1.5031095
   4.8300004    1.4663374
   4.8400002    1.4818165
   4.8500004    1.4743149
   4.8600001    1.4703882
   4.8700004    1.4661930
   4.8800001    1.4542264
   4.8900003    1.4593346
   4.9000001    1.4423296
   4.9100003    1.4479066
   4.9200001    1.4486768
   4.9300003    1.4385678
   4.9400001    1.4280849
   4.9500003    1.4315670
   4.9600000    1.4454325
   4.9700003    1.4340918
   4.9800000    1.4539536
   4.9900002    1.4383326
   5.0000000    1.4254023
   5.0100002    1.4375918
   5.0200005    1.4645615
   5.0300002    1.4665617
   5.0400004    1.4311041
   5.0500002    1.4398960
   5.0600004    1.4577541
   5.0700002    1.4826959
   5.0800004    1.4697739
   5.0900002    1.4744284
   5.1000004    1.4945153
   5.1100001    1.4986078
   5.1200004    1.4863080
   5.1300001    1.4710209
   5.1400003    1.4673070
   5.1500001    1.4684530
   5.1600003    1.4944898
   5.1700001    1.4924186
   5.1800003    1.4882129
   5.1900001    1.4799116
   5.2000003    1.5075834
   5.2100000    1.5252159
   5.2200003    1.5335515
   5.2300000    1.5385745
   5.2400002    1.5350534
   5.2500005    1.5266825
   5.2600002    1.5345449
   5.2700005    1.5478475
   5.2800002    1.5437022
   5.2900004    1.5240363
   5.3000002    1.4973592
   5.3100004    1.4808233
   5.3200002    1.4825526
   5.3300004    1.4887462
   5.3400002    1.4602566
   5.3500004    1.4783100
   5.3600001    1.4828056
   5.3700004    1.4825155
   5.3800001    1.5117929
   5.3900003    1.4931678
   5.4000001    1.4882865
   5.4100003    1.4975973
   5.4200001    1.4999998
   5.4300003    1.5018094
   5.4400001    1.5135911
   5.4500003    1.5167704
   5.4600000    1.5044507
   5.4700003    1.5098761
   5.4800005    1.5186799
   5.4900002    1.5156852
   5.5000005    1.5072801
   5.5100002    1.4972097
   5.5200005    1.5200422
   5.5300002    1.5159835
   5.5400004    1.4917427
   5.5500002    1.4517461
   5.5600004    1.4420346
   5.5700002    1.4959322
   5.5800004    1.4975233
   5.5900002    1.4649186
   5.6000004    1.4727606
   5.6100001    1.4877938
   5.6200004    1.4767237
   5.6300001    1.4808295
   5.6400003    1.4700611
   5.6500001    1.4871255
   5.6600003    1.4671382
   5.6700001    1.4618213
   5.6800003    1.4899266
   5.6900001    1.5090588
   5.7000003    1.5161074
   5.7100000    1.5165546
   5.7200003    1.5167438
   5.7300005    1.5250766
   5.7400002    1.5402673
   5.7500005    1.5335321
   5.7600002    1.5452875
   5.7700005    1.5048194
   5.7800002    1.4932891
   5.7900004    1.4972255
   5.8000002    1.5175056
   5.8100004    1.5401568
   5.8200002    1.5304748
   5.8300004    1.5452135
   5.8400002    1.5331585
   5.8500004    1.5478585
   5.8600001    1.5492610
   5.8700004    1.5353426
   5.8800001    1.5456772
   5.8900003    1.5280429
   5.9000001    1.5229084
   5.9100003    1.5222036
   5.9200001    1.5182835
   5.9300003    1.5206074
   5.9400001    1.4973242
   5.9500003    1.4898064
   5.9600005    1.4705547
   5.9700003    1.4854136
   5.9800005    1.4944429
   5.9900002    1.5130570
   6.0000005    1.5101979
   6.0100002    1.5063964
   6.0200005    1.4674296
   6.0300002    1.5049248
   6.0400004    1.5111852
   6.0500002    1.5078728
   6.0600004    1.5150995
   6.0700002    1.5159543
   6.0800004    1.5034972
   6.0900002    1.5334886
   6.1000004    1.5421051
   6.1100001    1.5517868
   6.1200004    1.5449001
   6.1300001    1.5535663
   6.1400003    1.5564915
   6.1500001    1.5630503
   6.1600003    1.5517930
   6.1700001    1.5859385
   6.1800003    1.5948879
   6.1900001    1.6081548
   6.2000003    1.6048821
   6.2100005    1.6028540
   6.2200003    1.5845591
   6.2300005    1.5751787
   6.2400002    1.5689815
   6.2500005    1.5762697
   6.2600002    1.5665287
   6.2700005    1.5574542
   6.2800002    1.5608211
   6.2900004    1.5595086
   6.3000002    1.5441773
   6.3100004    1.5081241
   6.3200002    1.5073222
   6.3300004    1.5313780
   6.3400002    1.5351300
   6.3500004    1.5271105
   6.3600001    1.5176558
   6.3700004    1.5082936
   6.3800001    1.4743323
   6.3900003    1.4770343
   6.4000001    1.4742457
   6.4100003    1.4817066
   6.4200001    1.4653176
   6.4300003    1.4567918
   6.4400005    1.4579358
   6.4500003    1.4515815
   6.4600005    1.4526628
   6.4700003    1.4264374
   6.4800005    1.4272050
   6.4900002    1.4442258
   6.5000005    1.4574796
   6.5100002    1.4604743
   6.5200005    1.4286977
   6.5300002    1.4270283
   6.5400004    1.4428803
   6.5500002    1.4292455
   6.5600004    1.4386433
   6.5700002    1.4477911
   6.5800004    1.4821949
   6.5900002    1.5039790
   6.6000004    1.5127966
   6.6100001    1.5039726
   6.6200004    1.4845023
   6.6300001    1.4452478
   6.6400003    1.4484806
   6.6500001    1.4581105
   6.6600003    1.4550151
   6.6700006    1.4480079
   6.6800003    1.4483062
   6.6900005    1.4417576
   6.7000003    1.4537022
   6.7100005    1.4699477
   6.7200003    1.4545351
   6.7300005    1.4611365
   6.7400002    1.4743500
   6.7500005    1.4649447
   6.7600002    1.4681257
   6.7700005    1.4804955
   6.7800002    1.4838943
   6.7900004    1.4653171
   6.8000002    1.4743230
   6.8100004    1.4857540
   6.8200002    1.4746569
   6.8300004    1.4692422
   6.8400002    1.4576323
   6.8500004    1.4418741
   6.8600001    1.4392956
   6.8700004    1.4180858
   6.8800001    1.3985299
   6.8900003    1.3862573
   6.9000001    1.4009858
   6.9100003    1.3755232
   6.9200006    1.3717536
   6.9300003    1.3803331
   6.9400005    1.3890619
   6.9500003    1.4099845
   6.9600005    1.4101914
   6.9700003    1.4196596
   6.9800005    1.4525965
   6.9900002    1.4481919
   7.0000005    1.4737065
   7.0100002    1.5117363
   7.0200005    1.5410762
   7.0300002    1.5508951
   7.0400004    1.5350060
   7.0500002    1.5378815
   7.0600004    1.5597063
   7.0700002    1.5291489
   7.0800004    1.5315455
   7.0900002    1.5397037
   7.1000004    1.5207906
   7.1100001    1.5071650
   7.1200004    1.5232006
   7.1300001    1.5203764
   7.1400003    1.5495027
   7.1500006    1.5402533
   7.1600003    1.5408314
   7.1700006    1.5217037
   7.1800003    1.5261078
   7.1900005    1.5252292
   7.2000003    1.5015725
   7.2100005    1.4744631
   7.2200003    1.4817821
   7.2300005    1.4926916
   7.2400002    1.5044755
   7.2500005    1.5172453
   7.2600002    1.5594471
   7.2700005    1.5453528
   7.2800002    1.5298774
   7.2900004    1.5501380
   7.3000002    1.5646267
   7.3100004    1.5608349
   7.3200002    1.5336518
   7.3300004    1.5293903
   7.3400002    1.5382985
   7.3500004    1.5316137
   7.3600001    1.5582850
   7.3700004    1.5755632
   7.3800001    1.6103722
   7.3900003    1.6311136
   7.4000006    1.6113586
   7.4100003    1.6076051
   7.4200006    1.6145179
   7.4300003    1.5965277
   7.4400005    1.5922319
   7.4500003    1.6265044
   7.4600005    1.6339239
   7.4700003    1.6297250
   7.4800005    1.6477787
   7.4900002    1.6715487
   7.5000005    1.6773437
   7.5100002    1.6730474
   7.5200005    1.6491143
   7.5300002    1.6226506
   7.5400004    1.6262163
   7.5500002    1.6623923
   7.5600004    1.6884961
   7.5700002    1.6877857
   7.5800004    1.6908104
   7.5900002    1.6367033
   7.6000004    1.6278421
   7.6100001    1.6370062
   7.6200004    1.6182753
   7.6300006    1.5952320
   7.6400003    1.6036247
   7.6500006    1.6411440
   7.6600003    1.6373761
   7.6700006    1.6359638
   7.6800003    1.6044291
   7.6900005    1.5955858
   7.7000003    1.6140143
   7.7100005    1.6135530
   7.7200003    1.5993959
   7.7300005    1.5903043
   7.7400002    1.6010343
   7.7500005    1.6129940
   7.7600002    1.6051648
   7.7700005    1.5981131
   7.7800002    1.5981916
   7.7900004    1.6082392
   7.8000002    1.6175542
   7.8100004    1.6257310
   7.8200002    1.6171292
   7.8300004    1.6150320
   7.8400002    1.6186055
   7.8500004    1.6175390
   7.8600006    1.6123726
   7.8700004    1.5977852
   7.8800006    1.5872928
   7.8900003    1.6142607
   7.9000006    1.6385176
   7.9100003    1.6486171
   7.9200006    1.6301960
   7.9300003    1.6215925
   7.9400005    1.6104404
   7.9500003    1.6019616
   7.9600005    1.5828915
   7.9700003    1.5758243
   7.9800005    1.5990202
   7.9900002    1.5838917
   8.0000000    1.5514606
   8.0100002    1.5659482
   8.0200005    1.5643449
   8.0300007    1.5716149
   8.0400000    1.5580984
   8.0500002    1.5605698
   8.0600004    1.5481197
   8.0700006    1.5227207
   8.0799999    1.5278274
   8.0900002    1.5488678
   8.1000004    1.5891994
   8.1100006    1.5884370
   8.1200008    1.5819697
   8.1300001    1.6023508
   8.1400003    1.6212029
   8.1500006    1.6307427
   8.1600008    1.6235334
   8.1700001    1.6390241
   8.1800003    1.6345479
   8.1900005    1.6337017
   8.2000008    1.6437315
   8.2100000    1.6564356
   8.2200003    1.6505210
   8.2300005    1.6587809
   8.2400007    1.6578989
   8.2500000    1.6630898
   8.2600002    1.6791140
   8.2700005    1.6688356
   8.2800007    1.6708790
   8.2900000    1.6857980
   8.3000002    1.6773376
   8.3100004    1.6925423
   8.3200006    1.7111596
   8.3299999    1.7374020
   8.3400002    1.7433561
   8.3500004    1.7349889
   8.3600006    1.7306556
   8.3700008    1.7281817
   8.3800001    1.7260618
   8.3900003    1.7281858
   8.4000006    1.7328936
   8.4100008    1.7059580
   8.4200001    1.6751336
   8.4300003    1.6903465
   8.4400005    1.6887355
   8.4500008    1.7003101
   8.4600000    1.7018409
   8.4700003    1.6971700
   8.4800005    1.6597347
   8.4900007    1.6529561
   8.5000000    1.6227821
   8.5100002    1.6224059
   8.5200005    1.6163419
   8.5300007    1.6398031
   8.5400000    1.6505020
   8.5500002    1.6605401
   8.5600004    1.6604508
   8.5700006    1.6681553
   8.5800009    1.6500099
   8.5900002    1.6467919
   8.6000004    1.6154810
   8.6100006    1.6222513
   8.6200008    1.6182276
   8.6300001    1.6209059
   8.6400003    1.6226493
   8.6500006    1.6183113
   8.6600008    1.6126068
   8.6700001    1.6282765
   8.6800003    1.5962713
   8.6900005    1.5910351
   8.7000008    1.6019753
   8.7100000    1.5804980
   8.7200003    1.5795703
   8.7300005    1.5977625
   8.7400007    1.6119949
   8.7500000    1.6001729
   8.7600002    1.6236329
   8.7700005    1.6384991
   8.7800007    1.6848007
   8.7900000    1.6738039
   8.8000002    1.6381181
   8.8100004    1.6627669
   8.8200006    1.6762396
   8.8300009    1.6830899
   8.8400002    1.6583413
   8.8500004    1.6839687
   8.8600006    1.6925436
   8.8700008    1.7071396
   8.8800001    1.6811913
   8.8900003    1.6839563
   8.9000006    1.6710891
   8.9100008    1.6893368
   8.9200001    1.6948162
   8.9300003    1.7055581
   8.9400005    1.7077069
   8.9500008    1.7242954
   8.9600000    1.7174069
   8.9700003    1.6982422
   8.9800005    1.7024158
   8.9900007    1.7147229
   9.0000000    1.6985117
   9.0100002    1.6867392
   9.0200005    1.6703657
   9.0300007    1.6806682
   9.0400000    1.6666994
   9.0500002    1.6679733
   9.0600004    1.6588461
   9.0700006    1.6772730
   9.0800009    1.6811454
   9.0900002    1.6927227
   9.1000004    1.6943742
   9.1100006    1.6991013
   9.1200008    1.6791018
   9.1300001    1.6724068
   9.1400003    1.6755767
   9.1500006    1.6720572
   9.1600008    1.6702356
   9.1700001    1.6366750
   9.1800003    1.6132408
   9.1900005    1.6157392
   9.2000008    1.6010759
   9.2100000    1.5977906
   9.2200003    1.5956846
   9.2300005    1.5898436
   9.2400007    1.5754865
   9.2500000    1.5701562
   9.2600002    1.5729750
   9.2700005    1.5657696
   9.2800007    1.5403246
   9.2900009    1.5615571
   9.3000002    1.5866320
   9.3100004    1.5889590
   9.3200006    1.5649135
   9.3300009    1.5913006
   9.3400002    1.6263535
   9.3500004    1.5966587
   9.3600006    1.5751626
   9.3700008    1.5669309
   9.3800001    1.5466802
   9.3900003    1.5364015
   9.4000006    1.5306506
   9.4100008    1.5332142
   9.4200001    1.5272442
   9.4300003    1.5338523
   9.4400005    1.5159638
   9.4500008    1.5009879
   9.4600000    1.5310111
   9.4700003    1.5252494
   9.4800005    1.5233754
   9.4900007    1.4963005
   9.5000000    1.5285130
   9.5100002    1.5336418
   9.5200005    1.5188942
   9.5300007    1.5178361
   9.5400009    1.4881982
   9.5500002    1.4938794
   9.5600004    1.4873608
   9.5700006    1.5028871
   9.5800009    1.4908894
   9.5900002    1.4927874
   9.6000004    1.4875344
   9.6100006    1.5219911
   9.6200008    1.5197235
   9.6300001    1.5121715
   9.6400003    1.5404532
   9.6500006    1.5672513
   9.6600008    1.5599868
   9.6700001    1.5555505
   9.6800003    1.5503777
   9.6900005    1.5374184
   9.7000008    1.5485317
   9.7100000    1.5517750
   9.7200003    1.5837858
   9.7300005    1.5802929
   9.7400007    1.5699577
   9.7500000    1.5295975
   9.7600002    1.5334392
   9.7700005    1.5432061
   9.7800007    1.5170081
   9.7900009    1.5119745
   9.8000002    1.5179573
   9.8100004    1.5561780
   9.8200006    1.5725005
   9.8300009    1.5857911
   9.8400002    1.5573643
   9.8500004    1.5730175
   9.8600006    1.5725833
   9.8700008    1.5935313
   9.8800001    1.5969507
   9.8900003    1.5862311
   9.9000006    1.6035306
   9.9100008    1.5984564
   9.9200001    1.6093978
   9.9300003    1.5982687
   9.9400005    1.5496804
   9.9500008    1.5414128
   9.9600000    1.5619286
   9.9700003    1.5642500
   9.9800005    1.5753269
   9.9900007    1.5850666
  10.0000000    1.5525000
  10.0100002    1.5482061
  10.0200005    1.5158952
  10.0300007    1.5267913
  10.0400009    1.5148546
  10.0500002    1.4994084
  10.0600004    1.4786134
  10.0700006    1.4734262
  10.0800009    1.4550458
  10.0900002    1.4600496
  10.1000004    1.4761071
  10.1100006    1.4604504
  10.1200008    1.4624879
  10.1300001    1.4498630
  10.1400003    1.4554561
  10.1500006    1.4638407
  10.1600008    1.4656205
  10.1700001    1.4544789
  10.1800003    1.4614915
  10.1900005    1.4690698
  10.2000008    1.4699012
  10.2100000    1.4546642
  10.2200003    1.4170923
  10.2300005    1.4196931
  10.2400007    1.4089804
  10.2500010    1.4199473
  10.2600002    1.4248469
  10.2700005    1.4303818
  10.2800007    1.4146396
  10.2900009    1.4165839
  10.3000002    1.3963283
  10.3100004    1.3961900
  10.3200006    1.3934053
  10.3300009    1.4025737
  10.3400002    1.3826159
  10.3500004    1.3541977
  10.3600006    1.3834546
  10.3700008    1.3920726
  10.3800001    1.3946542
  10.3900003    1.3796492
  10.4000006    1.3927786
  10.4100008    1.3882817
  10.4200001    1.3955702
  10.4300003    1.4306197
  10.4400005    1.4405938
  10.4500008    1.4300807
  10.4600000    1.4241213
  10.4700003    1.4140445
  10.4800005    1.4145906
  10.4900007    1.4087510
  10.5000010    1.3913388
  10.5100002    1.3859066
  10.5200005    1.4129069
  10.5300007    1.4111682
  10.5400009    1.3976849
  10.5500002    1.3794514
  10.5600004    1.3823900
  10.5700006    1.3960036
  10.5800009    1.4117354
  10.5900002    1.3970590
  10.6000004    1.3920820
  10.6100006    1.4136498
  10.6200008    1.4030674
  10.6300001    1.4044268
  10.6400003    1.4046386
  10.6500006    1.4225618
  10.6600008    1.4374386
  10.6700001    1.4363955
  10.6800003    1.4379084
  10.6900005    1.4286102
  10.7000008    1.4176494
  10.7100000    1.4379758
  10.7200003    1.4331493
  10.7300005    1.4227133
  10.7400007    1.4094384
  10.7500010    1.3983967
  10.7600002    1.3943160
  10.7700005    1.3666105
  10.7800007    1.3742862
  10.7900009    1.3877972
  10.8000002    1.3995409
  10.8100004    1.3995199
  10.8200006    1.4066389
  10.8300009    1.4199646
  10.8400002    1.4102477
  10.8500004    1.3884045
  10.8600006    1.3996069
  10.8700008    1.4097936
  10.8800001    1.4370173
  10.8900003    1.4411108
  10.9000006    1.4355700
  10.9100008    1.4575298
  10.9200001    1.4588716
  10.9300003    1.4586957
  10.9400005    1.4319311
  10.9500008    1.4291304
  10.9600010    1.4383627
  10.9700003    1.4386569
  10.9800005    1.4407648
  10.9900007    1.4407395
  11.0000010    1.4335920
  11.0100002    1.4490974
  11.0200005    1.4696292
  11.0300007    1.4624614
  11.0400009    1.4933479
  11.0500002    1.5108711
  11.0600004    1.5066602
  11.0700006    1.4986672
  11.0800009    1.5148252
  11.0900002    1.5243382
  11.1000004    1.5288697
  11.1100006    1.5171630
  11.1200008    1.5285919
  11.1300001    1.5487591
  11.1400003    1.5425100
  11.1500006    1.5637929
  11.1600008    1.5634333
  11.1700001    1.5803407
  11.1800003    1.6140183
  11.1900005    1.6123046
  11.2000008    1.5682422
  11.2100010    1.5590008
  11.2200003    1.5485121
  11.2300005    1.5335804
  11.2400007    1.5208840
  11.2500010    1.5142584
  11.2600002    1.5181789
  11.2700005    1.5099274
  11.2800007    1.5388381
  11.2900009    1.5404884
  11.3000002    1.5687010
  11.3100004    1.5567926
  11.3200006    1.5355222
  11.3300009    1.5637525
  11.3400002    1.5449275
  11.3500004    1.5228547
  11.3600006    1.5102221
  11.3700008    1.5234090
  11.3800001    1.5357153
  11.3900003    1.5157304
  11.4000006    1.4890503
  11.4100008    1.4588073
  11.4200001    1.4796089
  11.4300003    1.4740343
  11.4400005    1.4492431
  11.4500008    1.4574826
  11.4600010    1.4396032
  11.4700003    1.4310584
  11.4800005    1.4357985
  11.4900007    1.4423941
  11.5000010    1.4288623
  11.5100002    1.4245579
  11.5200005    1.4493417
  11.5300007    1.4397006
  11.5400009    1.4590713
  11.5500002    1.4826641
  11.5600004    1.5006825
  11.5700006    1.4939282
  11.5800009    1.5061139
  11.5900002    1.5081211
  11.6000004    1.4949232
  11.6100006    1.4854004
  11.6200008    1.4821998
  11.6300001    1.4614021
  11.6400003    1.4598962
  11.6500006    1.4603412
  11.6600008    1.4653716
  11.6700010    1.4572610
  11.6800003    1.4591876
  11.6900005    1.4636370
  11.7000008    1.4644312
  11.7100010    1.4471579
  11.7200003    1.4459159
  11.7300005    1.4586381
  11.7400007    1.4793513
  11.7500010    1.4830923
  11.7600002    1.4844841
  11.7700005    1.5014278
  11.7800007    1.5236169
  11.7900009    1.5090804
  11.8000002    1.5072087
  11.8100004    1.4976507
  11.8200006    1.4939240
  11.8300009    1.5049266
  11.8400002    1.5273325
  11.8500004    1.5366043
  11.8600006    1.5142784
  11.8700008    1.5090953
  11.8800001    1.5197679
  11.8900003    1.5127747
  11.9000006    1.5090953
  11.9100008    1.5078250
  11.9200010    1.5245336
  11.9300003    1.5449754
  11.9400005    1.5228873
  11.9500008    1.5145011
  11.9600010    1.5166676
  11.9700003    1.5213478
  11.9800005    1.5476872
  11.9900007    1.5317926
  12.0000010    1.5250313
  12.0100002    1.5068552
  12.0200005    1.4721611
  12.0300007    1.4663850
  12.0400009    1.4743270
  12.0500002    1.4692554
  12.0600004    1.4707193
  12.0700006    1.4744475
  12.0800009    1.4762113
  12.0900002    1.4840908
  12.1000004    1.5049727
  12.1100006    1.5143410
  12.1200008    1.5111346
  12.1300001    1.5028319
  12.1400003    1.5138184
  12.1500006    1.5042561
  12.1600008    1.4760966
  12.1700010    1.4788766
  12.1800003    1.4798146
  12.1900005    1.5218707
  12.2000008    1.5201240
  12.2100010    1.5118123
  12.2200003    1.5069208
  12.2300005    1.4926896
  12.2400007    1.4809557
  12.2500010    1.4701130
  12.2600002    1.4621295
  12.2700005    1.4522665
  12.2800007    1.4379232
  12.2900009    1.4323066
  12.3000002    1.4302050
  12.3100004    1.4515041
  12.3200006    1.4326214
  12.3300009    1.4424005
  12.3400002    1.4688482
  12.3500004    1.4758319
  12.3600006    1.5014476
  12.3700008    1.5155199
  12.3800001    1.5001272
  12.3900003    1.4927937
  12.4000006    1.4841180
  12.4100008    1.4627601
  12.4200010    1.4473765
  12.4300003    1.4615238
  12.4400005    1.4921608
  12.4500008    1.5011898
  12.4600010    1.5023260
  12.4700003    1.4879870
  12.4800005    1.5117549
  12.4900007    1.5474867
  12.5000010    1.5375477
  12.5100002    1.5300972
  12.5200005    1.5144970
  12.5300007    1.5029546
  12.5400009    1.5095124
  12.5500002    1.5480096
  12.5600004    1.5291318
  12.5700006    1.5139478
  12.5800009    1.5277188
  12.5900002    1.5415740
  12.6000004    1.5556294
  12.6100006    1.5508027
  12.6200008    1.5510253
  12.6300011    1.5182478
  12.6400003    1.4919633
  12.6500006    1.4854263
  12.6600008    1.4563216
  12.6700010    1.4603614
  12.6800003    1.4846071
  12.6900005    1.5096366
  12.7000008    1.4926311
  12.7100010    1.4906517
  12.7200003    1.4650646
  12.7300005    1.4784161
  12.7400007    1.4877518
  12.7500010    1.4860042
  12.7600002    1.4959693
  12.7700005    1.5129093
  12.7800007    1.5045856
  12.7900009    1.4964975
  12.8000002    1.5093760
  12.8100004    1.5235374
  12.8200006    1.5274409
  12.8300009    1.5221694
  12.8400002    1.5315459
  12.8500004    1.5404735
  12.8600006    1.5618389
  12.8700008    1.5833260
  12.8800011    1.5992614
  12.8900003    1.5883110
  12.9000006    1.5687182
  12.9100008    1.5798608
  12.9200010    1.5877329
  12.9300003    1.5911428
  12.9400005    1.5968964
  12.9500008    1.5970960
  12.9600010    1.5984790
  12.9700003    1.6160238
  12.9800005    1.6378100
  12.9900007    1.6361914
  13.0000010    1.6323708
  13.0100002    1.6421936
  13.0200005    1.6450084
  13.0300007    1.6343029
  13.0400009    1.6314338
  13.0500002    1.6121380
  13.0600004    1.6057571
  13.0700006    1.6089758
  13.0800009    1.5949005
  13.0900002    1.5835650
  13.1000004    1.5789186
  13.1100006    1.5622623
  13.1200008    1.5540178
  13.1300011    1.5662222
  13.1400003    1.5598959
  13.1500006    1.5456852
  13.1600008    1.5342371
  13.1700010    1.5473961
  13.1800003    1.5322986
  13.1900005    1.5327445
  13.2000008    1.5051165
  13.2100010    1.5039876
  13.2200003    1.5070069
  13.2300005    1.4961972
  13.2400007    1.4914801
  13.2500010    1.4775300
  13.2600002    1.4720705
  13.2700005    1.4768097
  13.2800007    1.4776428
  13.2900009    1.4558307
  13.3000002    1.4913505
  13.3100004    1.4980392
  13.3200006    1.4729499
  13.3300009    1.4714674
  13.3400011    1.4942652
  13.3500004    1.5176511
  13.3600006    1.5370156
  13.3700008    1.5422069
  13.3800011    1.5491428
  13.3900003    1.5437590
  13.4000006    1.5322481
  13.4100008    1.5045187
  13.4200010    1.4963981
  13.4300003    1.5001811
  13.4400005    1.5310417
  13.4500008    1.5331882
  13.4600010    1.5319629
  13.4700003    1.5332991
  13.4800005    1.5519497
  13.4900007    1.5374956
  13.5000010    1.5528033
  13.5100002    1.5667541
  13.5200005    1.5590070
  13.5300007    1.5602692
  13.5400009    1.5490193
  13.5500002    1.5703983
  13.5600004    1.5620521
  13.5700006    1.5642662
  13.5800009    1.5459828
  13.5900011    1.5433826
  13.6000004    1.5463176
  13.6100006    1.5255747
  13.6200008    1.5288622
  13.6300011    1.5109410
  13.6400003    1.5128679
  13.6500006    1.5504602
  13.6600008    1.5600077
  13.6700010    1.5681665
  13.6800003    1.5550104
  13.6900005    1.5697367
  13.7000008    1.5900669
  13.7100010    1.5851275
  13.7200003    1.5705625
  13.7300005    1.5684413
  13.7400007    1.5827068
  13.7500010    1.5797206
  13.7600002    1.5852880
  13.7700005    1.6253811
  13.7800007    1.6345246
  13.7900009    1.6688569
  13.8000002    1.6384369
  13.8100004    1.6417019
  13.8200006    1.6020226
  13.8300009    1.5901941
  13.8400011    1.5560071
  13.8500004    1.5590241
  13.8600006    1.5454185
  13.8700008    1.5498844
  13.8800011    1.5600090
  13.8900003    1.5645454
  13.9000006    1.5553631
  13.9100008    1.5568190
  13.9200010    1.5587869
  13.9300003    1.5594652
  13.9400005    1.5487448
  13.9500008    1.5682027
  13.9600010    1.5888736
  13.9700003    1.6043270
  13.9800005    1.6048622
  13.9900007    1.5939912
  14.0000010    1.5991975
  14.0100002    1.5555835
  14.0200005    1.5853938
  14.0300007    1.5814600
  14.0400009    1.6047978
  14.0500002    1.6169133
  14.0600004    1.6497207
  14.0700006    1.6682732
  14.0800009    1.6640953
  14.0900011    1.6298084
  14.1000004    1.6181852
  14.1100006    1.6353271
  14.1200008    1.6384221
  14.1300011    1.6401951
  14.1400003    1.6532310
  14.1500006    1.6604165
  14.1600008    1.6437128
  14.1700010    1.6450495
  14.1800003    1.6738087
  14.1900005    1.6852518
  14.2000008    1.6689069
  14.2100010    1.6902229
  14.2200003    1.7137483
  14.2300005    1.7234206
  14.2400007    1.7487051
  14.2500010    1.7281828
  14.2600002    1.7146420
  14.2700005    1.7308402
  14.2800007    1.7367935
  14.2900009    1.7541410
  14.3000011    1.7569356
  14.3100004    1.7631097
  14.3200006    1.7477996
  14.3300009    1.7462953
  14.3400011    1.7394125
  14.3500004    1.7277079
  14.3600006    1.6920542
  14.3700008    1.6816819
  14.3800011    1.6625043
  14.3900003    1.6414087
  14.4000006    1.6272713
  14.4100008    1.6642941
  14.4200010    1.6696614
  14.4300003    1.6768837
  14.4400005    1.6898770
  14.4500008    1.6786382
  14.4600010    1.6843770
  14.4700003    1.6914357
  14.4800005    1.6972269
  14.4900007    1.6973897
  14.5000010    1.6964401
  14.5100002    1.7125523
  14.5200005    1.7189592
  14.5300007    1.7276454
  14.5400009    1.7366058
  14.5500011    1.7367709
  14.5600004    1.7227453
  14.5700006    1.7278945
  14.5800009    1.7420568
  14.5900011    1.7385753
  14.6000004    1.7475765
  14.6100006    1.7674471
  14.6200008    1.7595663
  14.6300011    1.7545420
  14.6400003    1.7419188
  14.6500006    1.7219232
  14.6600008    1.7122463
  14.6700010    1.7128597
  14.6800003    1.6853322
  14.6900005    1.6759206
  14.7000008    1.7084632
  14.7100010    1.7423090
  14.7200003    1.7372173
  14.7300005    1.7505379
  14.7400007    1.7600316
  14.7500010    1.7521470
  14.7600002    1.7596873
  14.7700005    1.7352757
  14.7800007    1.7011645
  14.7900009    1.7061259
  14.8000011    1.7001380
  14.8100004    1.7327521
  14.8200006    1.7165049
  14.8300009    1.7208703
  14.8400011    1.7356687
  14.8500004    1.7651019
  14.8600006    1.7680488
  14.8700008    1.7602508
  14.8800011    1.7496724
  14.8900003    1.7370436
  14.9000006    1.7068338
  14.9100008    1.6924629
  14.9200010    1.6813443
  14.9300003    1.6983920
  14.9400005    1.7124033
  14.9500008    1.6985205
  14.9600010    1.6930149
  14.9700003    1.6941233
  14.9800005    1.7160274
  14.9900007    1.7185001
  15.0000010    1.7368363
  15.0100012    1.7374943
  15.0200005    1.7421150
  15.0300007    1.7287006
  15.0400009    1.7579858
  15.0500011    1.7500746
  15.0600004    1.7499787
  15.0700006    1.7270659
  15.0800009    1.7205340
  15.0900011    1.6942199
  15.1000004    1.6895385
  15.1100006    1.7132043
  15.1200008    1.7244332
  15.1300011    1.7252687
  15.1400003    1.7144951
  15.1500006    1.7130498
  15.1600008    1.7325608
  15.1700010    1.7453936
  15.1800003    1.7518352
  15.1900005    1.7599734
  15.2000008    1.7720456
  15.2100010    1.7388233
  15.2200003    1.7371800
  15.2300005    1.7214407
  15.2400007    1.7092443
  15.2500010    1.6924880
  15.2600012    1.6985425
  15.2700005    1.6857306
  15.2800007    1.7064403
  15.2900009    1.7288009
  15.3000011    1.7057083
  15.3100004    1.7148941
  15.3200006    1.6956811
  15.3300009    1.6988662
  15.3400011    1.7179075
  15.3500004    1.7208598
  15.3600006    1.7117232
  15.3700008    1.6998307
  15.3800011    1.7130817
  15.3900003    1.6764830
  15.4000006    1.6761860
  15.4100008    1.6744918
  15.4200010    1.6770738
  15.4300003    1.6943104
  15.4400005    1.7098383
  15.4500008    1.7163202
  15.4600010    1.6884795
  15.4700003    1.6764160
  15.4800005    1.6846011
  15.4900007    1.7004092
  15.5000010    1.6943493
  15.5100012    1.6829399
  15.5200005    1.6967112
  15.5300007    1.6946607
  15.5400009    1.7137241
  15.5500011    1.7018944
  15.5600004    1.7302808
  15.5700006    1.7159860
  15.5800009    1.7119645
  15.5900011    1.7014977
  15.6000004    1.6776769
  15.6100006    1.6596402
  15.6200008    1.6824521
  15.6300011    1.6696007
  15.6400003    1.6732768
  15.6500006    1.7023333
  15.6600008    1.7342204
  15.6700010    1.7243671
  15.6800003    1.7143919
  15.6900005    1.7249033
  15.7000008    1.7201383
  15.7100010    1.7118163
  15.7200012    1.6999412
  15.7300005    1.6999252
  15.7400007    1.6962165
  15.7500010    1.7168294
  15.7600012    1.7117778
  15.7700005    1.7112476
  15.7800007    1.7036209
  15.7900009    1.7012973
  15.8000011    1.7212594
  15.8100004    1.7373948
  15.8200006    1.7280643
  15.8300009    1.7260332
  15.8400011    1.7094873
  15.8500004    1.7196703
  15.8600006    1.7272522
  15.8700008    1.7187309
  15.8800011    1.7218128
  15.8900003    1.7108094
  15.9000006    1.7412753
  15.9100008    1.7347463
  15.9200010    1.6984993
  15.9300003    1.7101446
  15.9400005    1.7119267
  15.9500008    1.6982361
  15.9600010    1.6941074
  15.9700012    1.7085762
  15.9800005    1.7116500
  15.9900007    1.7118512
  16.0000000    1.7016259
  16.0100002    1.7147954
  16.0200005    1.6854841
  16.0300007    1.6697721
  16.0400009    1.6767911
  16.0500011    1.6658359
  16.0600014    1.6608690
  16.0700016    1.6765795
  16.0799999    1.6523051
  16.0900002    1.6533068
  16.1000004    1.6679462
  16.1100006    1.6829934
  16.1200008    1.6839992
  16.1300011    1.6840291
  16.1400013    1.7046903
  16.1500015    1.7087549
  16.1599998    1.6911355
  16.1700001    1.6940266
  16.1800003    1.6925008
  16.1900005    1.6780144
  16.2000008    1.6860421
  16.2100010    1.6652303
  16.2200012    1.6767516
  16.2300014    1.6951380
  16.2400017    1.7135119
  16.2500000    1.7065319
  16.2600002    1.7203150
  16.2700005    1.7151040
  16.2800007    1.7165387
  16.2900009    1.7464755
  16.3000011    1.7414618
  16.3100014    1.7288998
  16.3200016    1.7429966
  16.3299999    1.7288542
  16.3400002    1.7378380
  16.3500004    1.7724768
  16.3600006    1.7915883
  16.3700008    1.7906672
  16.3800011    1.7884836
  16.3900013    1.7821760
  16.4000015    1.7872534
  16.4099998    1.8017490
  16.4200001    1.7866516
  16.4300003    1.7881368
  16.4400005    1.7736537
  16.4500008    1.7853578
  16.4600010    1.8127623
  16.4700012    1.8297007
  16.4800014    1.8351458
  16.4900017    1.8280669
  16.5000000    1.8307060
  16.5100002    1.8176733
  16.5200005    1.8352492
  16.5300007    1.8563875
  16.5400009    1.8451028
  16.5500011    1.8364905
  16.5600014    1.8555604
  16.5700016    1.8372562
  16.5799999    1.8437877
  16.5900002    1.8678144
  16.6000004    1.8644822
  16.6100006    1.8688917
  16.6200008    1.8901817
  16.6300011    1.8633779
  16.6400013    1.8520881
  16.6500015    1.8428795
  16.6599998    1.8533615
  16.6700001    1.8090173
  16.6800003    1.8412000
  16.6900005    1.8367307
  16.7000008    1.8345821
  16.7100010    1.8351594
  16.7200012    1.8375854
  16.7300014    1.8101307
  16.7400017    1.8175645
  16.7500000    1.8407347
  16.7600002    1.8103073
  16.7700005    1.8081062
  16.7800007    1.8175166
  16.7900009    1.8591847
  16.8000011    1.8785548
  16.8100014    1.8883833
  16.8200016    1.8874764
  16.8299999    1.8714164
  16.8400002    1.8687061
  16.8500004    1.8666233
  16.8600006    1.8892411
  16.8700008    1.8634260
  16.8800011    1.8789177
  16.8900013    1.8823099
  16.9000015    1.8950393
  16.9100018    1.9113108
  16.9200001    1.9480379
  16.9300003    1.9618822
  16.9400005    1.9275185
  16.9500008    1.9022784
  16.9600010    1.8909191
  16.9700012    1.8853582
  16.9800014    1.8944761
  16.9900017    1.9046893
  17.0000000    1.9258229
  17.0100002    1.8993831
  17.0200005    1.9075676
  17.0300007    1.9096965
  17.0400009    1.8945588
  17.0500011    1.8992710
  17.0600014    1.8579888
  17.0700016    1.8872979
  17.0799999    1.9076755
  17.0900002    1.8682179
  17.1000004    1.8615382
  17.1100006    1.8773620
  17.1200008    1.8328085
  17.1300011    1.8309879
  17.1400013    1.8316284
  17.1500015    1.8326610
  17.1600018    1.8540640
  17.1700001    1.8524343
  17.1800003    1.8141447
  17.1900005    1.8466761
  17.2000008    1.8299826
  17.2100010    1.8159755
  17.2200012    1.7879874
  17.2300014    1.7998438
  17.2400017    1.8179376
  17.2500000    1.8120496
  17.2600002    1.8118402
  17.2700005    1.8436186
  17.2800007    1.8441393
  17.2900009    1.8534869
  17.3000011    1.8570393
  17.3100014    1.8852302
  17.3200016    1.8821468
  17.3299999    1.8765973
  17.3400002    1.8694696
  17.3500004    1.8720912
  17.3600006    1.9038724
  17.3700008    1.8707278
  17.3800011    1.8548808
  17.3900013    1.8418436
  17.4000015    1.8417401
  17.4100018    1.8449247
  17.4200001    1.8512319
  17.4300003    1.8455352
  17.4400005    1.8203424
  17.4500008    1.8327965
  17.4600010    1.8174548
  17.4700012    1.8034804
  17.4800014    1.8283587
  17.4900017    1.8259467
  17.5000000    1.8148005
  17.5100002    1.7877054
  17.5200005    1.7787983
  17.5300007    1.8023976
  17.5400009    1.8035020
  17.5500011    1.8044730
  17.5600014    1.7770412
  17.5700016    1.7693691
  17.5799999    1.8022375
  17.5900002    1.8027760
  17.6000004    1.7954105
  17.6100006    1.7729319
  17.6200008    1.8012518
  17.6300011    1.8269695
  17.6400013    1.8070780
  17.6500015    1.7961798
  17.6600018    1.7876416
  17.6700001    1.8020526
  17.6800003    1.8052024
  17.6900005    1.8375324
  17.7000008    1.8269325
  17.7100010    1.8346237
  17.7200012    1.8417859
  17.7300014    1.8355377
  17.7400017    1.7928084
  17.7500000    1.7845689
  17.7600002    1.7926618
  17.7700005    1.7981987
  17.7800007    1.7933291
  17.7900009    1.8231610
  17.8000011    1.8586614
  17.8100014    1.8512241
  17.8200016    1.8335894
  17.8299999    1.8450115
  17.8400002    1.8557318
  17.8500004    1.8481442
  17.8600006    1.8612634
  17.8700008    1.8755369
  17.8800011    1.8730695
  17.8900013    1.8624052
  17.9000015    1.8505969
  17.9100018    1.8490498
  17.9200001    1.8288323
  17.9300003    1.8293508
  17.9400005    1.8233899
  17.9500008    1.8140756
  17.9600010    1.8453730
  17.9700012    1.8399160
  17.9800014    1.8211261
  17.9900017    1.8266709
  18.0000000    1.8291271
  18.0100002    1.8124058
  18.0200005    1.8089452
  18.0300007    1.8083787
  18.0400009    1.7956576
  18.0500011    1.8041370
  18.0600014    1.8027322
  18.0700016    1.8105791
  18.0799999    1.7979783
  18.0900002    1.8028460
  18.1000004    1.8504789
  18.1100006    1.8470232
  18.1200008    1.8509406
  18.1300011    1.8552716
  18.1400013    1.8385262
  18.1500015    1.8358042
  18.1600018    1.8318506
  18.1700001    1.8371747
  18.1800003    1.8285056
  18.1900005    1.8392104
  18.2000008    1.8244902
  18.2100010    1.8396269
  18.2200012    1.8536559
  18.2300014    1.8467615
  18.2400017    1.8506440
  18.2500000    1.8678223
  18.2600002    1.8663145
  18.2700005    1.8415132
  18.2800007    1.8233640
  18.2900009    1.8123451
  18.3000011    1.7919461
  18.3100014    1.7880493
  18.3200016    1.7834101
  18.3299999    1.7819434
  18.3400002    1.8121860
  18.3500004    1.8146995
  18.3600006    1.8099493
  18.3700008    1.8291496
  18.3800011    1.8166507
  18.3900013    1.8157833
  18.4000015    1.8300953
  18.4100018    1.8276521
  18.4200001    1.8473892
  18.4300003    1.8427323
  18.4400005    1.8335845
  18.4500008    1.8412180
  18.4600010    1.8548092
  18.4700012    1.8547838
  18.4800014    1.8568021
  18.4900017    1.8823537
  18.5000000    1.8595423
  18.5100002    1.8748722
  18.5200005    1.8571084
  18.5300007    1.8542666
  18.5400009    1.8665582
  18.5500011    1.8544978
  18.5600014    1.8585348
  18.5700016    1.8175676
  18.5800018    1.8379211
  18.5900002    1.8399945
  18.6000004    1.8182063
  18.6100006    1.8055577
  18.6200008    1.8100865
  18.6300011    1.8113821
  18.6400013    1.8378732
  18.6500015    1.8640749
  18.6600018    1.8552799
  18.6700001    1.8207959
  18.6800003    1.8215593
  18.6900005    1.8100154
  18.7000008    1.8331993
  18.7100010    1.8379045
  18.7200012    1.8120238
  18.7300014    1.8177724
  18.7400017    1.8275524
  18.7500000    1.8252455
  18.7600002    1.8244281
  18.7700005    1.8370061
  18.7800007    1.8411692
  18.7900009    1.8603609
  18.8000011    1.8526040
  18.8100014    1.8510010
  18.8200016    1.8283912
  18.8300018    1.8257227
  18.8400002    1.8113078
  18.8500004    1.8021462
  18.8600006    1.8133481
  18.8700008    1.8424318
  18.8800011    1.8303154
  18.8900013    1.8208710
  18.9000015    1.8135297
  18.9100018    1.8076802
  18.9200001    1.7899662
  18.9300003    1.7867316
  18.9400005    1.7897283
  18.9500008    1.7844491
  18.9600010    1.8074578
  18.9700012    1.8057983
  18.9800014    1.8015186
  18.9900017    1.8281214
  19.0000000    1.8505892
  19.0100002    1.8538219
  19.0200005    1.8184371
  19.0300007    1.8372338
  19.0400009    1.8179795
  19.0500011    1.8337775
  19.0600014    1.8506360
  19.0700016    1.8323480
  19.0800018    1.8501468
  19.0900002    1.8308576
  19.1000004    1.8033470
  19.1100006    1.7839290
  19.1200008    1.7666519
  19.1300011    1.7568687
  19.1400013    1.7473496
  19.1500015    1.7586741
  19.1600018    1.7627676
  19.1700001    1.7594602
  19.1800003    1.7538142
  19.1900005    1.7460015
  19.2000008    1.7635149
  19.2100010    1.7855234
  19.2200012    1.7973939
  19.2300014    1.8069566
  19.2400017    1.8069069
  19.2500000    1.8048729
  19.2600002    1.7900730
  19.2700005    1.7837020
  19.2800007    1.7761794
  19.2900009    1.7861215
  19.3000011    1.7982836
  19.3100014    1.7918841
  19.3200016    1.8090620
  19.3300018    1.8246264
  19.3400002    1.8080897
  19.3500004    1.8004518
  19.3600006    1.7689416
  19.3700008    1.7702609
  19.3800011    1.7782813
  19.3900013    1.7907400
  19.4000015    1.7927858
  19.4100018    1.7807884
  19.4200001    1.7696042
  19.4300003    1.7770100
  19.4400005    1.8000398
  19.4500008    1.8175247
  19.4600010    1.8019249
  19.4700012    1.8260902
  19.4800014    1.8070290
  19.4900017    1.7812805
  19.5000000    1.7746841
  19.5100002    1.7688352
  19.5200005    1.7930206
  19.5300007    1.7807444
  19.5400009    1.7615421
  19.5500011    1.7648656
  19.5600014    1.7801533
  19.5700016    1.7708328
  19.5800018    1.7736459
  19.5900002    1.7862964
  19.6000004    1.7817816
  19.6100006    1.7923615
  19.6200008    1.7779870
  19.6300011    1.8144630
  19.6400013    1.8048785
  19.6500015    1.7839485
  19.6600018    1.7964678
  19.6700001    1.8512141
  19.6800003    1.8686502
  19.6900005    1.8608465
  19.7000008    1.8592857
  19.7100010    1.8775281
  19.7200012    1.8502688
  19.7300014    1.8508099
  19.7400017    1.8385437
  19.7500000    1.8468784
  19.7600002    1.8379145
  19.7700005    1.8431075
  19.7800007    1.8312417
  19.7900009    1.8329782
  19.8000011    1.8776621
  19.8100014    1.8891872
  19.8200016    1.8914492
  19.8300018    1.8946513
  19.8400002    1.8953046
  19.8500004    1.9010385
  19.8600006    1.8623527
  19.8700008    1.8671942
  19.8800011    1.8485522
  19.8900013    1.8370023
  19.9000015    1.8234921
  19.9100018    1.8386693
  19.9200001    1.8301365
  19.9300003    1.8258615
  19.9400005    1.8280549
  19.9500008    1.8155987
  19.9600010    1.8006470
  19.9700012    1.8099648
  19.9800014    1.8225108
  19.9900017    1.8537126
  20.0000000    1.8485613
  20.0100002    1.8264241
  20.0200005    1.8509612
  20.0300007    1.8469932
  20.0400009    1.8414501
  20.0500011    1.8454748
  20.0600014    1.8647857
  20.0700016    1.8485786
  20.0800018    1.8689533
  20.0900002    1.8359584
  20.1000004    1.8427415
  20.1100006    1.8425086
  20.1200008    1.8582511
  20.1300011    1.8768302
  20.1400013    1.8793440
  20.1500015    1.8886871
  20.1600018    1.8931243
  20.1700001    1.8820738
  20.1800003    1.8844544
  20.1900005    1.8673338
  20.2000008    1.8542413
  20.2100010    1.8495911
  20.2200012    1.8298932
  20.2300014    1.8057419
  20.2400017    1.8294380
  20.2500019    1.8444762
  20.2600002    1.8539367
  20.2700005    1.8721002
  20.2800007    1.8821180
  20.2900009    1.8980324
  20.3000011    1.9081028
  20.3100014    1.8917855
  20.3200016    1.8918707
  20.3300018    1.9017339
  20.3400002    1.9032776
  20.3500004    1.8970337
  20.3600006    1.8685237
  20.3700008    1.8509765
  20.3800011    1.8525499
  20.3900013    1.8861527
  20.4000015    1.8748934
  20.4100018    1.8690717
  20.4200001    1.8524786
  20.4300003    1.8730121
  20.4400005    1.8268660
  20.4500008    1.7996264
  20.4600010    1.8040717
  20.4700012    1.8148378
  20.4800014    1.8226980
  20.4900017    1.8178389
  20.5000019    1.8196720
  20.5100002    1.8384327
  20.5200005    1.8408802
  20.5300007    1.8395534
  20.5400009    1.8597726
  20.5500011    1.8647517
  20.5600014    1.8359698
  20.5700016    1.8112824
  20.5800018    1.8342377
  20.5900002    1.8472657
  20.6000004    1.8159029
  20.6100006    1.7988034
  20.6200008    1.7852954
  20.6300011    1.7866796
  20.6400013    1.8035374
  20.6500015    1.7980829
  20.6600018    1.7869356
  20.6700001    1.7978306
  20.6800003    1.7955917
  20.6900005    1.8020524
  20.7000008    1.8123584
  20.7100010    1.8227133
  20.7200012    1.8341460
  20.7300014    1.8145968
  20.7400017    1.7776896
  20.7500019    1.7873348
  20.7600002    1.7979374
  20.7700005    1.7992762
  20.7800007    1.8121542
  20.7900009    1.8002740
  20.8000011    1.8150036
  20.8100014    1.7975875
  20.8200016    1.7762883
  20.8300018    1.7880609
  20.8400002    1.8192770
  20.8500004    1.8164225
  20.8600006    1.8104144
  20.8700008    1.8181192
  20.8800011    1.8531046
  20.8900013    1.8789797
  20.9000015    1.8756537
  20.9100018    1.8512844
  20.9200001    1.8440607
  20.9300003    1.8252690
  20.9400005    1.8257437
  20.9500008    1.8321548
  20.9600010    1.8436735
  20.9700012    1.8482593
  20.9800014    1.8676350
  20.9900017    1.8582460
  21.0000019    1.8212076
  21.0100002    1.8051530
  21.0200005    1.8064041
  21.0300007    1.8119206
  21.0400009    1.8181663
  21.0500011    1.8654896
  21.0600014    1.8543760
  21.0700016    1.8349453
  21.0800018    1.8352807
  21.0900002    1.8319919
  21.1000004    1.8276821
  21.1100006    1.8416364
  21.1200008    1.7986206
  21.1300011    1.8041292
  21.1400013    1.7969459
  21.1500015    1.7985542
  21.1600018    1.8050686
  21.1700001    1.8088477
  21.1800003    1.8004187
  21.1900005    1.7679940
  21.2000008    1.7970833
  21.2100010    1.8020220
  21.2200012    1.8308165
  21.2300014    1.8342772
  21.2400017    1.8273323
  21.2500019    1.8429383
  21.2600002    1.8687600
  21.2700005    1.8516756
  21.2800007    1.8608683
  21.2900009    1.8739396
  21.3000011    1.8609465
  21.3100014    1.8631352
  21.3200016    1.8586670
  21.3300018    1.8469633
  21.3400002    1.8248024
  21.3500004    1.8396291
  21.3600006    1.8762175
  21.3700008    1.8675604
  21.3800011    1.8595434
  21.3900013    1.8560469
  21.4000015    1.8730732
  21.4100018    1.8827683
  21.4200001    1.8994032
  21.4300003    1.8991636
  21.4400005    1.9113740
  21.4500008    1.8914138
  21.4600010    1.8857985
  21.4700012    1.8819114
  21.4800014    1.8840833
  21.4900017    1.8819629
  21.5000019    1.8972573
  21.5100002    1.8821269
  21.5200005    1.8819716
  21.5300007    1.8753333
  21.5400009    1.8783394
  21.5500011    1.8698412
  21.5600014    1.8665024
  21.5700016    1.8650028
  21.5800018    1.8493891
  21.5900002    1.8648323
  21.6000004    1.8524481
  21.6100006    1.8385372
  21.6200008    1.8450704
  21.6300011    1.8159701
  21.6400013    1.8275021
  21.6500015    1.8079782
  21.6600018    1.8286027
  21.6700001    1.8293909
  21.6800003    1.8613764
  21.6900005    1.8524939
  21.7000008    1.8602035
  21.7100010    1.8444980
  21.7200012    1.8420523
  21.7300014    1.8685706
  21.7400017    1.8473532
  21.7500019    1.8430524
  21.7600002    1.8385785
  21.7700005    1.8486805
  21.7800007    1.8394607
  21.7900009    1.8367097
  21.8000011    1.8167275
  21.8100014    1.8069077
  21.8200016    1.8159977
  21.8300018    1.8194487
  21.8400002    1.8191444
  21.8500004    1.8253415
  21.8600006    1.8624030
  21.8700008    1.8552246
  21.8800011    1.8893775
  21.8900013    1.8936239
  21.9000015    1.9102670
  21.9100018    1.8949904
  21.9200020    1.8963567
  21.9300003    1.9017011
  21.9400005    1.8711438
  21.9500008    1.8710060
  21.9600010    1.8967063
  21.9700012    1.9030538
  21.9800014    1.8899826
  21.9900017    1.9147553
  22.0000019    1.9070742
  22.0100002    1.9078031
  22.0200005    1.9257773
  22.0300007    1.9292499
  22.0400009    1.9297627
  22.0500011    1.9259933
  22.0600014    1.9260303
  22.0700016    1.9376212
  22.0800018    1.9313701
  22.0900002    1.9532441
  22.1000004    1.9445924
  22.1100006    1.9094355
  22.1200008    1.9315205
  22.1300011    1.9121113
  22.1400013    1.8983121
  22.1500015    1.9000576
  22.1600018    1.8820837
  22.1700020    1.8846481
  22.1800003    1.8982956
  22.1900005    1.8939071
  22.2000008    1.9018226
  22.2100010    1.9051372
  22.2200012    1.9190375
  22.2300014    1.9154183
  22.2400017    1.9157099
  22.2500019    1.9182228
  22.2600002    1.9133466
  22.2700005    1.9083675
  22.2800007    1.9104996
  22.2900009    1.9144359
  22.3000011    1.9138825
  22.3100014    1.9094996
  22.3200016    1.9053485
  22.3300018    1.9142514
  22.3400002    1.8988045
  22.3500004    1.8830557
  22.3600006    1.8748415
  22.3700008    1.8741872
  22.3800011    1.8804768
  22.3900013    1.8661025
  22.4000015    1.8446964
  22.4100018    1.8485843
  22.4200020    1.8515348
  22.4300003    1.8697199
  22.4400005    1.8523297
  22.4500008    1.8560908
  22.4600010    1.8545163
  22.4700012    1.9006952
  22.4800014    1.9015601
  22.4900017    1.8884038
  22.5000019    1.8719190
  22.5100002    1.8491230
  22.5200005    1.8645471
  22.5300007    1.8738837
  22.5400009    1.8991935
  22.5500011    1.8888119
  22.5600014    1.8723718
  22.5700016    1.8506182
  22.5800018    1.8367476
  22.5900002    1.8397985
  22.6000004    1.8496678
  22.6100006    1.8916835
  22.6200008    1.8964719
  22.6300011    1.8694782
  22.6400013    1.8513604
  22.6500015    1.8456589
  22.6600018    1.8369106
  22.6700020    1.8489615
  22.6800003    1.8433446
  22.6900005    1.8492445
  22.7000008    1.8298177
  22.7100010    1.8197286
  22.7200012    1.8191884
  22.7300014    1.8302736
  22.7400017    1.8325479
  22.7500019    1.8083885
  22.7600002    1.8065158
  22.7700005    1.8107336
  22.7800007    1.8240486
  22.7900009    1.8564014
  22.8000011    1.8871098
  22.8100014    1.8716860
  22.8200016    1.8527268
  22.8300018    1.8412527
  22.8400002    1.8599578
  22.8500004    1.8563544
  22.8600006    1.8851926
  22.8700008    1.8881800
  22.8800011    1.8759614
  22.8900013    1.8893331
  22.9000015    1.8915579
  22.9100018    1.8896697
  22.9200020    1.8954654
  22.9300003    1.8999356
  22.9400005    1.8896055
  22.9500008    1.8836595
  22.9600010    1.8894000
  22.9700012    1.8933377
  22.9800014    1.8976641
  22.9900017    1.8874679
  23.0000019    1.8943155
  23.0100002    1.8771336
  23.0200005    1.8557360
  23.0300007    1.8699398
  23.0400009    1.8605945
  23.0500011    1.8615109
  23.0600014    1.8685106
  23.0700016    1.8775768
  23.0800018    1.8873960
  23.0900002    1.8868765
  23.1000004    1.8939506
  23.1100006    1.9116948
  23.1200008    1.9119956
  23.1300011    1.9052693
  23.1400013    1.9029051
  23.1500015    1.8962139
  23.1600018    1.9055027
  23.1700020    1.9064441
  23.1800003    1.8862669
  23.1900005    1.8686050
  23.2000008    1.8656547
  23.2100010    1.8616832
  23.2200012    1.8761802
  23.2300014    1.8874577
  23.2400017    1.8774179
  23.2500019    1.8790188
  23.2600002    1.8872024
  23.2700005    1.8988630
  23.2800007    1.9027252
  23.2900009    1.8724118
  23.3000011    1.8368915
  23.3100014    1.8754472
  23.3200016    1.8670185
  23.3300018    1.8485322
  23.3400021    1.8376408
  23.3500004    1.8350077
  23.3600006    1.8254033
  23.3700008    1.8430636
  23.3800011    1.8562920
  23.3900013    1.8400090
  23.4000015    1.8517928
  23.4100018    1.8527015
  23.4200020    1.8518858
  23.4300003    1.8560226
  23.4400005    1.8586981
  23.4500008    1.8704352
  23.4600010    1.8384757
  23.4700012    1.8300765
  23.4800014    1.8033738
  23.4900017    1.8025444
  23.5000019    1.7920833
  23.5100002    1.7952553
  23.5200005    1.8020097
  23.5300007    1.7859324
  23.5400009    1.7451229
  23.5500011    1.7338746
  23.5600014    1.7429907
  23.5700016    1.7479556
  23.5800018    1.7402544
  23.5900021    1.7225770
  23.6000004    1.7338848
  23.6100006    1.7589566
  23.6200008    1.7577296
  23.6300011    1.7739921
  23.6400013    1.7710402
  23.6500015    1.7516185
  23.6600018    1.7620709
  23.6700020    1.7577566
  23.6800003    1.7547467
  23.6900005    1.7631867
  23.7000008    1.7752223
  23.7100010    1.7633822
  23.7200012    1.7619941
  23.7300014    1.7487886
  23.7400017    1.7443132
  23.7500019    1.7494067
  23.7600002    1.7603217
  23.7700005    1.7636738
  23.7800007    1.7533156
  23.7900009    1.7451881
  23.8000011    1.7411249
  23.8100014    1.7470871
  23.8200016    1.7459327
  23.8300018    1.7180839
  23.8400021    1.7409377
  23.8500004    1.7562491
  23.8600006    1.7503313
  23.8700008    1.7448139
  23.8800011    1.7479721
  23.8900013    1.7532003
  23.9000015    1.7487795
  23.9100018    1.7657734
  23.9200020    1.7769824
  23.9300003    1.7732168
  23.9400005    1.7791352
  23.9500008    1.7722120
  23.9600010    1.7750089
  23.9700012    1.7836647
  23.9800014    1.8076088
  23.9900017    1.8026769
  24.0000019    1.7948426
  24.0100002    1.7870574
  24.0200005    1.7885836
  24.0300007    1.7850354
  24.0400009    1.7830621
  24.0500011    1.7745161
  24.0600014    1.7661306
  24.0700016    1.7357335
  24.0800018    1.7201321
  24.0900021    1.7347687
  24.1000004    1.7424341
  24.1100006    1.7671627
  24.1200008    1.7733724
  24.1300011    1.8052744
  24.1400013    1.7877208
  24.1500015    1.7736592
  24.1600018    1.7464637
  24.1700020    1.6797997
  24.1800003    1.6659468
  24.1900005    1.6940277
  24.2000008    1.6820261
  24.2100010    1.6930691
  24.2200012    1.7140596
  24.2300014    1.7169597
  24.2400017    1.7163243
  24.2500019    1.7269217
  24.2600002    1.7390333
  24.2700005    1.7297090
  24.2800007    1.7264166
  24.2900009    1.7301441
  24.3000011    1.7350281
  24.3100014    1.7249820
  24.3200016    1.7363913
  24.3300018    1.7314596
  24.3400021    1.7115474
  24.3500004    1.6978499
  24.3600006    1.7052155
  24.3700008    1.7448012
  24.3800011    1.7546120
  24.3900013    1.7608980
  24.4000015    1.7464517
  24.4100018    1.7484561
  24.4200020    1.7623738
  24.4300003    1.7672079
  24.4400005    1.7585589
  24.4500008    1.7431637
  24.4600010    1.7363423
  24.4700012    1.7252386
  24.4800014    1.7560915
  24.4900017    1.7636094
  24.5000019    1.7714144
  24.5100002    1.7679768
  24.5200005    1.7766473
  24.5300007    1.7863830
  24.5400009    1.7938421
  24.5500011    1.7896600
  24.5600014    1.7888639
  24.5700016    1.7840492
  24.5800018    1.7775990
  24.5900021    1.7704923
  24.6000004    1.7803984
  24.6100006    1.7577882
  24.6200008    1.7456660
  24.6300011    1.7516701
  24.6400013    1.7801517
  24.6500015    1.8064189
  24.6600018    1.8220921
  24.6700020    1.8153007
  24.6800003    1.8000462
  24.6900005    1.7928056
  24.7000008    1.7880116
  24.7100010    1.7701586
  24.7200012    1.7697219
  24.7300014    1.7569118
  24.7400017    1.7796932
  24.7500019    1.7829566
  24.7600002    1.7530005
  24.7700005    1.7639772
  24.7800007    1.7736003
  24.7900009    1.7530559
  24.8000011    1.7238542
  24.8100014    1.7411783
  24.8200016    1.7250048
  24.8300018    1.7188512
  24.8400021    1.7230570
  24.8500004    1.7131217
  24.8600006    1.6817424
  24.8700008    1.6574056
  24.8800011    1.6600693
  24.8900013    1.6647155
  24.9000015    1.6649841
  24.9100018    1.6789157
  24.9200020    1.6946093
  24.9300003    1.6476083
  24.9400005    1.6766016
  24.9500008    1.7096593
  24.9600010    1.7259769
  24.9700012    1.7074138
  24.9800014    1.7254585
  24.9900017    1.7431240
  25.0000019    1.7246100
  25.0100021    1.7336805
  25.0200005    1.7244614
  25.0300007    1.7217163
  25.0400009    1.7279385
  25.0500011    1.7256982
  25.0600014    1.7504010
  25.0700016    1.7508395
  25.0800018    1.7368348
  25.0900021    1.7103655
  25.1000004    1.7107868
  25.1100006    1.7193030
  25.1200008    1.7242630
  25.1300011    1.7343630
  25.1400013    1.7242317
  25.1500015    1.7347412
  25.1600018    1.7186676
  25.1700020    1.7233880
  25.1800003    1.7320743
  25.1900005    1.7496285
  25.2000008    1.7211674
  25.2100010    1.7032256
  25.2200012    1.7117757
  25.2300014    1.7114087
  25.2400017    1.7174550
  25.2500019    1.7334599
  25.2600021    1.7428054
  25.2700005    1.7324086
  25.2800007    1.7332851
  25.2900009    1.7198803
  25.3000011    1.6937096
  25.3100014    1.6871134
  25.3200016    1.6927685
  25.3300018    1.6995659
  25.3400021    1.7181889
  25.3500004    1.7203002
  25.3600006    1.7213737
  25.3700008    1.7244287
  25.3800011    1.7285209
  25.3900013    1.7291757
  25.4000015    1.7357219
  25.4100018    1.7176619
  25.4200020    1.7135077
  25.4300003    1.7196239
  25.4400005    1.7230966
  25.4500008    1.7161891
  25.4600010    1.7424729
  25.4700012    1.7339002
  25.4800014    1.7509141
  25.4900017    1.7553461
  25.5000019    1.7495912
  25.5100021    1.7628442
  25.5200005    1.7641703
  25.5300007    1.7597864
  25.5400009    1.7494000
  25.5500011    1.7334921
  25.5600014    1.7235432
  25.5700016    1.7323589
  25.5800018    1.7735647
  25.5900021    1.7890356
  25.6000004    1.7756586
  25.6100006    1.7772393
  25.6200008    1.8085065
  25.6300011    1.8149314
  25.6400013    1.8187437
  25.6500015    1.8207972
  25.6600018    1.8274353
  25.6700020    1.8322731
  25.6800003    1.8341795
  25.6900005    1.8291408
  25.7000008    1.8513796
  25.7100010    1.8510599
  25.7200012    1.8302008
  25.7300014    1.8324535
  25.7400017    1.8529801
  25.7500019    1.8683184
  25.7600021    1.8535085
  25.7700005    1.8362957
  25.7800007    1.8400235
  25.7900009    1.8267268
  25.8000011    1.8202910
  25.8100014    1.8124218
  25.8200016    1.7859278
  25.8300018    1.7954048
  25.8400021    1.7979199
  25.8500004    1.8092914
  25.8600006    1.8461200
  25.8700008    1.8448668
  25.8800011    1.8525037
  25.8900013    1.8582736
  25.9000015    1.8483306
  25.9100018    1.8524845
  25.9200020    1.8589058
  25.9300003    1.8566310
  25.9400005    1.8533412
  25.9500008    1.8333198
  25.9600010    1.8516215
  25.9700012    1.8312231
  25.9800014    1.8202327
  25.9900017    1.8029698
  26.0000019    1.8189882
  26.0100021    1.8207664
  26.0200005    1.8149648
  26.0300007    1.8157638
  26.0400009    1.8103076
  26.0500011    1.8206145
  26.0600014    1.8329246
  26.0700016    1.8237138
  26.0800018    1.8231502
  26.0900021    1.8297868
  26.1000004    1.8334372
  26.1100006    1.8197044
  26.1200008    1.8272767
  26.1300011    1.8213408
  26.1400013    1.8122669
  26.1500015    1.8108423
  26.1600018    1.8148413
  26.1700020    1.8309740
  26.1800003    1.8306063
  26.1900005    1.8470110
  26.2000008    1.8366327
  26.2100010    1.8471892
  26.2200012    1.8700770
  26.2300014    1.8504280
  26.2400017    1.8406619
  26.2500019    1.8281956
  26.2600021    1.8224182
  26.2700005    1.8044832
  26.2800007    1.7936368
  26.2900009    1.8294470
  26.3000011    1.8287669
  26.3100014    1.8470738
  26.3200016    1.8612382
  26.3300018    1.8379089
  26.3400021    1.8636643
  26.3500004    1.8811033
  26.3600006    1.8872223
  26.3700008    1.8829268
  26.3800011    1.8976673
  26.3900013    1.8916219
  26.4000015    1.8914855
  26.4100018    1.9114505
  26.4200020    1.9042822
  26.4300003    1.9087619
  26.4400005    1.9213158
  26.4500008    1.8970286
  26.4600010    1.8874669
  26.4700012    1.8631715
  26.4800014    1.8409376
  26.4900017    1.8674948
  26.5000019    1.8757092
  26.5100021    1.8963538
  26.5200005    1.9101864
  26.5300007    1.8854661
  26.5400009    1.8997198
  26.5500011    1.8796997
  26.5600014    1.9012848
  26.5700016    1.8684704
  26.5800018    1.8519934
  26.5900021    1.8229706
  26.6000004    1.8420259
  26.6100006    1.8542545
  26.6200008    1.8328559
  26.6300011    1.8493235
  26.6400013    1.8530713
  26.6500015    1.8452753
  26.6600018    1.8661135
  26.6700020    1.8957194
  26.6800022    1.9193822
  26.6900005    1.9451772
  26.7000008    1.9141271
  26.7100010    1.9121897
  26.7200012    1.9002299
  26.7300014    1.9040519
  26.7400017    1.8817192
  26.7500019    1.8610580
  26.7600021    1.8475569
  26.7700005    1.8497837
  26.7800007    1.8470503
  26.7900009    1.8611940
  26.8000011    1.8633741
  26.8100014    1.8678608
  26.8200016    1.8617578
  26.8300018    1.8250632
  26.8400021    1.8280656
  26.8500004    1.8367760
  26.8600006    1.8471712
  26.8700008    1.8599461
  26.8800011    1.8526170
  26.8900013    1.8836756
  26.9000015    1.8804003
  26.9100018    1.8955386
  26.9200020    1.8662581
  26.9300022    1.8786824
  26.9400005    1.9047056
  26.9500008    1.9022386
  26.9600010    1.8906816
  26.9700012    1.9008943
  26.9800014    1.8951287
  26.9900017    1.8860203
  27.0000019    1.8747919
  27.0100021    1.9137025
  27.0200005    1.9147317
  27.0300007    1.9228823
  27.0400009    1.9099891
  27.0500011    1.9195865
  27.0600014    1.9255383
  27.0700016    1.9196532
  27.0800018    1.9229627
  27.0900021    1.9354949
  27.1000004    1.9342440
  27.1100006    1.9192275
  27.1200008    1.9162706
  27.1300011    1.9102255
  27.1400013    1.9078555
  27.1500015    1.8971212
  27.1600018    1.8925054
  27.1700020    1.8975295
  27.1800022    1.8882370
  27.1900005    1.8921726
  27.2000008    1.9027389
  27.2100010    1.8871655
  27.2200012    1.8766093
  27.2300014    1.9032068
  27.2400017    1.9054042
  27.2500019    1.8828703
  27.2600021    1.9060419
  27.2700005    1.9078305
  27.2800007    1.9355776
  27.2900009    1.9615684
  27.3000011    1.9691464
  27.3100014    1.9711607
  27.3200016    1.9733813
  27.3300018    1.9576225
  27.3400021    1.9355677
  27.3500004    1.9473341
  27.3600006    1.9574167
  27.3700008    1.9813139
  27.3800011    1.9976964
  27.3900013    1.9820038
  27.4000015    1.9710063
  27.4100018    1.9630356
  27.4200020    1.9640751
  27.4300022    1.9699214
  27.4400005    1.9745263
  27.4500008    1.9418577
  27.4600010    1.9481301
  27.4700012    1.9351166
  27.4800014    1.9349058
  27.4900017    1.9238665
  27.5000019    1.9339309
  27.5100021    1.9371818
  27.5200005    1.9495907
  27.5300007    1.9486141
  27.5400009    1.9735104
  27.5500011    1.9801310
  27.5600014    1.9885464
  27.5700016    1.9551277
  27.5800018    1.9645081
  27.5900021    1.9786749
  27.6000004    1.9839133
  27.6100006    1.9763843
  27.6200008    1.9691634
  27.6300011    1.9261962
  27.6400013    1.9167497
  27.6500015    1.9350449
  27.6600018    1.9332354
  27.6700020    1.9416691
  27.6800022    1.9531938
  27.6900005    1.9601648
  27.7000008    1.9377928
  27.7100010    1.9153043
  27.7200012    1.8921405
  27.7300014    1.8747720
  27.7400017    1.8736267
  27.7500019    1.8891029
  27.7600021    1.8981174
  27.7700005    1.9153525
  27.7800007    1.9144473
  27.7900009    1.9074048
  27.8000011    1.9237249
  27.8100014    1.9308327
  27.8200016    1.9337552
  27.8300018    1.9473213
  27.8400021    1.9624743
  27.8500004    1.9539605
  27.8600006    1.9628773
  27.8700008    1.9484760
  27.8800011    1.9732260
  27.8900013    1.9848218
  27.9000015    1.9843377
  27.9100018    1.9732065
  27.9200020    1.9710369
  27.9300022    1.9921943
  27.9400005    1.9867679
  27.9500008    1.9615448
  27.9600010    1.9731293
  27.9700012    1.9875103
  27.9800014    2.0128903
  27.9900017    2.0168872
  28.0000019    2.0336304
  28.0100021    2.0189676
  28.0200005    2.0050373
  28.0300007    1.9984432
  28.0400009    2.0238690
  28.0500011    2.0156293
  28.0600014    1.9860636
  28.0700016    1.9883257
  28.0800018    1.9819268
  28.0900021    1.9903473
  28.1000004    2.0032868
  28.1100006    2.0014877
  28.1200008    2.0096130
  28.1300011    1.9947162
  28.1400013    1.9885174
  28.1500015    1.9891434
  28.1600018    1.9881870
  28.1700020    2.0039308
  28.1800022    1.9974041
  28.1900005    1.9634861
  28.2000008    1.9736104
  28.2100010    1.9753532
  28.2200012    1.9821596
  28.2300014    1.9978187
  28.2400017    2.0180757
  28.2500019    2.0088084
  28.2600021    2.0085597
  28.2700005    1.9960662
  28.2800007    1.9754047
  28.2900009    1.9738477
  28.3000011    1.9836944
  28.3100014    1.9880939
  28.3200016    1.9801784
  28.3300018    1.9869586
  28.3400021    1.9848419
  28.3500023    2.0050821
  28.3600006    1.9953680
  28.3700008    1.9926364
  28.3800011    1.9792283
  28.3900013    1.9760829
  28.4000015    1.9674431
  28.4100018    1.9732238
  28.4200020    1.9572634
  28.4300022    1.9468999
  28.4400005    1.9802914
  28.4500008    1.9758384
  28.4600010    1.9961574
  28.4700012    1.9920225
  28.4800014    1.9814961
  28.4900017    1.9628487
  28.5000019    1.9542984
  28.5100021    1.9662480
  28.5200005    1.9474951
  28.5300007    1.9260626
  28.5400009    1.9195184
  28.5500011    1.9410256
  28.5600014    1.9037503
  28.5700016    1.8950073
  28.5800018    1.9069263
  28.5900021    1.9019555
  28.6000023    1.9133651
  28.6100006    1.9261912
  28.6200008    1.9162816
  28.6300011    1.9052650
  28.6400013    1.8981780
  28.6500015    1.8953048
  28.6600018    1.9248953
  28.6700020    1.9326297
  28.6800022    1.9441304
  28.6900005    1.9481522
  28.7000008    1.9253527
  28.7100010    1.9106048
  28.7200012    1.9252418
  28.7300014    1.9401424
  28.7400017    1.9277747
  28.7500019    1.9214443
  28.7600021    1.9375281
  28.7700005    1.9492574
  28.7800007    1.9422102
  28.7900009    1.9861530
  28.8000011    1.9916674
  28.8100014    1.9963874
  28.8200016    1.9767274
  28.8300018    1.9712043
  28.8400021    1.9710064
  28.8500023    1.9819820
  28.8600006    1.9667232
  28.8700008    1.9492792
  28.8800011    1.9185282
  28.8900013    1.9347802
  28.9000015    1.9579175
  28.9100018    1.9419607
  28.9200020    1.9226776
  28.9300022    1.9197752
  28.9400005    1.9238999
  28.9500008    1.9432391
  28.9600010    1.9575175
  28.9700012    1.9549178
  28.9800014    1.9406360
  28.9900017    1.9670769
  29.0000019    1.9731704
  29.0100021    1.9668913
  29.0200005    1.9590942
  29.0300007    1.9554480
  29.0400009    1.9848032
  29.0500011    1.9799191
  29.0600014    1.9764739
  29.0700016    1.9581050
  29.0800018    1.9523269
  29.0900021    1.9555070
  29.1000023    1.9643704
  29.1100006    1.9542917
  29.1200008    1.9584992
  29.1300011    1.9627786
  29.1400013    1.9584279
  29.1500015    1.9593736
  29.1600018    1.9508390
  29.1700020    1.9557238
  29.1800022    1.9602973
  29.1900005    1.9739590
  29.2000008    1.9612277
  29.2100010    1.9815240
  29.2200012    1.9495143
  29.2300014    1.9872706
  29.2400017    2.0123072
  29.2500019    2.0133398
  29.2600021    1.9868281
  29.2700005    1.9798414
  29.2800007    1.9771202
  29.2900009    1.9742649
  29.3000011    1.9829016
  29.3100014    1.9815565
  29.3200016    1.9760220
  29.3300018    1.9542079
  29.3400021    1.9373537
  29.3500023    1.9374117
  29.3600006    1.9243482
  29.3700008    1.9230434
  29.3800011    1.9336562
  29.3900013    1.9193377
  29.4000015    1.9308887
  29.4100018    1.9468117
  29.4200020    1.9650406
  29.4300022    1.9711300
  29.4400005    1.9715427
  29.4500008    1.9710631
  29.4600010    1.9884901
  29.4700012    1.9649729
  29.4800014    1.9670200
  29.4900017    1.9617457
  29.5000019    1.9706243
  29.5100021    1.9738643
  29.5200005    1.9810069
  29.5300007    1.9996690
  29.5400009    2.0109007
  29.5500011    2.0059795
  29.5600014    2.0224576
  29.5700016    2.0240068
  29.5800018    2.0089760
  29.5900021    2.0289309
  29.6000023    2.0232270
  29.6100006    2.0158145
  29.6200008    2.0230136
  29.6300011    2.0256302
  29.6400013    2.0249925
  29.6500015    2.0026639
  29.6600018    2.0059056
  29.6700020    2.0071268
  29.6800022    2.0420864
  29.6900005    2.0506883
  29.7000008    2.0468569
  29.7100010    2.0459831
  29.7200012    2.0590963
  29.7300014    2.0701802
  29.7400017    2.0544026
  29.7500019    2.0657325
  29.7600021    2.0610528
  29.7700024    2.0606310
  29.7800007    2.0469124
  29.7900009    2.0377584
  29.8000011    2.0262856
  29.8100014    2.0350375
  29.8200016    2.0341573
  29.8300018    2.0347879
  29.8400021    2.0404639
  29.8500023    2.0273037
  29.8600006    2.0059266
  29.8700008    1.9809132
  29.8800011    1.9971596
  29.8900013    2.0249953
  29.9000015    2.0357459
  29.9100018    2.0213339
  29.9200020    2.0244501
  29.9300022    2.0226116
  29.9400005    2.0356994
  29.9500008    2.0659115
  29.9600010    2.0550470
  29.9700012    2.0655785
  29.9800014    2.0755365
  29.9900017    2.0735624
  30.0000019    2.0807595
  30.0100021    2.0868099
  30.0200024    2.0967917
  30.0300007    2.0987284
  30.0400009    2.0641930
  30.0500011    2.0674677
  30.0600014    2.0627937
  30.0700016    2.0594270
  30.0800018    2.0610003
  30.0900021    2.0779088
  30.1000023    2.0485749
  30.1100006    2.0316842
  30.1200008    2.0238838
  30.1300011    2.0297968
  30.1400013    2.0599265
  30.1500015    2.0535688
  30.1600018    2.0365787
  30.1700020    2.0319810
  30.1800022    2.0348461
  30.1900005    2.0562699
  30.2000008    2.0691032
  30.2100010    2.0626714
  30.2200012    2.0976248
  30.2300014    2.0952656
  30.2400017    2.1028881
  30.2500019    2.0908520
  30.2600021    2.0861397
  30.2700024    2.0837133
  30.2800007    2.0979054
  30.2900009    2.0740886
  30.3000011    2.0771122
  30.3100014    2.0856404
  30.3200016    2.0615659
  30.3300018    2.0442243
  30.3400021    2.0743210
  30.3500023    2.0732338
  30.3600006    2.0620048
  30.3700008    2.0671620
  30.3800011    2.0734665
  30.3900013    2.0863686
  30.4000015    2.0915580
  30.4100018    2.0809119
  30.4200020    2.0777733
  30.4300022    2.0905042
  30.4400005    2.1155481
  30.4500008    2.1259310
  30.4600010    2.1221113
  30.4700012    2.1023965
  30.4800014    2.1250591
  30.4900017    2.1186390
  30.5000019    2.1154552
  30.5100021    2.1180563
  30.5200024    2.1053653
  30.5300007    2.0983520
  30.5400009    2.0950816
  30.5500011    2.1114678
  30.5600014    2.0796211
  30.5700016    2.0982330
  30.5800018    2.1007364
  30.5900021    2.1052547
  30.6000023    2.0875666
  30.6100006    2.0723119
  30.6200008    2.0876498
  30.6300011    2.0721557
  30.6400013    2.0689521
  30.6500015    2.0675912
  30.6600018    2.0828817
  30.6700020    2.0878549
  30.6800022    2.0803640
  30.6900005    2.0557916
  30.7000008    2.0542171
  30.7100010    2.0639663
  30.7200012    2.0299456
  30.7300014    2.0374482
  30.7400017    2.0448947
  30.7500019    2.0611665
  30.7600021    2.0470324
  30.7700024    2.0495999
  30.7800007    2.0308254
  30.7900009    2.0436046
  30.8000011    2.0226130
  30.8100014    2.0022345
  30.8200016    2.0071709
  30.8300018    2.0008426
  30.8400021    2.0158651
  30.8500023    2.0199976
  30.8600006    2.0337276
  30.8700008    2.0416076
  30.8800011    2.0333717
  30.8900013    2.0318203
  30.9000015    2.0445516
  30.9100018    2.0588403
  30.9200020    2.0580537
  30.9300022    2.0568547
  30.9400005    2.0675552
  30.9500008    2.0715625
  30.9600010    2.0821381
  30.9700012    2.1237829
  30.9800014    2.1017082
  30.9900017    2.0899746
  31.0000019    2.0862265
  31.0100021    2.1129699
  31.0200024    2.1016791
  31.0300007    2.0886042
  31.0400009    2.0814013
  31.0500011    2.0577681
  31.0600014    2.0497918
  31.0700016    2.0628796
  31.0800018    2.0590305
  31.0900021    2.0806725
  31.1000023    2.0884204
  31.1100006    2.0955758
  31.1200008    2.0768037
  31.1300011    2.1025929
  31.1400013    2.0902596
  31.1500015    2.0752709
  31.1600018    2.0625422
  31.1700020    2.0762091
  31.1800022    2.0933368
  31.1900005    2.0899765
  31.2000008    2.1043961
  31.2100010    2.0741620
  31.2200012    2.0538747
  31.2300014    2.0422683
  31.2400017    2.0581508
  31.2500019    2.0662591
  31.2600021    2.0424261
  31.2700024    2.0305338
  31.2800007    2.0090377
  31.2900009    1.9831606
  31.3000011    1.9780002
  31.3100014    1.9957443
  31.3200016    1.9726121
  31.3300018    1.9368886
  31.3400021    1.9557216
  31.3500023    1.9536551
  31.3600006    1.9350421
  31.3700008    1.9258192
  31.3800011    1.9470547
  31.3900013    1.9333135
  31.4000015    1.9475597
  31.4100018    1.9688536
  31.4200020    1.9866785
  31.4300022    1.9906640
  31.4400024    1.9924289
  31.4500008    1.9919903
  31.4600010    1.9941851
  31.4700012    1.9875307
  31.4800014    1.9856868
  31.4900017    1.9833391
  31.5000019    1.9863359
  31.5100021    1.9875495
  31.5200024    1.9939886
  31.5300007    1.9718243
  31.5400009    1.9754223
  31.5500011    1.9681566
  31.5600014    1.9863422
  31.5700016    2.0068624
  31.5800018    2.0029600
  31.5900021    1.9882133
  31.6000023    2.0037115
  31.6100006    2.0179117
  31.6200008    2.0181572
  31.6300011    2.0042870
  31.6400013    2.0036795
  31.6500015    1.9794214
  31.6600018    1.9717478
  31.6700020    1.9668881
  31.6800022    1.9454817
  31.6900024    1.9511704
  31.7000008    1.9392629
  31.7100010    1.9405553
  31.7200012    1.9326873
  31.7300014    1.9377592
  31.7400017    1.9477599
  31.7500019    1.9468931
  31.7600021    1.9411546
  31.7700024    1.9574102
  31.7800007    1.9761800
  31.7900009    1.9855424
  31.8000011    1.9750633
  31.8100014    1.9904308
  31.8200016    1.9819989
  31.8300018    1.9863456
  31.8400021    1.9834529
  31.8500023    1.9741153
  31.8600006    1.9999981
  31.8700008    2.0006409
  31.8800011    1.9868312
  31.8900013    1.9948659
  31.9000015    2.0212603
  31.9100018    2.0214567
  31.9200020    2.0128551
  31.9300022    2.0343611
  31.9400024    2.0268507
  31.9500008    2.0354083
  31.9600010    2.0460317
  31.9700012    2.0634480
  31.9800014    2.0455277
  31.9900017    2.0362949
  32.0000000    2.0147746
  32.0100021    2.0015798
  32.0200005    1.9947275
  32.0300026    2.0002601
  32.0400009    1.9913945
  32.0500031    1.9986719
  32.0600014    2.0097229
  32.0699997    1.9837822
  32.0800018    1.9836713
  32.0900002    1.9875957
  32.1000023    1.9788778
  32.1100006    2.0036755
  32.1200027    2.0020678
  32.1300011    2.0241888
  32.1400032    2.0211072
  32.1500015    2.0367882
  32.1599998    2.0082006
  32.1700020    2.0003400
  32.1800003    2.0029233
  32.1900024    1.9850327
  32.2000008    1.9894664
  32.2100029    1.9588693
  32.2200012    1.9519665
  32.2300034    1.9471494
  32.2400017    1.9503731
  32.2500000    1.9496845
  32.2600021    1.9451416
  32.2700005    1.9477066
  32.2800026    1.9689639
  32.2900009    1.9636681
  32.3000031    1.9561402
  32.3100014    1.9934095
  32.3199997    1.9962314
  32.3300018    2.0154104
  32.3400002    2.0153177
  32.3500023    2.0079100
  32.3600006    1.9905025
  32.3700027    1.9870924
  32.3800011    2.0107105
  32.3900032    2.0041413
  32.4000015    2.0020871
  32.4099998    1.9988834
  32.4200020    2.0034683
  32.4300003    2.0204289
  32.4400024    2.0363655
  32.4500008    2.0383992
  32.4600029    2.0362382
  32.4700012    2.0395176
  32.4800034    2.0214453
  32.4900017    2.0121641
  32.5000000    2.0315144
  32.5100021    1.9903264
  32.5200005    2.0076978
  32.5300026    1.9940650
  32.5400009    1.9870805
  32.5500031    1.9701890
  32.5600014    1.9538651
  32.5699997    1.9313214
  32.5800018    1.9199317
  32.5900002    1.9390475
  32.6000023    1.9627209
  32.6100006    1.9518965
  32.6200027    1.9506527
  32.6300011    1.9665591
  32.6400032    1.9781456
  32.6500015    1.9956181
  32.6599998    1.9996991
  32.6700020    1.9937724
  32.6800003    1.9914428
  32.6900024    2.0252366
  32.7000008    2.0128832
  32.7100029    2.0093660
  32.7200012    1.9886717
  32.7300034    1.9688886
  32.7400017    1.9798987
  32.7500000    1.9851598
  32.7600021    1.9628445
  32.7700005    1.9598608
  32.7800026    1.9423445
  32.7900009    1.8852839
  32.8000031    1.8650583
  32.8100014    1.8737332
  32.8199997    1.8535858
  32.8300018    1.8504958
  32.8400002    1.8372042
  32.8500023    1.8412724
  32.8600006    1.8591707
  32.8700027    1.8451494
  32.8800011    1.8565413
  32.8900032    1.8847631
  32.9000015    1.8928171
  32.9099998    1.8824775
  32.9200020    1.8608060
  32.9300003    1.8475343
  32.9400024    1.8297241
  32.9500008    1.8594431
  32.9600029    1.8711969
  32.9700012    1.8630198
  32.9800034    1.8611574
  32.9900017    1.8777550
  33.0000000    1.8446406
  33.0100021    1.8442978
  33.0200005    1.8540976
  33.0300026    1.8442842
  33.0400009    1.8506451
  33.0500031    1.8549274
  33.0600014    1.8717306
  33.0699997    1.8531773
  33.0800018    1.8748115
  33.0900002    1.8829170
  33.1000023    1.9125463
  33.1100006    1.9119151
  33.1200027    1.8778290
  33.1300011    1.8499548
  33.1400032    1.8670803
  33.1500015    1.8824558
  33.1599998    1.8863764
  33.1700020    1.8847728
  33.1800003    1.8748802
  33.1900024    1.8935997
  33.2000008    1.8926865
  33.2100029    1.8965827
  33.2200012    1.8969198
  33.2300034    1.8958142
  33.2400017    1.8833326
  33.2500000    1.8940750
  33.2600021    1.8800995
  33.2700005    1.8563776
  33.2800026    1.8950448
  33.2900009    1.9117323
  33.3000031    1.8974148
  33.3100014    1.8917509
  33.3199997    1.8828723
  33.3300018    1.8688877
  33.3400002    1.8505417
  33.3500023    1.8417760
  33.3600006    1.8517717
  33.3700027    1.8526443
  33.3800011    1.8577037
  33.3900032    1.8565809
  33.4000015    1.8506784
  33.4099998    1.8504676
  33.4200020    1.8404297
  33.4300003    1.8563049
  33.4400024    1.8636938
  33.4500008    1.8495350
  33.4600029    1.8451248
  33.4700012    1.8605732
  33.4800034    1.8582041
  33.4900017    1.8582356
  33.5000000    1.8368102
  33.5100021    1.8432747
  33.5200005    1.8503306
  33.5300026    1.8313501
  33.5400009    1.8354114
  33.5500031    1.8438773
  33.5600014    1.8507442
  33.5699997    1.8606052
  33.5800018    1.8586833
  33.5900002    1.8660065
  33.6000023    1.8469285
  33.6100006    1.8494800
  33.6200027    1.8314463
  33.6300011    1.8409988
  33.6400032    1.8493390
  33.6500015    1.8516635
  33.6599998    1.8629496
  33.6700020    1.8677871
  33.6800003    1.8608409
  33.6900024    1.8642509
  33.7000008    1.8782456
  33.7100029    1.8687947
  33.7200012    1.8798400
  33.7300034    1.8830765
  33.7400017    1.8886431
  33.7500000    1.8889942
  33.7600021    1.8798693
  33.7700005    1.8964002
  33.7800026    1.8928307
  33.7900009    1.8699148
  33.8000031    1.8551134
  33.8100014    1.8541466
  33.8200035    1.8637171
  33.8300018    1.8588541
  33.8400002    1.8566260
  33.8500023    1.8588798
  33.8600006    1.8417852
  33.8700027    1.8649096
  33.8800011    1.8551997
  33.8900032    1.8476474
  33.9000015    1.8448222
  33.9099998    1.8294296
  33.9200020    1.8257715
  33.9300003    1.8498824
  33.9400024    1.8555555
  33.9500008    1.8642305
  33.9600029    1.8672103
  33.9700012    1.8931217
  33.9800034    1.9009304
  33.9900017    1.8802094
  34.0000000    1.8783047
  34.0100021    1.8775305
  34.0200005    1.9073336
  34.0300026    1.8991531
  34.0400009    1.9023641
  34.0500031    1.8986776
  34.0600014    1.8806449
  34.0700035    1.8833191
  34.0800018    1.8958583
  34.0900002    1.8866088
  34.1000023    1.8724918
  34.1100006    1.8690479
  34.1200027    1.8857055
  34.1300011    1.8819939
  34.1400032    1.8860917
  34.1500015    1.8513583
  34.1599998    1.8279678
  34.1700020    1.8351539
  34.1800003    1.8224701
  34.1900024    1.8528668
  34.2000008    1.8670094
  34.2100029    1.8673838
  34.2200012    1.8827859
  34.2300034    1.9097114
  34.2400017    1.8864262
  34.2500000    1.8724489
  34.2600021    1.8783754
  34.2700005    1.8924928
  34.2800026    1.8872530
  34.2900009    1.8897889
  34.3000031    1.8891447
  34.3100014    1.8862302
  34.3200035    1.8658606
  34.3300018    1.8529624
  34.3400002    1.8520898
  34.3500023    1.8580341
  34.3600006    1.8558291
  34.3700027    1.8558083
  34.3800011    1.8709621
  34.3900032    1.8835071
  34.4000015    1.8825535
  34.4099998    1.8738890
  34.4200020    1.8663931
  34.4300003    1.8697540
  34.4400024    1.8730855
  34.4500008    1.8415219
  34.4600029    1.8513275
  34.4700012    1.8278058
  34.4800034    1.8235513
  34.4900017    1.8542433
  34.5000000    1.8558990
  34.5100021    1.8628229
  34.5200005    1.8482558
  34.5300026    1.8567581
  34.5400009    1.8597497
  34.5500031    1.8395176
  34.5600014    1.8441260
  34.5700035    1.8389963
  34.5800018    1.8440591
  34.5900002    1.8602196
  34.6000023    1.8640432
  34.6100006    1.8859912
  34.6200027    1.8808501
  34.6300011    1.8986770
  34.6400032    1.9024047
  34.6500015    1.9224256
  34.6599998    1.9144465
  34.6700020    1.9132173
  34.6800003    1.8925265
  34.6900024    1.8911799
  34.7000008    1.8923465
  34.7100029    1.8901100
  34.7200012    1.8981682
  34.7300034    1.9142816
  34.7400017    1.9183722
  34.7500000    1.9358512
  34.7600021    1.9152459
  34.7700005    1.9121674
  34.7800026    1.8982636
  34.7900009    1.8860136
  34.8000031    1.8885584
  34.8100014    1.8911632
  34.8200035    1.9109768
  34.8300018    1.9248641
  34.8400002    1.9275243
  34.8500023    1.9457644
  34.8600006    1.9438101
  34.8700027    1.9182789
  34.8800011    1.9129772
  34.8900032    1.8865398
  34.9000015    1.8975692
  34.9099998    1.9032813
  34.9200020    1.9116738
  34.9300003    1.9000183
  34.9400024    1.9184774
  34.9500008    1.9104538
  34.9600029    1.9072711
  34.9700012    1.9110117
  34.9800034    1.9407618
  34.9900017    1.9353722
  35.0000000    1.9233004
  35.0100021    1.9384540
  35.0200005    1.9318666
  35.0300026    1.9218671
  35.0400009    1.9080870
  35.0500031    1.9107896
  35.0600014    1.9356807
  35.0700035    1.9552366
  35.0800018    1.9587458
  35.0900002    1.9524136
  35.1000023    1.9420272
  35.1100006    1.9325229
  35.1200027    1.9208363
  35.1300011    1.8847812
  35.1400032    1.8683773
  35.1500015    1.8552655
  35.1599998    1.8443583
  35.1700020    1.8164870
  35.1800003    1.7989982
  35.1900024    1.7918367
  35.2000008    1.7862657
  35.2100029    1.8127761
  35.2200012    1.8358680
  35.2300034    1.8211594
  35.2400017    1.8229787
  35.2500000    1.8445495
  35.2600021    1.8418931
  35.2700005    1.8398501
  35.2800026    1.8375390
  35.2900009    1.8337913
  35.3000031    1.8823206
  35.3100014    1.8806409
  35.3200035    1.8903553
  35.3300018    1.8728794
  35.3400002    1.8650699
  35.3500023    1.8780653
  35.3600006    1.8620527
  35.3700027    1.8482311
  35.3800011    1.8578706
  35.3900032    1.8496174
  35.4000015    1.8320670
  35.4099998    1.8277017
  35.4200020    1.8218400
  35.4300003    1.8138804
  35.4400024    1.8263006
  35.4500008    1.8044827
  35.4600029    1.8039014
  35.4700012    1.8109583
  35.4800034    1.8006768
  35.4900017    1.8404666
  35.5000000    1.8300667
  35.5100021    1.8230554
  35.5200005    1.8332727
  35.5300026    1.8183209
  35.5400009    1.8399295
  35.5500031    1.8271854
  35.5600014    1.8251686
  35.5700035    1.8096300
  35.5800018    1.7953209
  35.5900002    1.8218070
  35.6000023    1.8116550
  35.6100006    1.8069861
  35.6200027    1.8251239
  35.6300011    1.8480941
  35.6400032    1.8818839
  35.6500015    1.8852549
  35.6599998    1.8834163
  35.6700020    1.8534925
  35.6800003    1.8466816
  35.6900024    1.8656013
  35.7000008    1.9187073
  35.7100029    1.9192336
  35.7200012    1.9027860
  35.7300034    1.9227203
  35.7400017    1.9392161
  35.7500000    1.9538937
  35.7600021    1.9367784
  35.7700005    1.9364606
  35.7800026    1.9301991
  35.7900009    1.9493613
  35.8000031    1.9500104
  35.8100014    1.9206387
  35.8200035    1.8963022
  35.8300018    1.8769517
  35.8400002    1.8824998
  35.8500023    1.8763552
  35.8600006    1.8925875
  35.8700027    1.8864754
  35.8800011    1.8671657
  35.8900032    1.8522269
  35.9000015    1.8436779
  35.9099998    1.8259273
  35.9200020    1.8201869
  35.9300003    1.8486854
  35.9400024    1.8280128
  35.9500008    1.8450661
  35.9600029    1.8407115
  35.9700012    1.8589197
  35.9800034    1.8488014
  35.9900017    1.8316842
  36.0000000    1.8096882
  36.0100021    1.8065209
  36.0200005    1.7874362
  36.0300026    1.7884634
  36.0400009    1.8247720
  36.0500031    1.8394473
  36.0600014    1.8390715
  36.0700035    1.8674952
  36.0800018    1.8654578
  36.0900002    1.8391535
  36.1000023    1.8516436
  36.1100006    1.8645703
  36.1200027    1.8767023
  36.1300011    1.8362366
  36.1400032    1.8168044
  36.1500015    1.8234484
  36.1599998    1.8186795
  36.1700020    1.8421702
  36.1800003    1.8291632
  36.1900024    1.8253945
  36.2000008    1.8272203
  36.2100029    1.8615211
  36.2200012    1.8928182
  36.2300034    1.8843416
  36.2400017    1.8557088
  36.2500000    1.8375973
  36.2600021    1.8262806
  36.2700005    1.8130931
  36.2800026    1.8091803
  36.2900009    1.8171514
  36.3000031    1.8225918
  36.3100014    1.8223855
  36.3200035    1.8247682
  36.3300018    1.8352110
  36.3400002    1.8141453
  36.3500023    1.8223073
  36.3600006    1.8071427
  36.3700027    1.7973408
  36.3800011    1.8068784
  36.3900032    1.7965341
  36.4000015    1.8090200
  36.4099998    1.8164940
  36.4200020    1.8255551
  36.4300003    1.8213526
  36.4400024    1.8207273
  36.4500008    1.7969913
  36.4600029    1.8062782
  36.4700012    1.7887321
  36.4800034    1.7875737
  36.4900017    1.7752142
  36.5000000    1.7699492
  36.5100021    1.7963538
  36.5200005    1.8086857
  36.5300026    1.8224062
  36.5400009    1.8055822
  36.5500031    1.8003538
  36.5600014    1.8192136
  36.5700035    1.8264288
  36.5800018    1.8286934
  36.5900002    1.8179349
  36.6000023    1.8328078
  36.6100006    1.8196813
  36.6200027    1.8395810
  36.6300011    1.8611357
  36.6400032    1.8773764
  36.6500015    1.8686221
  36.6599998    1.8623769
  36.6700020    1.8363247
  36.6800003    1.8014107
  36.6900024    1.7921768
  36.7000008    1.7692934
  36.7100029    1.7919384
  36.7200012    1.8151498
  36.7300034    1.8067729
  36.7400017    1.8041172
  36.7500000    1.8189743
  36.7600021    1.8119296
  36.7700005    1.7813234
  36.7800026    1.7736088
  36.7900009    1.7641690
  36.8000031    1.7396476
  36.8100014    1.7255633
  36.8200035    1.7210357
  36.8300018    1.7116920
  36.8400002    1.7275337
  36.8500023    1.7471763
  36.8600006    1.7370392
  36.8700027    1.7377105
  36.8800011    1.7210084
  36.8900032    1.7022508
  36.9000015    1.6965110
  36.9099998    1.7346783
  36.9200020    1.7569695
  36.9300003    1.7640972
  36.9400024    1.7701341
  36.9500008    1.7668432
  36.9600029    1.7892344
  36.9700012    1.7933587
  36.9800034    1.7741282
  36.9900017    1.8008723
  37.0000000    1.8053358
  37.0100021    1.7732669
  37.0200005    1.7871156
  37.0300026    1.7819151
  37.0400009    1.7695013
  37.0500031    1.7625951
  37.0600014    1.7578052
  37.0700035    1.7562028
  37.0800018    1.7387018
  37.0900002    1.7324204
  37.1000023    1.7322471
  37.1100006    1.7128237
  37.1200027    1.7413127
  37.1300011    1.7085311
  37.1400032    1.7311293
  37.1500015    1.7343972
  37.1600037    1.7513571
  37.1700020    1.7374389
  37.1800003    1.7328714
  37.1900024    1.7257620
  37.2000008    1.7090744
  37.2100029    1.7132405
  37.2200012    1.7104064
  37.2300034    1.6830105
  37.2400017    1.6839851
  37.2500000    1.7168813
  37.2600021    1.7502004
  37.2700005    1.7796526
  37.2800026    1.7805083
  37.2900009    1.7763143
  37.3000031    1.7962939
  37.3100014    1.8011769
  37.3200035    1.8174597
  37.3300018    1.8191769
  37.3400002    1.8390762
  37.3500023    1.8337495
  37.3600006    1.8278207
  37.3700027    1.8304899
  37.3800011    1.8182294
  37.3900032    1.8184865
  37.4000015    1.8291415
  37.4100037    1.8132288
  37.4200020    1.7903645
  37.4300003    1.7724631
  37.4400024    1.7769617
  37.4500008    1.7698538
  37.4600029    1.7953113
  37.4700012    1.8092896
  37.4800034    1.8172295
  37.4900017    1.7844834
  37.5000000    1.8078189
  37.5100021    1.7762405
  37.5200005    1.7827278
  37.5300026    1.8040198
  37.5400009    1.8152460
  37.5500031    1.7953943
  37.5600014    1.8085697
  37.5700035    1.8022912
  37.5800018    1.8175248
  37.5900002    1.8021302
  37.6000023    1.7922016
  37.6100006    1.7748077
  37.6200027    1.7887571
  37.6300011    1.8020030
  37.6400032    1.8232778
  37.6500015    1.8324132
  37.6600037    1.8483582
  37.6700020    1.8258396
  37.6800003    1.8298562
  37.6900024    1.8583006
  37.7000008    1.8429227
  37.7100029    1.8088927
  37.7200012    1.7931145
  37.7300034    1.7770959
  37.7400017    1.7775986
  37.7500000    1.7719468
  37.7600021    1.7700865
  37.7700005    1.7674453
  37.7800026    1.7891092
  37.7900009    1.8011473
  37.8000031    1.8156712
  37.8100014    1.8135291
  37.8200035    1.8223332
  37.8300018    1.8109452
  37.8400002    1.7900199
  37.8500023    1.7982658
  37.8600006    1.7807399
  37.8700027    1.8146006
  37.8800011    1.8288597
  37.8900032    1.8240920
  37.9000015    1.8356192
  37.9100037    1.8298417
  37.9200020    1.8427805
  37.9300003    1.8349077
  37.9400024    1.8515832
  37.9500008    1.8828897
  37.9600029    1.8985327
  37.9700012    1.8892320
  37.9800034    1.8844357
  37.9900017    1.8706501
  38.0000000    1.8606650
  38.0100021    1.8725506
  38.0200005    1.8639643
  38.0300026    1.8414799
  38.0400009    1.8616700
  38.0500031    1.8699682
  38.0600014    1.8600233
  38.0700035    1.8728569
  38.0800018    1.8807081
  38.0900002    1.8800650
  38.1000023    1.8607430
  38.1100006    1.8473653
  38.1200027    1.8492364
  38.1300011    1.8268250
  38.1400032    1.8370101
  38.1500015    1.8424881
  38.1600037    1.8557081
  38.1700020    1.8466734
  38.1800003    1.8467320
  38.1900024    1.8380749
  38.2000008    1.8420291
  38.2100029    1.8273101
  38.2200012    1.8305809
  38.2300034    1.8596047
  38.2400017    1.8585061
  38.2500000    1.8387367
  38.2600021    1.8465713
  38.2700005    1.8520054
  38.2800026    1.8481447
  38.2900009    1.8410783
  38.3000031    1.8468498
  38.3100014    1.8348323
  38.3200035    1.8571839
  38.3300018    1.8569889
  38.3400002    1.8561387
  38.3500023    1.8664832
  38.3600006    1.8853319
  38.3700027    1.8831593
  38.3800011    1.8820095
  38.3900032    1.8551885
  38.4000015    1.8688529
  38.4100037    1.8637789
  38.4200020    1.8856380
  38.4300003    1.9139102
  38.4400024    1.9191123
  38.4500008    1.9015954
  38.4600029    1.9050021
  38.4700012    1.9234158
  38.4800034    1.9410886
  38.4900017    1.9541116
  38.5000000    1.9349451
  38.5100021    1.9008917
  38.5200005    1.8954422
  38.5300026    1.9015898
  38.5400009    1.8900672
  38.5500031    1.8439903
  38.5600014    1.8448565
  38.5700035    1.8302904
  38.5800018    1.8083594
  38.5900002    1.8165358
  38.6000023    1.8332380
  38.6100006    1.8321439
  38.6200027    1.8316547
  38.6300011    1.8411745
  38.6400032    1.8365721
  38.6500015    1.8015261
  38.6600037    1.8264962
  38.6700020    1.8275044
  38.6800003    1.8247495
  38.6900024    1.8259807
  38.7000008    1.8055302
  38.7100029    1.8084271
  38.7200012    1.8059500
  38.7300034    1.8395735
  38.7400017    1.8419719
  38.7500000    1.8510920
  38.7600021    1.8451179
  38.7700005    1.8399917
  38.7800026    1.8231226
  38.7900009    1.8201227
  38.8000031    1.8130275
  38.8100014    1.8124379
  38.8200035    1.7979620
  38.8300018    1.8127542
  38.8400002    1.8032979
  38.8500023    1.7984796
  38.8600006    1.8013681
  38.8700027    1.8056200
  38.8800011    1.7976025
  38.8900032    1.7849495
  38.9000015    1.7996706
  38.9100037    1.8025831
  38.9200020    1.7839587
  38.9300003    1.7759502
  38.9400024    1.7974122
  38.9500008    1.7902133
  38.9600029    1.7799832
  38.9700012    1.7792492
  38.9800034    1.7551559
  38.9900017    1.7643938
  39.0000000    1.7585342
  39.0100021    1.7738651
  39.0200005    1.7737411
  39.0300026    1.7744491
  39.0400009    1.7976657
  39.0500031    1.8196640
  39.0600014    1.8326794
  39.0700035    1.7953073
  39.0800018    1.7740511
  39.0900002    1.7686430
  39.1000023    1.7633194
  39.1100006    1.7857940
  39.1200027    1.8036679
  39.1300011    1.7932063
  39.1400032    1.8198026
  39.1500015    1.7836370
  39.1600037    1.7983787
  39.1700020    1.7912865
  39.1800003    1.7986556
  39.1900024    1.8059405
  39.2000008    1.7994126
  39.2100029    1.7954336
  39.2200012    1.8157691
  39.2300034    1.8228506
  39.2400017    1.8127203
  39.2500000    1.8131574
  39.2600021    1.8192405
  39.2700005    1.8135033
  39.2800026    1.8195596
  39.2900009    1.8444151
  39.3000031    1.8495785
  39.3100014    1.8398949
  39.3200035    1.8192905
  39.3300018    1.8425920
  39.3400002    1.8664883
  39.3500023    1.8355179
  39.3600006    1.8495752
  39.3700027    1.8591964
  39.3800011    1.8684253
  39.3900032    1.8162639
  39.4000015    1.8384879
  39.4100037    1.8455907
  39.4200020    1.8452690
  39.4300003    1.8481382
  39.4400024    1.8749177
  39.4500008    1.8847312
  39.4600029    1.8656456
  39.4700012    1.8661411
  39.4800034    1.8431653
  39.4900017    1.8335679
  39.5000000    1.8396883
  39.5100021    1.8323616
  39.5200005    1.8486457
  39.5300026    1.8327112
  39.5400009    1.8310237
  39.5500031    1.8629874
  39.5600014    1.8806024
  39.5700035    1.8877974
  39.5800018    1.8995274
  39.5900002    1.9124464
  39.6000023    1.9269024
  39.6100006    1.9319113
  39.6200027    1.9220669
  39.6300011    1.9051031
  39.6400032    1.9083000
  39.6500015    1.9113610
  39.6600037    1.8810948
  39.6700020    1.8794842
  39.6800003    1.8710555
  39.6900024    1.8747067
  39.7000008    1.8607231
  39.7100029    1.8374203
  39.7200012    1.8419125
  39.7300034    1.8515617
  39.7400017    1.8546861
  39.7500000    1.8506292
  39.7600021    1.8168186
  39.7700005    1.8385327
  39.7800026    1.8436121
  39.7900009    1.8646134
  39.8000031    1.8740749
  39.8100014    1.8768352
  39.8200035    1.8728828
  39.8300018    1.8433567
  39.8400002    1.8408836
  39.8500023    1.8477648
  39.8600006    1.8195012
  39.8700027    1.8181126
  39.8800011    1.7805161
  39.8900032    1.7540799
  39.9000015    1.7303368
  39.9100037    1.7133785
  39.9200020    1.7366923
  39.9300003    1.7297019
  39.9400024    1.7250700
  39.9500008    1.7331541
  39.9600029    1.7460251
  39.9700012    1.7368077
  39.9800034    1.6997944
  39.9900017    1.6939087
  40.0000000    1.6977443
  40.0100021    1.6977952
  40.0200005    1.7183065
  40.0300026    1.7423978
  40.0400009    1.7693970
  40.0500031    1.7564459
  40.0600014    1.7694948
  40.0700035    1.7804114
  40.0800018    1.7621145
  40.0900002    1.7803524
  40.1000023    1.8050861
  40.1100006    1.8084302
  40.1200027    1.8132198
  40.1300011    1.7828909
  40.1400032    1.7879344
  40.1500015    1.7959956
  40.1600037    1.7838620
  40.1700020    1.7894274
  40.1800003    1.7770032
  40.1900024    1.7797353
  40.2000008    1.7795058
  40.2100029    1.7778521
  40.2200012    1.7684819
  40.2300034    1.7553518
  40.2400017    1.7431539
  40.2500038    1.7237843
  40.2600021    1.7216610
  40.2700005    1.7130327
  40.2800026    1.7045857
  40.2900009    1.7249936
  40.3000031    1.7382274
  40.3100014    1.7553145
  40.3200035    1.7298375
  40.3300018    1.7249582
  40.3400002    1.7277975
  40.3500023    1.7255335
  40.3600006    1.7205148
  40.3700027    1.7348204
  40.3800011    1.7484579
  40.3900032    1.7611384
  40.4000015    1.7673558
  40.4100037    1.7628691
  40.4200020    1.7711227
  40.4300003    1.7690206
  40.4400024    1.7753235
  40.4500008    1.7453697
  40.4600029    1.7329443
  40.4700012    1.7222612
  40.4800034    1.7166070
  40.4900017    1.7190926
  40.5000038    1.7157129
  40.5100021    1.7147187
  40.5200005    1.7181652
  40.5300026    1.7309902
  40.5400009    1.7570339
  40.5500031    1.7744435
  40.5600014    1.7620258
  40.5700035    1.7651484
  40.5800018    1.7622795
  40.5900002    1.7338017
  40.6000023    1.7557938
  40.6100006    1.7455087
  40.6200027    1.7367740
  40.6300011    1.7470454
  40.6400032    1.7610910
  40.6500015    1.7691697
  40.6600037    1.7749141
  40.6700020    1.7827045
  40.6800003    1.7652971
  40.6900024    1.7675461
  40.7000008    1.8063469
  40.7100029    1.8220493
  40.7200012    1.8348411
  40.7300034    1.8225977
  40.7400017    1.8230699
  40.7500038    1.8558282
  40.7600021    1.8335353
  40.7700005    1.8382152
  40.7800026    1.8503939
  40.7900009    1.8249466
  40.8000031    1.8214842
  40.8100014    1.8337289
  40.8200035    1.8357918
  40.8300018    1.8490680
  40.8400002    1.8475479
  40.8500023    1.8326733
  40.8600006    1.8515188
  40.8700027    1.8237572
  40.8800011    1.8337115
  40.8900032    1.8774365
  40.9000015    1.8911601
  40.9100037    1.8881313
  40.9200020    1.8975140
  40.9300003    1.8868332
  40.9400024    1.8987111
  40.9500008    1.8660656
  40.9600029    1.8207108
  40.9700012    1.8320183
  40.9800034    1.8495950
  40.9900017    1.8688872
  41.0000038    1.8613942
  41.0100021    1.8642118
  41.0200005    1.8500251
  41.0300026    1.8342648
  41.0400009    1.8546405
  41.0500031    1.8391454
  41.0600014    1.8340650
  41.0700035    1.8556677
  41.0800018    1.8646522
  41.0900002    1.8579937
  41.1000023    1.8864986
  41.1100006    1.8928146
  41.1200027    1.9013386
  41.1300011    1.8924574
  41.1400032    1.8942510
  41.1500015    1.8879253
  41.1600037    1.8918966
  41.1700020    1.9104812
  41.1800003    1.9180272
  41.1900024    1.8766476
  41.2000008    1.8568093
  41.2100029    1.8626875
  41.2200012    1.8625141
  41.2300034    1.8572257
  41.2400017    1.8740234
  41.2500038    1.8252188
  41.2600021    1.8028628
  41.2700005    1.7905504
  41.2800026    1.7895651
  41.2900009    1.7987033
  41.3000031    1.7895460
  41.3100014    1.7943550
  41.3200035    1.8091402
  41.3300018    1.8132712
  41.3400002    1.8182265
  41.3500023    1.8359568
  41.3600006    1.8211941
  41.3700027    1.8143770
  41.3800011    1.8250986
  41.3900032    1.8448850
  41.4000015    1.8523675
  41.4100037    1.8723391
  41.4200020    1.8725239
  41.4300003    1.8721269
  41.4400024    1.8643572
  41.4500008    1.8756672
  41.4600029    1.8918352
  41.4700012    1.8927667
  41.4800034    1.8975048
  41.4900017    1.9070114
  41.5000038    1.9107422
  41.5100021    1.9019731
  41.5200005    1.9203527
  41.5300026    1.9213459
  41.5400009    1.9201189
  41.5500031    1.9289056
  41.5600014    1.9270480
  41.5700035    1.9409707
  41.5800018    1.9559964
  41.5900002    1.9277842
  41.6000023    1.9572904
  41.6100006    1.9395480
  41.6200027    1.9110781
  41.6300011    1.9164100
  41.6400032    1.9259022
  41.6500015    1.9445568
  41.6600037    1.9461945
  41.6700020    1.9567459
  41.6800003    1.9636247
  41.6900024    1.9355804
  41.7000008    1.9691129
  41.7100029    1.9726944
  41.7200012    1.9725031
  41.7300034    1.9500654
  41.7400017    1.9492524
  41.7500038    1.9635640
  41.7600021    1.9639698
  41.7700005    1.9738580
  41.7800026    1.9747651
  41.7900009    1.9706514
  41.8000031    1.9727868
  41.8100014    1.9622384
  41.8200035    1.9400400
  41.8300018    1.9337462
  41.8400002    1.9465497
  41.8500023    1.9504437
  41.8600006    1.9547352
  41.8700027    1.9550136
  41.8800011    1.9496900
  41.8900032    1.9731473
  41.9000015    1.9883485
  41.9100037    2.0090647
  41.9200020    1.9916811
  41.9300003    1.9791440
  41.9400024    1.9952592
  41.9500008    1.9857668
  41.9600029    1.9729960
  41.9700012    1.9751834
  41.9800034    1.9433320
  41.9900017    1.8974154
  42.0000038    1.9127032
  42.0100021    1.9381000
  42.0200005    1.9492884
  42.0300026    1.9497849
  42.0400009    1.9287441
  42.0500031    1.9247639
  42.0600014    1.9303068
  42.0700035    1.9476129
  42.0800018    1.9494364
  42.0900002    1.9585832
  42.1000023    1.9477260
  42.1100006    1.9458864
  42.1200027    1.9277457
  42.1300011    1.8855026
  42.1400032    1.8900911
  42.1500015    1.9164162
  42.1600037    1.9255787
  42.1700020    1.9105633
  42.1800003    1.9362371
  42.1900024    1.9376273
  42.2000008    1.9193461
  42.2100029    1.9185543
  42.2200012    1.9249322
  42.2300034    1.9112110
  42.2400017    1.9442681
  42.2500038    1.9574738
  42.2600021    1.9462599
  42.2700005    1.9309429
  42.2800026    1.8982213
  42.2900009    1.9000878
  42.3000031    1.8958783
  42.3100014    1.8607992
  42.3200035    1.8958821
  42.3300018    1.9046594
  42.3400002    1.9084630
  42.3500023    1.8990304
  42.3600006    1.8860674
  42.3700027    1.8955204
  42.3800011    1.9000046
  42.3900032    1.8833252
  42.4000015    1.8794997
  42.4100037    1.8774104
  42.4200020    1.8948700
  42.4300003    1.8977624
  42.4400024    1.8910012
  42.4500008    1.9099191
  42.4600029    1.9099646
  42.4700012    1.9224880
  42.4800034    1.9285104
  42.4900017    1.9350253
  42.5000038    1.9262354
  42.5100021    1.9490590
  42.5200005    1.9423739
  42.5300026    1.9259810
  42.5400009    1.9228094
  42.5500031    1.9400764
  42.5600014    1.9267013
  42.5700035    1.9309968
  42.5800018    1.9369667
  42.5900002    1.9316632
  42.6000023    1.9130856
  42.6100006    1.9353328
  42.6200027    1.9382504
  42.6300011    1.9368035
  42.6400032    1.9467970
  42.6500015    1.9435018
  42.6600037    1.9351988
  42.6700020    1.9186121
  42.6800003    1.9487331
  42.6900024    1.9457130
  42.7000008    1.9430416
  42.7100029    1.9292377
  42.7200012    1.9337021
  42.7300034    1.9450016
  42.7400017    1.9636319
  42.7500038    1.9770746
  42.7600021    1.9869125
  42.7700005    1.9985077
  42.7800026    2.0395110
  42.7900009    2.0469470
  42.8000031    2.0297875
  42.8100014    2.0079515
  42.8200035    1.9993254
  42.8300018    1.9874042
  42.8400002    1.9918215
  42.8500023    1.9994488
  42.8600006    2.0137963
  42.8700027    2.0180697
  42.8800011    2.0272486
  42.8900032    2.0389180
  42.9000015    2.0253458
  42.9100037    2.0114589
  42.9200020    2.0162437
  42.9300003    2.0015585
  42.9400024    2.0233343
  42.9500008    2.0219305
  42.9600029    2.0184047
  42.9700012    1.9983788
  42.9800034    1.9877936
  42.9900017    2.0292406
  43.0000038    2.0409024
  43.0100021    2.0598624
  43.0200005    2.0621097
  43.0300026    2.0432336
  43.0400009    2.0198278
  43.0500031    1.9897993
  43.0600014    1.9779781
  43.0700035    1.9519831
  43.0800018    1.9238230
  43.0900002    1.9289192
  43.1000023    1.9524779
  43.1100006    1.9554486
  43.1200027    1.9272919
  43.1300011    1.9202734
  43.1400032    1.9121443
  43.1500015    1.9181643
  43.1600037    1.9241641
  43.1700020    1.9342347
  43.1800003    1.9546250
  43.1900024    1.9521129
  43.2000008    1.9730537
  43.2100029    1.9707878
  43.2200012    1.9608337
  43.2300034    1.9699818
  43.2400017    1.9768853
  43.2500038    1.9758723
  43.2600021    1.9752481
  43.2700005    1.9792213
  43.2800026    1.9952298
  43.2900009    1.9962066
  43.3000031    2.0143249
  43.3100014    2.0159121
  43.3200035    2.0254815
  43.3300018    2.0166135
  43.3400002    2.0062003
  43.3500023    2.0130293
  43.3600006    2.0289209
  43.3700027    2.0336180
  43.3800011    2.0204525
  43.3900032    2.0206857
  43.4000015    2.0298066
  43.4100037    2.0098195
  43.4200020    1.9826765
  43.4300003    1.9688036
  43.4400024    1.9650483
  43.4500008    1.9821092
  43.4600029    2.0001390
  43.4700012    1.9962332
  43.4800034    2.0130780
  43.4900017    2.0142615
  43.5000038    2.0339828
  43.5100021    2.0660753
  43.5200005    2.0744741
  43.5300026    2.0817273
  43.5400009    2.0974376
  43.5500031    2.1086104
  43.5600014    2.0838039
  43.5700035    2.0763295
  43.5800018    2.0903184
  43.5900040    2.0716813
  43.6000023    2.0871687
  43.6100006    2.0980229
  43.6200027    2.0940504
  43.6300011    2.0878153
  43.6400032    2.0801010
  43.6500015    2.0665991
  43.6600037    2.0775261
  43.6700020    2.0705585
  43.6800003    2.0583186
  43.6900024    2.0388269
  43.7000008    2.0308568
  43.7100029    2.0205560
  43.7200012    2.0235252
  43.7300034    2.0232220
  43.7400017    2.0087743
  43.7500038    2.0300548
  43.7600021    2.0235679
  43.7700005    2.0474381
  43.7800026    2.0525212
  43.7900009    2.0423434
  43.8000031    2.0538502
  43.8100014    2.0331635
  43.8200035    2.0258780
  43.8300018    2.0479398
  43.8400040    2.0556345
  43.8500023    2.0291948
  43.8600006    2.0412407
  43.8700027    2.0555823
  43.8800011    2.0357363
  43.8900032    2.0332861
  43.9000015    2.0298626
  43.9100037    2.0494339
  43.9200020    2.0528271
  43.9300003    2.0514755
  43.9400024    2.0572960
  43.9500008    2.0462828
  43.9600029    2.0656569
  43.9700012    2.0327277
  43.9800034    2.0145075
  43.9900017    2.0228515
  44.0000038    2.0099981
  44.0100021    1.9954993
  44.0200005    1.9873892
  44.0300026    1.9720885
  44.0400009    1.9754940
  44.0500031    1.9698503
  44.0600014    1.9351900
  44.0700035    1.9127529
  44.0800018    1.9099995
  44.0900040    1.9179279
  44.1000023    1.9360836
  44.1100006    1.9376748
  44.1200027    1.9257787
  44.1300011    1.8998374
  44.1400032    1.8766782
  44.1500015    1.8842632
  44.1600037    1.8879263
  44.1700020    1.8876340
  44.1800003    1.9034840
  44.1900024    1.9174964
  44.2000008    1.9455749
  44.2100029    1.9238061
  44.2200012    1.9105705
  44.2300034    1.9053398
  44.2400017    1.9091831
  44.2500038    1.9421656
  44.2600021    1.9593505
  44.2700005    1.9559340
  44.2800026    1.9635801
  44.2900009    1.9548564
  44.3000031    1.9425571
  44.3100014    1.9151858
  44.3200035    1.8914866
  44.3300018    1.8785212
  44.3400040    1.8836232
  44.3500023    1.8764784
  44.3600006    1.8817935
  44.3700027    1.8808221
  44.3800011    1.8872236
  44.3900032    1.8922852
  44.4000015    1.9065398
  44.4100037    1.8968569
  44.4200020    1.8780030
  44.4300003    1.8802284
  44.4400024    1.8682975
  44.4500008    1.8399289
  44.4600029    1.8318973
  44.4700012    1.8205491
  44.4800034    1.8241674
  44.4900017    1.8240004
  44.5000038    1.8205228
  44.5100021    1.8167083
  44.5200005    1.8064888
  44.5300026    1.7890149
  44.5400009    1.7730284
  44.5500031    1.7596921
  44.5600014    1.7881013
  44.5700035    1.7819369
  44.5800018    1.7630631
  44.5900040    1.7741857
  44.6000023    1.7867042
  44.6100006    1.8073672
  44.6200027    1.8136778
  44.6300011    1.8246565
  44.6400032    1.8180600
  44.6500015    1.8121724
  44.6600037    1.8334086
  44.6700020    1.8375221
  44.6800003    1.8357555
  44.6900024    1.8117092
  44.7000008    1.8255481
  44.7100029    1.8333377
  44.7200012    1.8131660
  44.7300034    1.8166424
  44.7400017    1.8229350
  44.7500038    1.8048333
  44.7600021    1.8094738
  44.7700005    1.8269818
  44.7800026    1.8460487
  44.7900009    1.8658552
  44.8000031    1.8496341
  44.8100014    1.8534149
  44.8200035    1.8357824
  44.8300018    1.8277086
  44.8400040    1.8366369
  44.8500023    1.8261737
  44.8600006    1.8341119
  44.8700027    1.8243825
  44.8800011    1.8637816
  44.8900032    1.8902625
  44.9000015    1.8872167
  44.9100037    1.9047128
  44.9200020    1.8862773
  44.9300003    1.8390527
  44.9400024    1.8155432
  44.9500008    1.8252345
  44.9600029    1.8206823
  44.9700012    1.8024478
  44.9800034    1.8171586
  44.9900017    1.8287871
  45.0000038    1.8567398
  45.0100021    1.8516377
  45.0200005    1.8380846
  45.0300026    1.8212436
  45.0400009    1.8400058
  45.0500031    1.8349108
  45.0600014    1.8139194
  45.0700035    1.7934675
  45.0800018    1.8113204
  45.0900040    1.8477244
  45.1000023    1.8453695
  45.1100006    1.8234805
  45.1200027    1.8330301
  45.1300011    1.8710103
  45.1400032    1.8486363
  45.1500015    1.8704153
  45.1600037    1.8593389
  45.1700020    1.8807657
  45.1800003    1.8683290
  45.1900024    1.8788310
  45.2000008    1.9126657
  45.2100029    1.9057516
  45.2200012    1.8829594
  45.2300034    1.8984360
  45.2400017    1.8878026
  45.2500038    1.8866668
  45.2600021    1.9171475
  45.2700005    1.9180528
  45.2800026    1.9374530
  45.2900009    1.9390941
  45.3000031    1.9053743
  45.3100014    1.9128153
  45.3200035    1.9154018
  45.3300018    1.9016141
  45.3400040    1.9103707
  45.3500023    1.9233625
  45.3600006    1.9499155
  45.3700027    1.9215908
  45.3800011    1.9053252
  45.3900032    1.8910443
  45.4000015    1.8913590
  45.4100037    1.8731441
  45.4200020    1.8774627
  45.4300003    1.8932449
  45.4400024    1.9190760
  45.4500008    1.8958991
  45.4600029    1.8878852
  45.4700012    1.8577063
  45.4800034    1.8597243
  45.4900017    1.8741941
  45.5000038    1.8627572
  45.5100021    1.8508523
  45.5200005    1.8767045
  45.5300026    1.9051241
  45.5400009    1.8819072
  45.5500031    1.8935214
  45.5600014    1.8862327
  45.5700035    1.8856397
  45.5800018    1.9132940
  45.5900040    1.9417217
  45.6000023    1.9142946
  45.6100006    1.9277916
  45.6200027    1.9374378
  45.6300011    1.9360540
  45.6400032    1.9291674
  45.6500015    1.9194163
  45.6600037    1.9244872
  45.6700020    1.9284004
  45.6800003    1.9450220
  45.6900024    1.9235064
  45.7000008    1.8797140
  45.7100029    1.8648717
  45.7200012    1.8821167
  45.7300034    1.8892429
  45.7400017    1.8827960
  45.7500038    1.8561729
  45.7600021    1.8498118
  45.7700005    1.8528903
  45.7800026    1.8694177
  45.7900009    1.8676175
  45.8000031    1.8927388
  45.8100014    1.8940413
  45.8200035    1.8643334
  45.8300018    1.8419557
  45.8400040    1.8228709
  45.8500023    1.8279233
  45.8600006    1.8372706
  45.8700027    1.8282231
  45.8800011    1.8414322
  45.8900032    1.8448632
  45.9000015    1.8483890
  45.9100037    1.8589565
  45.9200020    1.8594122
  45.9300003    1.8573095
  45.9400024    1.8551962
  45.9500008    1.8411788
  45.9600029    1.8411419
  45.9700012    1.8595461
  45.9800034    1.8522347
  45.9900017    1.8695190
  46.0000038    1.8542717
  46.0100021    1.8571472
  46.0200005    1.8618183
  46.0300026    1.8651561
  46.0400009    1.8801436
  46.0500031    1.8457989
  46.0600014    1.8311530
  46.0700035    1.8228738
  46.0800018    1.8365796
  46.0900040    1.8423073
  46.1000023    1.8438075
  46.1100006    1.8551533
  46.1200027    1.8706431
  46.1300011    1.8649535
  46.1400032    1.8421218
  46.1500015    1.8744876
  46.1600037    1.8633658
  46.1700020    1.8629835
  46.1800003    1.8546638
  46.1900024    1.8570238
  46.2000008    1.8550879
  46.2100029    1.8555071
  46.2200012    1.8597685
  46.2300034    1.8556361
  46.2400017    1.8484317
  46.2500038    1.8393652
  46.2600021    1.8363873
  46.2700005    1.8424628
  46.2800026    1.8069031
  46.2900009    1.8112682
  46.3000031    1.8152879
  46.3100014    1.8208046
  46.3200035    1.8049592
  46.3300018    1.7937419
  46.3400040    1.7954874
  46.3500023    1.7921566
  46.3600006    1.7898259
  46.3700027    1.8035389
  46.3800011    1.7860152
  46.3900032    1.7968490
  46.4000015    1.8152673
  46.4100037    1.8210292
  46.4200020    1.8483653
  46.4300003    1.8594217
  46.4400024    1.8443264
  46.4500008    1.8320197
  46.4600029    1.8415892
  46.4700012    1.8430773
  46.4800034    1.8600901
  46.4900017    1.8641609
  46.5000038    1.8815783
  46.5100021    1.8762064
  46.5200005    1.8895630
  46.5300026    1.8856022
  46.5400009    1.8987887
  46.5500031    1.9197392
  46.5600014    1.9121052
  46.5700035    1.9030595
  46.5800018    1.8889732
  46.5900040    1.8883758
  46.6000023    1.8999557
  46.6100006    1.8916510
  46.6200027    1.8988162
  46.6300011    1.9109036
  46.6400032    1.9120365
  46.6500015    1.9220036
  46.6600037    1.9244953
  46.6700020    1.9257593
  46.6800041    1.9448436
  46.6900024    1.9710177
  46.7000008    1.9852531
  46.7100029    1.9676292
  46.7200012    1.9765393
  46.7300034    1.9690992
  46.7400017    1.9653637
  46.7500038    1.9649844
  46.7600021    1.9569222
  46.7700005    1.9596930
  46.7800026    1.9749086
  46.7900009    1.9788848
  46.8000031    1.9865512
  46.8100014    1.9944974
  46.8200035    1.9989910
  46.8300018    1.9761287
  46.8400040    1.9636656
  46.8500023    1.9610531
  46.8600006    2.0168209
  46.8700027    2.0277936
  46.8800011    2.0607939
  46.8900032    2.0554795
  46.9000015    2.0512395
  46.9100037    2.0486193
  46.9200020    2.0497386
  46.9300041    2.0609379
  46.9400024    2.0930731
  46.9500008    2.0677984
  46.9600029    2.0360682
  46.9700012    2.0259101
  46.9800034    2.0038860
  46.9900017    1.9917061
  47.0000038    1.9918778
  47.0100021    1.9832050
  47.0200005    1.9739615
  47.0300026    1.9704467
  47.0400009    1.9809736
  47.0500031    1.9865822
  47.0600014    1.9683712
  47.0700035    1.9882444
  47.0800018    1.9954890
  47.0900040    1.9868339
  47.1000023    1.9898593
  47.1100006    1.9665774
  47.1200027    1.9668460
  47.1300011    1.9735720
  47.1400032    1.9555384
  47.1500015    1.9460378
  47.1600037    1.9231271
  47.1700020    1.9276403
  47.1800041    1.9214082
  47.1900024    1.9356474
  47.2000008    1.9447562
  47.2100029    1.9438570
  47.2200012    1.9445890
  47.2300034    1.9327760
  47.2400017    1.9649633
  47.2500038    1.9482517
  47.2600021    1.9296730
  47.2700005    1.9532889
  47.2800026    1.9571223
  47.2900009    1.9421055
  47.3000031    1.9264076
  47.3100014    1.9357028
  47.3200035    1.9138579
  47.3300018    1.9074943
  47.3400040    1.9028969
  47.3500023    1.9219857
  47.3600006    1.8856347
  47.3700027    1.8872294
  47.3800011    1.8743976
  47.3900032    1.8665763
  47.4000015    1.8665925
  47.4100037    1.8912641
  47.4200020    1.8890147
  47.4300041    1.8860149
  47.4400024    1.8842313
  47.4500008    1.9165893
  47.4600029    1.9102900
  47.4700012    1.9123344
  47.4800034    1.9014246
  47.4900017    1.8946218
  47.5000038    1.8649478
  47.5100021    1.8734928
  47.5200005    1.8489356
  47.5300026    1.8586893
  47.5400009    1.8685739
  47.5500031    1.8861684
  47.5600014    1.8996917
  47.5700035    1.9149995
  47.5800018    1.9115694
  47.5900040    1.8975518
  47.6000023    1.9308484
  47.6100006    1.9514554
  47.6200027    1.9199586
  47.6300011    1.9281962
  47.6400032    1.9344672
  47.6500015    1.9490944
  47.6600037    1.9398915
  47.6700020    1.9381716
  47.6800041    1.9460994
  47.6900024    1.9511698
  47.7000008    1.9488318
  47.7100029    1.9466840
  47.7200012    1.9452453
  47.7300034    1.9557829
  47.7400017    1.9712296
  47.7500038    2.0002587
  47.7600021    2.0255988
  47.7700005    1.9886018
  47.7800026    1.9830426
  47.7900009    1.9850025
  47.8000031    1.9812878
  47.8100014    1.9691041
  47.8200035    1.9743404
  47.8300018    1.9691365
  47.8400040    1.9602548
  47.8500023    1.9497454
  47.8600006    1.9567587
  47.8700027    1.9387102
  47.8800011    1.9462875
  47.8900032    1.9216398
  47.9000015    1.8952887
  47.9100037    1.8995084
  47.9200020    1.9128970
  47.9300041    1.8920007
  47.9400024    1.8737377
  47.9500008    1.8954725
  47.9600029    1.8801171
  47.9700012    1.9047881
  47.9800034    1.8915255
  47.9900017    1.8994808
  48.0000038    1.9085919
  48.0100021    1.8975407
  48.0200005    1.9017736
  48.0300026    1.8865235
  48.0400009    1.8888071
  48.0500031    1.8948481
  48.0600014    1.8690237
  48.0700035    1.8514944
  48.0800018    1.8533157
  48.0900040    1.8683230
  48.1000023    1.8549036
  48.1100006    1.8545680
  48.1200027    1.8301213
  48.1300011    1.8134536
  48.1400032    1.8226116
  48.1500015    1.8393143
  48.1600037    1.8170466
  48.1700020    1.8170601
  48.1800041    1.8050931
  48.1900024    1.8052263
  48.2000008    1.7913376
  48.2100029    1.7519019
  48.2200012    1.7598736
  48.2300034    1.7848417
  48.2400017    1.7718458
  48.2500038    1.7679660
  48.2600021    1.7732954
  48.2700005    1.7956753
  48.2800026    1.8072960
  48.2900009    1.8240155
  48.3000031    1.8531246
  48.3100014    1.8671529
  48.3200035    1.8657622
  48.3300018    1.8659332
  48.3400040    1.8702970
  48.3500023    1.8655566
  48.3600006    1.8566228
  48.3700027    1.8436769
  48.3800011    1.8421148
  48.3900032    1.8436263
  48.4000015    1.8563956
  48.4100037    1.8252658
  48.4200020    1.8061970
  48.4300041    1.8276352
  48.4400024    1.8387996
  48.4500008    1.8419505
  48.4600029    1.8658684
  48.4700012    1.8516780
  48.4800034    1.8428177
  48.4900017    1.8399234
  48.5000038    1.8536189
  48.5100021    1.8661764
  48.5200005    1.8612841
  48.5300026    1.8438995
  48.5400009    1.8705398
  48.5500031    1.8882250
  48.5600014    1.8914233
  48.5700035    1.8883089
  48.5800018    1.8990747
  48.5900040    1.9161628
  48.6000023    1.9274060
  48.6100006    1.9335088
  48.6200027    1.9234672
  48.6300011    1.9514835
  48.6400032    1.9305052
  48.6500015    1.9146867
  48.6600037    1.9376369
  48.6700020    1.9302505
  48.6800041    1.9411944
  48.6900024    1.9185101
  48.7000008    1.9369994
  48.7100029    1.9392332
  48.7200012    1.9479113
  48.7300034    1.9795004
  48.7400017    1.9737877
  48.7500038    1.9410028
  48.7600021    1.9367534
  48.7700005    1.9500723
  48.7800026    1.9698236
  48.7900009    1.9505749
  48.8000031    1.9340870
  48.8100014    1.9272668
  48.8200035    1.8896693
  48.8300018    1.8799698
  48.8400040    1.8892008
  48.8500023    1.9061186
  48.8600006    1.9096240
  48.8700027    1.9022106
  48.8800011    1.8893710
  48.8900032    1.8728722
  48.9000015    1.8888347
  48.9100037    1.9166336
  48.9200020    1.9217327
  48.9300041    1.9256815
  48.9400024    1.8918767
  48.9500008    1.8983750
  48.9600029    1.9117856
  48.9700012    1.9250947
  48.9800034    1.9249915
  48.9900017    1.9094093
  49.0000038    1.9214125
  49.0100021    1.9092715
  49.0200005    1.9169172
  49.0300026    1.9203519
  49.0400009    1.9144777
  49.0500031    1.9024172
  49.0600014    1.8854268
  49.0700035    1.8932800
  49.0800018    1.8969233
  49.0900040    1.8900220
  49.1000023    1.9073944
  49.1100006    1.9164160
  49.1200027    1.9144677
  49.1300011    1.9267083
  49.1400032    1.8892053
  49.1500015    1.9198632
  49.1600037    1.9045395
  49.1700020    1.8957274
  49.1800041    1.8886595
  49.1900024    1.8881249
  49.2000008    1.8896831
  49.2100029    1.8887397
  49.2200012    1.9308282
  49.2300034    1.9523301
  49.2400017    1.9466387
  49.2500038    1.9473888
  49.2600021    1.9321097
  49.2700005    1.9368300
  49.2800026    1.9201744
  49.2900009    1.9171447
  49.3000031    1.9245869
  49.3100014    1.9386399
  49.3200035    1.9562550
  49.3300018    1.9442873
  49.3400040    1.9633672
  49.3500023    1.9687011
  49.3600006    1.9556549
  49.3700027    1.9401236
  49.3800011    1.9342828
  49.3900032    1.9313042
  49.4000015    1.9214014
  49.4100037    1.9476757
  49.4200020    1.9313525
  49.4300041    1.9587269
  49.4400024    1.9501374
  49.4500008    1.9439975
  49.4600029    1.9722973
  49.4700012    1.9950705
  49.4800034    2.0005879
  49.4900017    2.0342813
  49.5000038    2.0676246
  49.5100021    2.0569322
  49.5200005    2.0148425
  49.5300026    2.0106797
  49.5400009    2.0243254
  49.5500031    2.0209565
  49.5600014    2.0317309
  49.5700035    2.0312240
  49.5800018    2.0432673
  49.5900040    2.0617883
  49.6000023    2.0268865
  49.6100006    2.0268500
  49.6200027    2.0182297
  49.6300011    1.9767128
  49.6400032    1.9765551
  49.6500015    1.9921060
  49.6600037    2.0068269
  49.6700020    2.0268340
  49.6800041    2.0255737
  49.6900024    2.0226555
  49.7000008    2.0466013
  49.7100029    2.0609915
  49.7200012    2.0397708
  49.7300034    2.0239093
  49.7400017    1.9997348
  49.7500038    2.0047567
  49.7600021    1.9761198
  49.7700005    1.9562602
  49.7800026    1.9989622
  49.7900009    1.9932599
  49.8000031    1.9916875
  49.8100014    1.9722188
  49.8200035    1.9564788
  49.8300018    1.9669253
  49.8400040    1.9796692
  49.8500023    1.9749446
  49.8600006    1.9617237
  49.8700027    1.9509654
  49.8800011    1.9537228
  49.8900032    1.9773667
  49.9000015    1.9781802
  49.9100037    1.9934735
  49.9200020    1.9754083
  49.9300041    1.9710995
  49.9400024    1.9712768
  49.9500008    1.9812132
  49.9600029    1.9941221
  49.9700012    1.9921782
  49.9800034    1.9877520
  49.9900017    1.9762385
  50.0000038    1.9648201
  50.0100021    1.9618168
  50.0200043    1.9735689
  50.0300026    1.9528749
  50.0400009    1.9642884
  50.0500031    1.9592121
  50.0600014    1.9517982
  50.0700035    1.9119625
  50.0800018    1.9133359
  50.0900040    1.8896489
  50.1000023    1.8870227
  50.1100006    1.8877076
  50.1200027    1.8859143
  50.1300011    1.8642122
  50.1400032    1.8533998
  50.1500015    1.8244411
  50.1600037    1.8158835
  50.1700020    1.8185357
  50.1800041    1.8144287
  50.1900024    1.8201168
  50.2000008    1.8238609
  50.2100029    1.8266226
  50.2200012    1.8226477
  50.2300034    1.8312187
  50.2400017    1.8678604
  50.2500038    1.8832996
  50.2600021    1.8811026
  50.2700043    1.8609449
  50.2800026    1.8995888
  50.2900009    1.8855301
  50.3000031    1.8634685
  50.3100014    1.8962016
  50.3200035    1.8994687
  50.3300018    1.9042693
  50.3400040    1.9095736
  50.3500023    1.9014797
  50.3600006    1.8760010
  50.3700027    1.8697433
  50.3800011    1.8642306
  50.3900032    1.8379633
  50.4000015    1.8397211
  50.4100037    1.8424995
  50.4200020    1.8570244
  50.4300041    1.8670497
  50.4400024    1.8566563
  50.4500008    1.8409758
  50.4600029    1.8704826
  50.4700012    1.8950063
  50.4800034    1.9133478
  50.4900017    1.8895129
  50.5000038    1.8901284
  50.5100021    1.9222323
  50.5200043    1.9331599
  50.5300026    1.9353890
  50.5400009    1.9286931
  50.5500031    1.9107718
  50.5600014    1.9214417
  50.5700035    1.9180377
  50.5800018    1.9369656
  50.5900040    1.9411688
  50.6000023    1.9486336
  50.6100006    1.9354190
  50.6200027    1.9431298
  50.6300011    1.9635987
  50.6400032    1.9525343
  50.6500015    1.9664484
  50.6600037    1.9581720
  50.6700020    1.9793886
  50.6800041    1.9799740
  50.6900024    1.9826307
  50.7000008    1.9758804
  50.7100029    1.9797579
  50.7200012    1.9990778
  50.7300034    1.9883163
  50.7400017    1.9832338
  50.7500038    1.9939622
  50.7600021    1.9742172
  50.7700043    1.9662144
  50.7800026    1.9478712
  50.7900009    1.9474385
  50.8000031    1.9851342
  50.8100014    1.9932582
  50.8200035    1.9990578
  50.8300018    1.9782114
  50.8400040    2.0123315
  50.8500023    2.0154850
  50.8600006    1.9994339
  50.8700027    1.9926103
  50.8800011    1.9851756
  50.8900032    1.9485426
  50.9000015    1.9783269
  50.9100037    1.9914837
  50.9200020    2.0164678
  50.9300041    2.0078738
  50.9400024    1.9806515
  50.9500008    1.9887662
  50.9600029    2.0057251
  50.9700012    2.0315793
  50.9800034    2.0305755
  50.9900017    2.0320580
  51.0000038    2.0207541
  51.0100021    2.0276015
  51.0200043    2.0163333
  51.0300026    2.0018153
  51.0400009    1.9980267
  51.0500031    1.9810803
  51.0600014    1.9631252
  51.0700035    1.9745322
  51.0800018    1.9874039
  51.0900040    1.9893070
  51.1000023    1.9628346
  51.1100006    1.9595314
  51.1200027    1.9191754
  51.1300011    1.9326953
  51.1400032    1.9382263
  51.1500015    1.9577786
  51.1600037    1.9517896
  51.1700020    1.9524572
  51.1800041    1.9653829
  51.1900024    1.9824077
  51.2000008    1.9709337
  51.2100029    1.9525701
  51.2200012    1.9776707
  51.2300034    1.9577634
  51.2400017    1.9587809
  51.2500038    1.9791045
  51.2600021    1.9837952
  51.2700043    1.9482127
  51.2800026    1.9593071
  51.2900009    1.9876589
  51.3000031    1.9859892
  51.3100014    1.9847665
  51.3200035    1.9933157
  51.3300018    2.0049484
  51.3400040    1.9900538
  51.3500023    1.9987469
  51.3600006    2.0025520
  51.3700027    1.9966031
  51.3800011    1.9860098
  51.3900032    1.9680926
  51.4000015    1.9639306
  51.4100037    1.9591861
  51.4200020    1.9741772
  51.4300041    1.9490012
  51.4400024    1.9628298
  51.4500008    1.9738791
  51.4600029    1.9774542
  51.4700012    1.9630215
  51.4800034    1.9777169
  51.4900017    2.0029764
  51.5000038    2.0059502
  51.5100021    2.0307233
  51.5200043    2.0301516
  51.5300026    2.0138285
  51.5400009    2.0108674
  51.5500031    2.0253649
  51.5600014    2.0496988
  51.5700035    2.0712037
  51.5800018    2.0635197
  51.5900040    2.0507581
  51.6000023    2.0776362
  51.6100006    2.0815184
  51.6200027    2.0832191
  51.6300011    2.1204581
  51.6400032    2.0874817
  51.6500015    2.0723321
  51.6600037    2.0780914
  51.6700020    2.0931671
  51.6800041    2.0933847
  51.6900024    2.0778649
  51.7000008    2.0390718
  51.7100029    2.0294263
  51.7200012    1.9724815
  51.7300034    1.9767122
  51.7400017    1.9967132
  51.7500038    1.9803742
  51.7600021    1.9818746
  51.7700043    2.0280542
  51.7800026    2.0492778
  51.7900009    2.0678370
  51.8000031    2.0655854
  51.8100014    2.0584452
  51.8200035    2.0757291
  51.8300018    2.0656650
  51.8400040    2.0649476
  51.8500023    2.0924244
  51.8600006    2.0662222
  51.8700027    2.0486953
  51.8800011    2.0502515
  51.8900032    2.0634465
  51.9000015    2.0841529
  51.9100037    2.0713744
  51.9200020    2.0922687
  51.9300041    2.0983338
  51.9400024    2.0895002
  51.9500008    2.0806656
  51.9600029    2.0722620
  51.9700012    2.0650427
  51.9800034    2.0758872
  51.9900017    2.0831909
  52.0000038    2.0833678
  52.0100021    2.0930278
  52.0200043    2.0688114
  52.0300026    2.0900564
  52.0400009    2.0989454
  52.0500031    2.0903268
  52.0600014    2.0970349
  52.0700035    2.1089492
  52.0800018    2.0723672
  52.0900040    2.0446658
  52.1000023    2.0428681
  52.1100006    2.0358684
  52.1200027    2.0466990
  52.1300011    2.0508499
  52.1400032    2.0445426
  52.1500015    2.0578527
  52.1600037    2.0407593
  52.1700020    2.0730546
  52.1800041    2.0475554
  52.1900024    2.0480127
  52.2000008    2.0758162
  52.2100029    2.0721085
  52.2200012    2.1119735
  52.2300034    2.1217933
  52.2400017    2.1150947
  52.2500038    2.1191485
  52.2600021    2.1167533
  52.2700043    2.1167324
  52.2800026    2.1206684
  52.2900009    2.1218555
  52.3000031    2.1365407
  52.3100014    2.1363034
  52.3200035    2.1521823
  52.3300018    2.1507633
  52.3400040    2.1558163
  52.3500023    2.1621361
  52.3600006    2.1834235
  52.3700027    2.2042568
  52.3800011    2.1774290
  52.3900032    2.1463420
  52.4000015    2.1680899
  52.4100037    2.2049503
  52.4200020    2.2111995
  52.4300041    2.1850607
  52.4400024    2.1635544
  52.4500008    2.1463411
  52.4600029    2.1760743
  52.4700012    2.1959429
  52.4800034    2.1934588
  52.4900017    2.1948869
  52.5000038    2.1825936
  52.5100021    2.1627061
  52.5200043    2.1775181
  52.5300026    2.1705694
  52.5400009    2.1672854
  52.5500031    2.1600485
  52.5600014    2.1859179
  52.5700035    2.2170992
  52.5800018    2.2187405
  52.5900040    2.2184045
  52.6000023    2.2096348
  52.6100006    2.2113273
  52.6200027    2.2494574
  52.6300011    2.2365053
  52.6400032    2.2098715
  52.6500015    2.1931860
  52.6600037    2.2128012
  52.6700020    2.2252083
  52.6800041    2.2124250
  52.6900024    2.2010264
  52.7000008    2.1830397
  52.7100029    2.1755981
  52.7200012    2.1893399
  52.7300034    2.1658869
  52.7400017    2.1608727
  52.7500038    2.1806252
  52.7600021    2.2088170
  52.7700043    2.2058072
  52.7800026    2.2495098
  52.7900009    2.2674906
  52.8000031    2.2643402
  52.8100014    2.2494402
  52.8200035    2.2567492
  52.8300018    2.2699678
  52.8400040    2.2686071
  52.8500023    2.2692966
  52.8600006    2.2868297
  52.8700027    2.2622633
  52.8800011    2.2348289
  52.8900032    2.2256796
  52.9000015    2.2208986
  52.9100037    2.2520831
  52.9200020    2.2406123
  52.9300041    2.2501862
  52.9400024    2.2577331
  52.9500008    2.2438512
  52.9600029    2.2213557
  52.9700012    2.2326527
  52.9800034    2.2175415
  52.9900017    2.1591892
  53.0000038    2.1539052
  53.0100021    2.1452560
  53.0200043    2.1462862
  53.0300026    2.1396551
  53.0400009    2.1377687
  53.0500031    2.1507521
  53.0600014    2.1705692
  53.0700035    2.1596107
  53.0800018    2.1597791
  53.0900040    2.1460831
  53.1000023    2.1268597
  53.1100044    2.0979931
  53.1200027    2.1180427
  53.1300011    2.1088967
  53.1400032    2.1252759
  53.1500015    2.1401503
  53.1600037    2.1330597
  53.1700020    2.1518161
  53.1800041    2.1384649
  53.1900024    2.1063006
  53.2000008    2.0985332
  53.2100029    2.1047497
  53.2200012    2.1262872
  53.2300034    2.1272540
  53.2400017    2.1597381
  53.2500038    2.1627474
  53.2600021    2.1778150
  53.2700043    2.1658893
  53.2800026    2.1854346
  53.2900009    2.1810279
  53.3000031    2.1728098
  53.3100014    2.1536264
  53.3200035    2.1328321
  53.3300018    2.1418457
  53.3400040    2.1324708
  53.3500023    2.1058013
  53.3600044    2.1106703
  53.3700027    2.1114328
  53.3800011    2.1452157
  53.3900032    2.1562274
  53.4000015    2.1678989
  53.4100037    2.1715233
  53.4200020    2.1772335
  53.4300041    2.1909502
  53.4400024    2.1839964
  53.4500008    2.1934397
  53.4600029    2.1836913
  53.4700012    2.1848083
  53.4800034    2.1748805
  53.4900017    2.1726213
  53.5000038    2.1485467
  53.5100021    2.1126871
  53.5200043    2.0989368
  53.5300026    2.0630760
  53.5400009    2.0587351
  53.5500031    2.0560122
  53.5600014    2.0623908
  53.5700035    2.0553341
  53.5800018    2.0575042
  53.5900040    2.0450599
  53.6000023    2.0537534
  53.6100044    2.0633051
  53.6200027    2.0892193
  53.6300011    2.1087906
  53.6400032    2.1142106
  53.6500015    2.1173220
  53.6600037    2.1141384
  53.6700020    2.1140933
  53.6800041    2.0862627
  53.6900024    2.0999322
  53.7000008    2.0928814
  53.7100029    2.0612102
  53.7200012    2.0506365
  53.7300034    2.0873234
  53.7400017    2.1098888
  53.7500038    2.1115854
  53.7600021    2.1153121
  53.7700043    2.1324110
  53.7800026    2.1245799
  53.7900009    2.1298203
  53.8000031    2.1198440
  53.8100014    2.1242583
  53.8200035    2.1326222
  53.8300018    2.1293812
  53.8400040    2.1501646
  53.8500023    2.1361606
  53.8600044    2.1633685
  53.8700027    2.1752620
  53.8800011    2.1827996
  53.8900032    2.1735682
  53.9000015    2.1632993
  53.9100037    2.1638629
  53.9200020    2.1669931
  53.9300041    2.1593032
  53.9400024    2.1177819
  53.9500008    2.1026473
  53.9600029    2.0985429
  53.9700012    2.1077676
  53.9800034    2.1330054
  53.9900017    2.1336379
  54.0000038    2.0980330
  54.0100021    2.1080594
  54.0200043    2.1244619
  54.0300026    2.1275797
  54.0400009    2.1008337
  54.0500031    2.0926476
  54.0600014    2.0933015
  54.0700035    2.0876551
  54.0800018    2.0556769
  54.0900040    2.0505104
  54.1000023    2.0192389
  54.1100044    2.0231283
  54.1200027    2.0325549
  54.1300011    2.0176783
  54.1400032    2.0136085
  54.1500015    2.0433176
  54.1600037    2.0721238
  54.1700020    2.0953038
  54.1800041    2.0772376
  54.1900024    2.0752478
  54.2000008    2.0951538
  54.2100029    2.1030440
  54.2200012    2.0977201
  54.2300034    2.0797009
  54.2400017    2.0905733
  54.2500038    2.1007526
  54.2600021    2.0976589
  54.2700043    2.0814173
  54.2800026    2.0774193
  54.2900009    2.0629416
  54.3000031    2.0676553
  54.3100014    2.0646706
  54.3200035    2.0658796
  54.3300018    2.0808725
  54.3400040    2.0726945
  54.3500023    2.0763140
  54.3600044    2.0674520
  54.3700027    2.0717444
  54.3800011    2.0508175
  54.3900032    2.0690689
  54.4000015    2.0572300
  54.4100037    2.0767314
  54.4200020    2.0904725
  54.4300041    2.1007202
  54.4400024    2.0986369
  54.4500008    2.0802672
  54.4600029    2.0641289
  54.4700012    2.0627058
  54.4800034    2.0613809
  54.4900017    2.0636568
  54.5000038    2.0817714
  54.5100021    2.0933926
  54.5200043    2.1228118
  54.5300026    2.0942905
  54.5400009    2.0942476
  54.5500031    2.1156192
  54.5600014    2.1194093
  54.5700035    2.1270621
  54.5800018    2.1242342
  54.5900040    2.0959010
  54.6000023    2.1029730
  54.6100044    2.1005397
  54.6200027    2.0942359
  54.6300011    2.0881581
  54.6400032    2.0984783
  54.6500015    2.0882857
  54.6600037    2.0708914
  54.6700020    2.0878804
  54.6800041    2.0892856
  54.6900024    2.0736217
  54.7000008    2.0884757
  54.7100029    2.0849807
  54.7200012    2.0975389
  54.7300034    2.0923691
  54.7400017    2.1054697
  54.7500038    2.1212380
  54.7600021    2.1357419
  54.7700043    2.1494195
  54.7800026    2.1453409
  54.7900009    2.1651065
  54.8000031    2.1354029
  54.8100014    2.1394131
  54.8200035    2.1502764
  54.8300018    2.1402798
  54.8400040    2.1613777
  54.8500023    2.1759191
  54.8600044    2.2025471
  54.8700027    2.1820116
  54.8800011    2.1662178
  54.8900032    2.1732285
  54.9000015    2.1791942
  54.9100037    2.1609318
  54.9200020    2.1232357
  54.9300041    2.1287107
  54.9400024    2.1415250
  54.9500008    2.1463833
  54.9600029    2.1366680
  54.9700012    2.1322722
  54.9800034    2.1329973
  54.9900017    2.1589019
  55.0000038    2.1639163
  55.0100021    2.1677864
  55.0200043    2.1630259
  55.0300026    2.1659234
  55.0400009    2.1659520
  55.0500031    2.1683700
  55.0600014    2.1847808
  55.0700035    2.1901596
  55.0800018    2.2149830
  55.0900040    2.2266295
  55.1000023    2.2138586
  55.1100044    2.2011602
  55.1200027    2.1998017
  55.1300011    2.1815720
  55.1400032    2.1999695
  55.1500015    2.1772389
  55.1600037    2.1711943
  55.1700020    2.1720378
  55.1800041    2.1631474
  55.1900024    2.1635449
  55.2000008    2.1711781
  55.2100029    2.1784053
  55.2200012    2.2047551
  55.2300034    2.1981719
  55.2400017    2.1979282
  55.2500038    2.2139730
  55.2600021    2.2263689
  55.2700043    2.2155025
  55.2800026    2.2337346
  55.2900009    2.2261474
  55.3000031    2.2057478
  55.3100014    2.1890614
  55.3200035    2.1899366
  55.3300018    2.1669576
  55.3400040    2.1843526
  55.3500023    2.1914651
  55.3600044    2.1783772
  55.3700027    2.1557188
  55.3800011    2.1516488
  55.3900032    2.1339810
  55.4000015    2.1514366
  55.4100037    2.1462440
  55.4200020    2.1122081
  55.4300041    2.1147723
  55.4400024    2.0825846
  55.4500008    2.1016886
  55.4600029    2.1007159
  55.4700012    2.1165512
  55.4800034    2.1428165
  55.4900017    2.1705561
  55.5000038    2.1833580
  55.5100021    2.1774974
  55.5200043    2.1623812
  55.5300026    2.1618886
  55.5400009    2.1926367
  55.5500031    2.1944864
  55.5600014    2.1860359
  55.5700035    2.1916840
  55.5800018    2.1891091
  55.5900040    2.2068117
  55.6000023    2.1986835
  55.6100044    2.2040713
  55.6200027    2.2107863
  55.6300011    2.2234995
  55.6400032    2.2162335
  55.6500015    2.2290711
  55.6600037    2.2515512
  55.6700020    2.2534642
  55.6800041    2.2682292
  55.6900024    2.2378707
  55.7000008    2.2527914
  55.7100029    2.2417612
  55.7200012    2.2396798
  55.7300034    2.2441676
  55.7400017    2.2903321
  55.7500038    2.3020382
  55.7600021    2.2820480
  55.7700043    2.2811239
  55.7800026    2.2585759
  55.7900009    2.2745876
  55.8000031    2.2708342
  55.8100014    2.2693682
  55.8200035    2.2727160
  55.8300018    2.2708840
  55.8400040    2.2819762
  55.8500023    2.2828004
  55.8600044    2.2785044
  55.8700027    2.2582107
  55.8800011    2.2742689
  55.8900032    2.2618506
  55.9000015    2.2635684
  55.9100037    2.2472537
  55.9200020    2.2610042
  55.9300041    2.2622688
  55.9400024    2.2474058
  55.9500008    2.2479258
  55.9600029    2.2376833
  55.9700012    2.2325635
  55.9800034    2.2389364
  55.9900017    2.2547379
  56.0000038    2.2527399
  56.0100021    2.2538326
  56.0200043    2.2505310
  56.0300026    2.2713966
  56.0400009    2.2448323
  56.0500031    2.2361391
  56.0600014    2.2580924
  56.0700035    2.2560527
  56.0800018    2.2429063
  56.0900040    2.2310381
  56.1000023    2.2407200
  56.1100044    2.2295656
  56.1200027    2.2472775
  56.1300011    2.2716255
  56.1400032    2.2721391
  56.1500015    2.2778552
  56.1600037    2.2571218
  56.1700020    2.2547500
  56.1800041    2.2256131
  56.1900024    2.2129443
  56.2000008    2.2437980
  56.2100029    2.2193074
  56.2200012    2.2279201
  56.2300034    2.2106483
  56.2400017    2.2001734
  56.2500038    2.2024200
  56.2600021    2.2166607
  56.2700043    2.2138042
  56.2800026    2.2109272
  56.2900009    2.2146759
  56.3000031    2.1759536
  56.3100014    2.1764476
  56.3200035    2.1745965
  56.3300018    2.1380148
  56.3400040    2.1330705
  56.3500023    2.1508932
  56.3600044    2.1463106
  56.3700027    2.1517186
  56.3800011    2.1388237
  56.3900032    2.1496968
  56.4000015    2.1765635
  56.4100037    2.1711280
  56.4200020    2.1667013
  56.4300041    2.1937563
  56.4400024    2.1789165
  56.4500046    2.1703010
  56.4600029    2.1448603
  56.4700012    2.1519425
  56.4800034    2.1501300
  56.4900017    2.1388831
  56.5000038    2.1555669
  56.5100021    2.1661489
  56.5200043    2.1672888
  56.5300026    2.1530526
  56.5400009    2.1452799
  56.5500031    2.1148045
  56.5600014    2.0933645
  56.5700035    2.1415243
  56.5800018    2.1688621
  56.5900040    2.1515946
  56.6000023    2.1297262
  56.6100044    2.1194086
  56.6200027    2.1228569
  56.6300011    2.1381590
  56.6400032    2.1670489
  56.6500015    2.1756611
  56.6600037    2.1725070
  56.6700020    2.1545279
  56.6800041    2.1410794
  56.6900024    2.1393881
  56.7000046    2.1090677
  56.7100029    2.0792601
  56.7200012    2.0719578
  56.7300034    2.0686965
  56.7400017    2.0838859
  56.7500038    2.0810175
  56.7600021    2.0692039
  56.7700043    2.0840290
  56.7800026    2.0776966
  56.7900009    2.0696409
  56.8000031    2.0790939
  56.8100014    2.1015623
  56.8200035    2.0987418
  56.8300018    2.1040051
  56.8400040    2.1039574
  56.8500023    2.1106658
  56.8600044    2.1104846
  56.8700027    2.0978050
  56.8800011    2.0697885
  56.8900032    2.0703840
  56.9000015    2.0649018
  56.9100037    2.0667696
  56.9200020    2.0690050
  56.9300041    2.0844939
  56.9400024    2.0895677
  56.9500046    2.0840831
  56.9600029    2.1184895
  56.9700012    2.1150205
  56.9800034    2.1135299
  56.9900017    2.1169646
  57.0000038    2.1198754
  57.0100021    2.1158845
  57.0200043    2.1080096
  57.0300026    2.1029537
  57.0400009    2.0948722
  57.0500031    2.0996902
  57.0600014    2.0932817
  57.0700035    2.1068790
  57.0800018    2.0950947
  57.0900040    2.0796249
  57.1000023    2.1076887
  57.1100044    2.0872343
  57.1200027    2.0748885
  57.1300011    2.0896692
  57.1400032    2.0804489
  57.1500015    2.0588944
  57.1600037    2.0830772
  57.1700020    2.0587580
  57.1800041    2.0839670
  57.1900024    2.0750191
  57.2000046    2.1011519
  57.2100029    2.1176479
  57.2200012    2.1027541
  57.2300034    2.1135511
  57.2400017    2.1099067
  57.2500038    2.1181698
  57.2600021    2.0854273
  57.2700043    2.1242728
  57.2800026    2.1248748
  57.2900009    2.1096807
  57.3000031    2.1003299
  57.3100014    2.1019371
  57.3200035    2.1164420
  57.3300018    2.1176808
  57.3400040    2.0793588
  57.3500023    2.0869536
  57.3600044    2.0848792
  57.3700027    2.0840836
  57.3800011    2.0879178
  57.3900032    2.0959592
  57.4000015    2.0701764
  57.4100037    2.0661144
  57.4200020    2.0844183
  57.4300041    2.0805149
  57.4400024    2.0587959
  57.4500046    2.0396626
  57.4600029    2.0698421
  57.4700012    2.0895567
  57.4800034    2.0876591
  57.4900017    2.0819693
  57.5000038    2.0916574
  57.5100021    2.0883245
  57.5200043    2.0928171
  57.5300026    2.0871530
  57.5400009    2.0642102
  57.5500031    2.0499511
  57.5600014    2.0756962
  57.5700035    2.0830927
  57.5800018    2.0777836
  57.5900040    2.0929863
  57.6000023    2.0626554
  57.6100044    2.0477929
  57.6200027    2.0286415
  57.6300011    2.0385160
  57.6400032    2.0228591
  57.6500015    2.0293872
  57.6600037    2.0276606
  57.6700020    2.0279753
  57.6800041    2.0671172
  57.6900024    2.0882702
  57.7000046    2.1037090
  57.7100029    2.0879278
  57.7200012    2.1050620
  57.7300034    2.1087723
  57.7400017    2.1509252
  57.7500038    2.1485543
  57.7600021    2.1329253
  57.7700043    2.1329024
  57.7800026    2.1246750
  57.7900009    2.1444018
  57.8000031    2.1419594
  57.8100014    2.1369715
  57.8200035    2.1724455
  57.8300018    2.1994777
  57.8400040    2.1984465
  57.8500023    2.2368748
  57.8600044    2.2299421
  57.8700027    2.2327776
  57.8800011    2.2182920
  57.8900032    2.1873474
  57.9000015    2.1881220
  57.9100037    2.1918113
  57.9200020    2.1710312
  57.9300041    2.1991210
  57.9400024    2.2355134
  57.9500046    2.2441268
  57.9600029    2.2139676
  57.9700012    2.1972089
  57.9800034    2.1739044
  57.9900017    2.1647356
  58.0000038    2.1639175
  58.0100021    2.1885498
  58.0200043    2.2236447
  58.0300026    2.2112792
  58.0400009    2.2250764
  58.0500031    2.2167490
  58.0600014    2.2338879
  58.0700035    2.2371478
  58.0800018    2.2287679
  58.0900040    2.2159419
  58.1000023    2.2241197
  58.1100044    2.2273448
  58.1200027    2.2140298
  58.1300011    2.1995800
  58.1400032    2.1540344
  58.1500015    2.1436658
  58.1600037    2.1262295
  58.1700020    2.1197734
  58.1800041    2.1260202
  58.1900024    2.1009171
  58.2000046    2.1031744
  58.2100029    2.0965736
  58.2200012    2.0837429
  58.2300034    2.0947852
  58.2400017    2.0978045
  58.2500038    2.0921006
  58.2600021    2.0854764
  58.2700043    2.0918176
  58.2800026    2.0987549
  58.2900009    2.1042821
  58.3000031    2.0882411
  58.3100014    2.0843048
  58.3200035    2.0931106
  58.3300018    2.0822160
  58.3400040    2.0620413
  58.3500023    2.0601547
  58.3600044    2.0758300
  58.3700027    2.0868206
  58.3800011    2.1070983
  58.3900032    2.1220810
  58.4000015    2.1344438
  58.4100037    2.1369567
  58.4200020    2.1343226
  58.4300041    2.1386020
  58.4400024    2.1272354
  58.4500046    2.1232283
  58.4600029    2.1335588
  58.4700012    2.1369805
  58.4800034    2.1279225
  58.4900017    2.1199765
  58.5000038    2.1339331
  58.5100021    2.1146479
  58.5200043    2.1408362
  58.5300026    2.1588576
  58.5400009    2.1616559
  58.5500031    2.1338780
  58.5600014    2.1026297
  58.5700035    2.1268344
  58.5800018    2.1244299
  58.5900040    2.1237261
  58.6000023    2.1359034
  58.6100044    2.1422415
  58.6200027    2.1324775
  58.6300011    2.1339295
  58.6400032    2.1219916
  58.6500015    2.1060610
  58.6600037    2.0837121
  58.6700020    2.0848777
  58.6800041    2.0787628
  58.6900024    2.0845349
  58.7000046    2.1136389
  58.7100029    2.1022458
  58.7200012    2.0971410
  58.7300034    2.0756485
  58.7400017    2.0792189
  58.7500038    2.0943437
  58.7600021    2.0820873
  58.7700043    2.0777729
  58.7800026    2.0849776
  58.7900009    2.0888164
  58.8000031    2.1013858
  58.8100014    2.0699804
  58.8200035    2.0823514
  58.8300018    2.0686812
  58.8400040    2.1010787
  58.8500023    2.1035461
  58.8600044    2.0903120
  58.8700027    2.0778668
  58.8800011    2.0899162
  58.8900032    2.0843694
  58.9000015    2.0876310
  58.9100037    2.1054907
  58.9200020    2.1124911
  58.9300041    2.1300657
  58.9400024    2.1268547
  58.9500046    2.1446133
  58.9600029    2.1578743
  58.9700012    2.1718736
  58.9800034    2.1545310
  58.9900017    2.1525524
  59.0000038    2.1644809
  59.0100021    2.1536314
  59.0200043    2.1540875
  59.0300026    2.1745331
  59.0400009    2.1619594
  59.0500031    2.1590667
  59.0600014    2.1518621
  59.0700035    2.1274712
  59.0800018    2.0971353
  59.0900040    2.0803721
  59.1000023    2.0850761
  59.1100044    2.0629420
  59.1200027    2.0659151
  59.1300011    2.0572093
  59.1400032    2.0433223
  59.1500015    2.0561128
  59.1600037    2.0374312
  59.1700020    2.0191724
  59.1800041    2.0184698
  59.1900024    2.0250318
  59.2000046    2.0170364
  59.2100029    1.9993920
  59.2200012    1.9936458
  59.2300034    2.0000477
  59.2400017    2.0248241
  59.2500038    2.0440974
  59.2600021    2.0388174
  59.2700043    2.0483022
  59.2800026    2.0257552
  59.2900009    2.0261402
  59.3000031    2.0372536
  59.3100014    2.0535073
  59.3200035    2.0408862
  59.3300018    2.0467298
  59.3400040    2.0623667
  59.3500023    2.0568407
  59.3600044    2.0317326
  59.3700027    2.0112009
  59.3800011    2.0404232
  59.3900032    2.0207555
  59.4000015    2.0069273
  59.4100037    2.0122454
  59.4200020    2.0414174
  59.4300041    2.0588338
  59.4400024    2.0782273
  59.4500046    2.0550027
  59.4600029    2.0074825
  59.4700012    1.9860226
  59.4800034    1.9814482
  59.4900017    1.9922523
  59.5000038    2.0150568
  59.5100021    2.0394921
  59.5200043    2.0490904
  59.5300026    2.0668147
  59.5400047    2.0601876
  59.5500031    2.0558484
  59.5600014    2.0629199
  59.5700035    2.0550218
  59.5800018    2.0676558
  59.5900040    2.0616124
  59.6000023    2.0602303
  59.6100044    2.0612714
  59.6200027    2.0356278
  59.6300011    2.0437605
  59.6400032    2.0363128
  59.6500015    2.0527492
  59.6600037    2.0585403
  59.6700020    2.0485158
  59.6800041    2.0766857
  59.6900024    2.0701659
  59.7000046    2.0529816
  59.7100029    2.0336127
  59.7200012    2.0542574
  59.7300034    2.0609071
  59.7400017    2.0324073
  59.7500038    2.0341086
  59.7600021    2.0278800
  59.7700043    2.0229616
  59.7800026    2.0260220
  59.7900047    2.0395911
  59.8000031    2.0217898
  59.8100014    2.0349491
  59.8200035    2.0233920
  59.8300018    2.0339792
  59.8400040    2.0360525
  59.8500023    2.0542693
  59.8600044    2.0480070
  59.8700027    2.0509675
  59.8800011    2.0826819
  59.8900032    2.0799532
  59.9000015    2.0540445
  59.9100037    2.0360258
  59.9200020    2.0257807
  59.9300041    2.0443182
  59.9400024    2.0311933
  59.9500046    2.0084138
  59.9600029    2.0280938
  59.9700012    2.0203974
  59.9800034    2.0096610
  59.9900017    2.0277989
  60.0000038    2.0394003
  60.0100021    2.0371180
  60.0200043    2.0248964
  60.0300026    2.0246801
  60.0400047    2.0452027
  60.0500031    2.0613937
  60.0600014    2.0488842
  60.0700035    2.0224493
  60.0800018    1.9999419
  60.0900040    1.9746853
  60.1000023    1.9706011
  60.1100044    1.9829662
  60.1200027    1.9883478
  60.1300011    1.9526303
  60.1400032    1.9521192
  60.1500015    1.9553714
  60.1600037    1.9515015
  60.1700020    1.9343165
  60.1800041    1.9619433
  60.1900024    1.9706907
  60.2000046    1.9723064
  60.2100029    1.9887413
  60.2200012    1.9568372
  60.2300034    1.9585791
  60.2400017    1.9479572
  60.2500038    1.9701834
  60.2600021    1.9854766
  60.2700043    1.9787296
  60.2800026    1.9454974
  60.2900047    1.9398654
  60.3000031    1.9411643
  60.3100014    1.9343193
  60.3200035    1.9388045
  60.3300018    1.9670731
  60.3400040    1.9679245
  60.3500023    1.9374442
  60.3600044    1.9227413
  60.3700027    1.9314514
  60.3800011    1.9254335
  60.3900032    1.9456737
  60.4000015    1.9828105
  60.4100037    1.9863293
  60.4200020    1.9794409
  60.4300041    1.9723841
  60.4400024    1.9954555
  60.4500046    2.0001843
  60.4600029    1.9872587
  60.4700012    1.9823918
  60.4800034    1.9725000
  60.4900017    1.9958621
  60.5000038    2.0204213
  60.5100021    2.0185566
  60.5200043    2.0260468
  60.5300026    2.0089300
  60.5400047    1.9887879
  60.5500031    1.9787500
  60.5600014    1.9867985
  60.5700035    1.9843290
  60.5800018    1.9717942
  60.5900040    1.9673150
  60.6000023    1.9619862
  60.6100044    1.9875287
  60.6200027    2.0008659
  60.6300011    2.0267506
  60.6400032    2.0536370
  60.6500015    2.0520198
  60.6600037    2.0586865
  60.6700020    2.0153410
  60.6800041    2.0192773
  60.6900024    2.0238702
  60.7000046    2.0445993
  60.7100029    2.0752554
  60.7200012    2.0783651
  60.7300034    2.0775354
  60.7400017    2.0845821
  60.7500038    2.0599997
  60.7600021    2.0513339
  60.7700043    2.0615494
  60.7800026    2.0779443
  60.7900047    2.0803607
  60.8000031    2.0627677
  60.8100014    2.0496771
  60.8200035    2.0461888
  60.8300018    2.0640655
  60.8400040    2.0489957
  60.8500023    2.0536621
  60.8600044    2.0440204
  60.8700027    2.0481265
  60.8800011    2.0562797
  60.8900032    2.0740354
  60.9000015    2.0947225
  60.9100037    2.0743089
  60.9200020    2.0631480
  60.9300041    2.0622613
  60.9400024    2.0602829
  60.9500046    2.0855403
  60.9600029    2.0998681
  60.9700012    2.0938029
  60.9800034    2.1082706
  60.9900017    2.1052258
  61.0000038    2.1132059
  61.0100021    2.1143868
  61.0200043    2.1124558
  61.0300026    2.1014843
  61.0400047    2.0555243
  61.0500031    2.0487523
  61.0600014    2.0568845
  61.0700035    2.0494578
  61.0800018    2.0564511
  61.0900040    2.0522652
  61.1000023    2.0354612
  61.1100044    2.0400448
  61.1200027    2.0411952
  61.1300011    2.0105169
  61.1400032    1.9958285
  61.1500015    1.9611186
  61.1600037    1.9512284
  61.1700020    1.9263985
  61.1800041    1.9505873
  61.1900024    1.9439918
  61.2000046    1.9523760
  61.2100029    1.9820844
  61.2200012    1.9846961
  61.2300034    1.9718766
  61.2400017    1.9719840
  61.2500038    1.9586660
  61.2600021    1.9454024
  61.2700043    1.9719771
  61.2800026    1.9620900
  61.2900047    1.9432591
  61.3000031    1.9602387
  61.3100014    1.9788191
  61.3200035    1.9692769
  61.3300018    1.9801362
  61.3400040    1.9852431
  61.3500023    1.9723651
  61.3600044    1.9786003
  61.3700027    1.9911414
  61.3800011    2.0123978
  61.3900032    2.0020378
  61.4000015    1.9540910
  61.4100037    1.9474648
  61.4200020    1.9666138
  61.4300041    1.9432718
  61.4400024    1.9383209
  61.4500046    1.9238989
  61.4600029    1.9375935
  61.4700012    1.9490601
  61.4800034    1.9351169
  61.4900017    1.9498435
  61.5000038    1.9392337
  61.5100021    1.9382436
  61.5200043    1.9643868
  61.5300026    1.9554679
  61.5400047    1.9931139
  61.5500031    1.9997059
  61.5600014    2.0092399
  61.5700035    2.0227065
  61.5800018    2.0514004
  61.5900040    2.0275810
  61.6000023    2.0135279
  61.6100044    1.9754672
  61.6200027    1.9895234
  61.6300011    1.9698880
  61.6400032    1.9565837
  61.6500015    1.9518685
  61.6600037    1.9629226
  61.6700020    1.9622558
  61.6800041    1.9685733
  61.6900024    1.9735346
  61.7000046    1.9711144
  61.7100029    1.9763689
  61.7200012    1.9772538
  61.7300034    1.9636577
  61.7400017    1.9501758
  61.7500038    1.9426582
  61.7600021    1.9211102
  61.7700043    1.9165235
  61.7800026    1.9183711
  61.7900047    1.9172524
  61.8000031    1.9348260
  61.8100014    1.9428329
  61.8200035    1.9759275
  61.8300018    1.9820268
  61.8400040    1.9952787
  61.8500023    1.9907117
  61.8600044    2.0023351
  61.8700027    2.0187657
  61.8800011    2.0047441
  61.8900032    2.0008128
  61.9000015    1.9848535
  61.9100037    2.0010920
  61.9200020    1.9861534
  61.9300041    1.9785829
  61.9400024    1.9572111
  61.9500046    1.9608847
  61.9600029    1.9566386
  61.9700012    1.9769007
  61.9800034    1.9688970
  61.9900017    1.9834074
  62.0000038    1.9917059
  62.0100021    1.9907457
  62.0200043    1.9722168
  62.0300026    1.9751559
  62.0400047    1.9504915
  62.0500031    1.9435408
  62.0600014    1.9709637
  62.0700035    1.9592532
  62.0800018    1.9717604
  62.0900040    1.9626685
  62.1000023    1.9464830
  62.1100044    1.9742298
  62.1200027    1.9858111
  62.1300011    1.9840430
  62.1400032    1.9664835
  62.1500015    1.9712584
  62.1600037    1.9711820
  62.1700020    1.9763639
  62.1800041    1.9901953
  62.1900024    1.9819837
  62.2000046    1.9762489
  62.2100029    1.9934515
  62.2200012    1.9776391
  62.2300034    1.9762062
  62.2400017    1.9742177
  62.2500038    1.9841059
  62.2600021    1.9745941
  62.2700043    1.9475939
  62.2800026    1.9671751
  62.2900047    1.9860463
  62.3000031    1.9932482
  62.3100014    2.0126529
  62.3200035    1.9792919
  62.3300018    1.9748582
  62.3400040    1.9873617
  62.3500023    1.9820656
  62.3600044    1.9943851
  62.3700027    2.0103114
  62.3800011    1.9837286
  62.3900032    2.0077760
  62.4000015    1.9823601
  62.4100037    1.9926939
  62.4200020    1.9972429
  62.4300041    1.9810590
  62.4400024    1.9804825
  62.4500046    1.9872929
  62.4600029    1.9879221
  62.4700012    1.9867278
  62.4800034    1.9756175
  62.4900017    1.9693710
  62.5000038    1.9604990
  62.5100021    1.9741777
  62.5200043    1.9721279
  62.5300026    1.9876316
  62.5400047    1.9792950
  62.5500031    1.9818826
  62.5600014    1.9796520
  62.5700035    2.0175128
  62.5800018    2.0201507
  62.5900040    2.0243065
  62.6000023    2.0149474
  62.6100044    2.0144053
  62.6200027    1.9943023
  62.6300011    1.9773147
  62.6400032    1.9799036
  62.6500015    1.9571861
  62.6600037    1.9586085
  62.6700020    1.9459442
  62.6800041    1.9408039
  62.6900024    1.9416988
  62.7000046    1.9375559
  62.7100029    1.9531056
  62.7200012    1.9783095
  62.7300034    1.9763880
  62.7400017    1.9757617
  62.7500038    1.9687908
  62.7600021    1.9666318
  62.7700043    1.9787922
  62.7800026    2.0029325
  62.7900047    1.9911954
  62.8000031    1.9907619
  62.8100014    1.9847244
  62.8200035    1.9757636
  62.8300018    1.9991510
  62.8400040    2.0148556
  62.8500023    2.0188875
  62.8600044    2.0436869
  62.8700027    2.0351610
  62.8800049    2.0557811
  62.8900032    2.0869570
  62.9000015    2.1017377
  62.9100037    2.0909050
  62.9200020    2.0778012
  62.9300041    2.0895066
  62.9400024    2.0994515
  62.9500046    2.1083610
  62.9600029    2.1383553
  62.9700012    2.1789374
  62.9800034    2.1680913
  62.9900017    2.1625178
  63.0000038    2.1462495
  63.0100021    2.1268089
  63.0200043    2.1005816
  63.0300026    2.0636108
  63.0400047    2.0155544
  63.0500031    1.9798336
  63.0600014    1.9580554
  63.0700035    1.9728843
  63.0800018    1.9824104
  63.0900040    1.9817933
  63.1000023    1.9855260
  63.1100044    1.9777781
  63.1200027    1.9693571
  63.1300049    1.9746045
  63.1400032    1.9637357
  63.1500015    1.9655000
  63.1600037    1.9800682
  63.1700020    1.9941016
  63.1800041    2.0080860
  63.1900024    2.0027599
  63.2000046    2.0133832
  63.2100029    1.9976888
  63.2200012    1.9918612
  63.2300034    1.9952205
  63.2400017    1.9823592
  63.2500038    1.9693862
  63.2600021    1.9546325
  63.2700043    1.9394100
  63.2800026    1.9352496
  63.2900047    1.9266974
  63.3000031    1.9517938
  63.3100014    1.9526620
  63.3200035    1.9401935
  63.3300018    1.9516530
  63.3400040    1.9681777
  63.3500023    1.9844896
  63.3600044    1.9882392
  63.3700027    2.0031290
  63.3800049    2.0065563
  63.3900032    2.0178375
  63.4000015    1.9970832
  63.4100037    1.9949653
  63.4200020    1.9954481
  63.4300041    1.9905599
  63.4400024    1.9795246
  63.4500046    1.9735590
  63.4600029    1.9705927
  63.4700012    1.9847311
  63.4800034    2.0327005
  63.4900017    2.0686030
  63.5000038    2.0738842
  63.5100021    2.0889094
  63.5200043    2.0631237
  63.5300026    2.0702379
  63.5400047    2.0652339
  63.5500031    2.0533178
  63.5600014    2.0489562
  63.5700035    2.0650227
  63.5800018    2.0659633
  63.5900040    2.0663342
  63.6000023    2.0458713
  63.6100044    2.0455260
  63.6200027    2.0369420
  63.6300049    2.0189421
  63.6400032    2.0443361
  63.6500015    2.0416739
  63.6600037    2.0673642
  63.6700020    2.0852325
  63.6800041    2.0807984
  63.6900024    2.0585253
  63.7000046    2.0466809
  63.7100029    2.0545385
  63.7200012    2.0577323
  63.7300034    2.0515244
  63.7400017    2.0531838
  63.7500038    2.0349200
  63.7600021    2.0397639
  63.7700043    2.0266066
  63.7800026    2.0265043
  63.7900047    2.0311069
  63.8000031    2.0385268
  63.8100014    2.0308001
  63.8200035    2.0386622
  63.8300018    2.0159671
  63.8400040    2.0136216
  63.8500023    2.0199833
  63.8600044    2.0344350
  63.8700027    2.0274339
  63.8800049    2.0113349
  63.8900032    1.9894292
  63.9000015    1.9877034
  63.9100037    1.9653838
  63.9200020    1.9711031
  63.9300041    1.9615686
  63.9400024    1.9558698
  63.9500046    1.9723008
  63.9600029    1.9828880
  63.9700012    2.0069451
  63.9800034    2.0117471
  63.9900017    1.9857178
  64.0000000    1.9722601
  64.0100021    1.9696294
  64.0200043    1.9681008
  64.0300064    1.9620987
  64.0400009    1.9628979
  64.0500031    1.9452213
  64.0600052    1.9523525
  64.0699997    1.9785306
  64.0800018    1.9829766
  64.0900040    2.0024662
  64.1000061    2.0223119
  64.1100006    2.0256827
  64.1200027    2.0251670
  64.1300049    2.0265315
  64.1399994    2.0225708
  64.1500015    2.0458920
  64.1600037    2.0117488
  64.1700058    2.0227711
  64.1800003    2.0375946
  64.1900024    2.0707977
  64.2000046    2.0690567
  64.2100067    2.0646722
  64.2200012    2.0609844
  64.2300034    2.0341587
  64.2400055    2.0469036
  64.2500000    2.0647757
  64.2600021    2.0415547
  64.2700043    2.0285163
  64.2800064    2.0436528
  64.2900009    2.0363085
  64.3000031    2.0191803
  64.3100052    1.9963369
  64.3199997    2.0330782
  64.3300018    2.0340242
  64.3400040    2.0478046
  64.3500061    2.0580773
  64.3600006    2.0624640
  64.3700027    2.0460691
  64.3800049    2.0482647
  64.3899994    2.0607324
  64.4000015    2.0427103
  64.4100037    2.0244448
  64.4200058    2.0246356
  64.4300003    2.0234375
  64.4400024    2.0113978
  64.4500046    2.0148458
  64.4600067    2.0161381
  64.4700012    2.0200331
  64.4800034    2.0034850
  64.4900055    2.0037930
  64.5000000    1.9937990
  64.5100021    2.0089874
  64.5200043    1.9748641
  64.5300064    1.9685464
  64.5400009    1.9547974
  64.5500031    1.9895097
  64.5600052    1.9923785
  64.5699997    1.9798890
  64.5800018    1.9737016
  64.5900040    1.9781424
  64.6000061    1.9689093
  64.6100006    1.9603058
  64.6200027    1.9674418
  64.6300049    1.9407022
  64.6399994    1.9034115
  64.6500015    1.9111327
  64.6600037    1.9109592
  64.6700058    1.9193246
  64.6800003    1.9296263
  64.6900024    1.8998148
  64.7000046    1.9085908
  64.7100067    1.9204016
  64.7200012    1.9198807
  64.7300034    1.9284680
  64.7400055    1.9215651
  64.7500000    1.8969532
  64.7600021    1.8843114
  64.7700043    1.8657968
  64.7800064    1.8797822
  64.7900009    1.8730148
  64.8000031    1.8931894
  64.8100052    1.8739098
  64.8199997    1.8664979
  64.8300018    1.8658248
  64.8400040    1.8779455
  64.8500061    1.8639008
  64.8600006    1.8586905
  64.8700027    1.8586361
  64.8800049    1.8622808
  64.8899994    1.8652543
  64.9000015    1.8605322
  64.9100037    1.8593082
  64.9200058    1.8576711
  64.9300003    1.8859555
  64.9400024    1.8693238
  64.9500046    1.8893075
  64.9600067    1.8990304
  64.9700012    1.8875082
  64.9800034    1.8843945
  64.9900055    1.8874600
  65.0000000    1.8543364
  65.0100021    1.8432447
  65.0200043    1.8619134
  65.0300064    1.8739158
  65.0400009    1.8728129
  65.0500031    1.8764440
  65.0600052    1.8765490
  65.0699997    1.8674184
  65.0800018    1.8492193
  65.0900040    1.8402915
  65.1000061    1.8381211
  65.1100006    1.8434420
  65.1200027    1.8689516
  65.1300049    1.8782576
  65.1399994    1.8652222
  65.1500015    1.8442477
  65.1600037    1.8866677
  65.1700058    1.9002396
  65.1800003    1.9115101
  65.1900024    1.9405891
  65.2000046    1.9503481
  65.2100067    1.9221454
  65.2200012    1.9445769
  65.2300034    1.9771488
  65.2400055    1.9506335
  65.2500000    1.9476362
  65.2600021    1.9534757
  65.2700043    1.9736950
  65.2800064    1.9764985
  65.2900009    2.0034769
  65.3000031    2.0066142
  65.3100052    2.0020339
  65.3199997    2.0038881
  65.3300018    1.9961971
  65.3400040    2.0148044
  65.3500061    2.0286634
  65.3600006    2.0203257
  65.3700027    2.0182045
  65.3800049    2.0032909
  65.3899994    1.9927696
  65.4000015    1.9769301
  65.4100037    1.9777409
  65.4200058    1.9685475
  65.4300003    1.9883007
  65.4400024    2.0207486
  65.4500046    2.0404580
  65.4600067    2.0702972
  65.4700012    2.0530887
  65.4800034    2.0229282
  65.4900055    2.0284925
  65.5000000    2.0191762
  65.5100021    2.0152357
  65.5200043    2.0132389
  65.5300064    2.0202365
  65.5400009    2.0152271
  65.5500031    2.0261827
  65.5600052    2.0292709
  65.5699997    2.0430188
  65.5800018    2.0215516
  65.5900040    2.0490720
  65.6000061    2.0484691
  65.6100006    2.0516984
  65.6200027    2.0373316
  65.6300049    2.0085526
  65.6399994    1.9874413
  65.6500015    1.9909173
  65.6600037    1.9726883
  65.6700058    1.9793211
  65.6800003    1.9747174
  65.6900024    1.9709466
  65.7000046    1.9657245
  65.7100067    2.0096343
  65.7200012    2.0228751
  65.7300034    2.0080419
  65.7400055    2.0197597
  65.7500000    2.0018594
  65.7600021    1.9789615
  65.7700043    1.9817758
  65.7800064    1.9972565
  65.7900009    2.0014589
  65.8000031    1.9793559
  65.8100052    1.9615029
  65.8199997    1.9530650
  65.8300018    1.9709176
  65.8400040    1.9736191
  65.8500061    1.9934850
  65.8600006    1.9736103
  65.8700027    1.9217323
  65.8800049    1.8955326
  65.8899994    1.9128972
  65.9000015    1.9217687
  65.9100037    1.9291602
  65.9200058    1.9554435
  65.9300003    1.9623047
  65.9400024    1.9587961
  65.9500046    1.9690048
  65.9600067    1.9551491
  65.9700012    1.9681791
  65.9800034    1.9588205
  65.9900055    1.9605069
  66.0000000    1.9499370
  66.0100021    1.9211136
  66.0200043    1.9395658
  66.0300064    1.9420444
  66.0400009    1.9665796
  66.0500031    1.9841797
  66.0600052    1.9854354
  66.0699997    1.9584162
  66.0800018    1.9637927
  66.0900040    1.9766608
  66.1000061    1.9633425
  66.1100006    1.9707175
  66.1200027    1.9989545
  66.1300049    2.0255184
  66.1399994    2.0354993
  66.1500015    2.0517900
  66.1600037    2.0472660
  66.1700058    2.0321882
  66.1800003    2.0394778
  66.1900024    2.0182583
  66.2000046    2.0042522
  66.2100067    2.0223753
  66.2200012    2.0277822
  66.2300034    2.0448649
  66.2400055    2.0504293
  66.2500000    2.0357080
  66.2600021    2.0204990
  66.2700043    2.0238748
  66.2800064    2.0057070
  66.2900009    2.0011823
  66.3000031    1.9920272
  66.3100052    1.9805452
  66.3199997    1.9726930
  66.3300018    1.9832377
  66.3400040    1.9787273
  66.3500061    1.9786924
  66.3600006    2.0018029
  66.3700027    1.9923557
  66.3800049    1.9990808
  66.3899994    1.9825617
  66.4000015    2.0052412
  66.4100037    2.0059047
  66.4200058    1.9790035
  66.4300003    1.9796973
  66.4400024    1.9921864
  66.4500046    1.9952911
  66.4600067    2.0012026
  66.4700012    1.9980632
  66.4800034    1.9933516
  66.4900055    1.9738338
  66.5000000    1.9687985
  66.5100021    1.9843262
  66.5200043    1.9848181
  66.5300064    1.9843169
  66.5400009    1.9569421
  66.5500031    1.9740417
  66.5600052    1.9935066
  66.5699997    2.0192237
  66.5800018    1.9963630
  66.5900040    1.9832056
  66.6000061    1.9947696
  66.6100006    1.9737043
  66.6200027    1.9517747
  66.6300049    1.9580244
  66.6399994    1.9541833
  66.6500015    1.9526255
  66.6600037    1.9294493
  66.6700058    1.9379163
  66.6800003    1.9771339
  66.6900024    1.9685898
  66.7000046    1.9682077
  66.7100067    1.9675093
  66.7200012    1.9654224
  66.7300034    1.9554560
  66.7400055    1.9652981
  66.7500000    1.9712149
  66.7600021    1.9884034
  66.7700043    1.9900570
  66.7800064    1.9682878
  66.7900009    1.9783783
  66.8000031    1.9732150
  66.8100052    1.9573022
  66.8199997    1.9431289
  66.8300018    1.9378771
  66.8400040    1.9272480
  66.8500061    1.9276860
  66.8600006    1.9015466
  66.8700027    1.9137793
  66.8800049    1.9282064
  66.8899994    1.9162908
  66.9000015    1.9196050
  66.9100037    1.9278946
  66.9200058    1.9053975
  66.9300003    1.9138423
  66.9400024    1.9222389
  66.9500046    1.9003388
  66.9600067    1.8670193
  66.9700012    1.8283163
  66.9800034    1.8326610
  66.9900055    1.8399041
  67.0000000    1.8510988
  67.0100021    1.8513368
  67.0200043    1.8476803
  67.0300064    1.8500012
  67.0400009    1.8324784
  67.0500031    1.8389714
  67.0600052    1.8702165
  67.0699997    1.8891742
  67.0800018    1.8814749
  67.0900040    1.8595985
  67.1000061    1.8460021
  67.1100006    1.8446729
  67.1200027    1.8597449
  67.1300049    1.8571820
  67.1399994    1.8374385
  67.1500015    1.8614886
  67.1600037    1.8957813
  67.1700058    1.9035294
  67.1800003    1.8907619
  67.1900024    1.8970234
  67.2000046    1.9052204
  67.2100067    1.9094459
  67.2200012    1.9046263
  67.2300034    1.9342568
  67.2400055    1.9383981
  67.2500000    1.9352237
  67.2600021    1.9454795
  67.2700043    1.9441375
  67.2800064    1.9622897
  67.2900009    1.9552828
  67.3000031    1.9298860
  67.3100052    1.9264191
  67.3199997    1.9367609
  67.3300018    1.9400707
  67.3400040    1.9229382
  67.3500061    1.9003224
  67.3600006    1.8804277
  67.3700027    1.8794720
  67.3800049    1.8678635
  67.3899994    1.8652408
  67.4000015    1.8777734
  67.4100037    1.8828403
  67.4200058    1.8713425
  67.4300003    1.8558840
  67.4400024    1.8568538
  67.4500046    1.8458574
  67.4600067    1.8498088
  67.4700012    1.8686508
  67.4800034    1.8698151
  67.4900055    1.8677857
  67.5000000    1.8578411
  67.5100021    1.8816253
  67.5200043    1.8601421
  67.5300064    1.8915342
  67.5400009    1.8865047
  67.5500031    1.8922627
  67.5600052    1.8997661
  67.5699997    1.8876292
  67.5800018    1.8645191
  67.5900040    1.8573265
  67.6000061    1.8592249
  67.6100006    1.8811591
  67.6200027    1.8635187
  67.6300049    1.8645452
  67.6400070    1.8822652
  67.6500015    1.8688242
  67.6600037    1.8617569
  67.6700058    1.8586830
  67.6800003    1.8694093
  67.6900024    1.8968453
  67.7000046    1.9121015
  67.7100067    1.9062799
  67.7200012    1.9129113
  67.7300034    1.9209476
  67.7400055    1.9089786
  67.7500000    1.8818856
  67.7600021    1.8750304
  67.7700043    1.8715720
  67.7800064    1.8652066
  67.7900009    1.8608745
  67.8000031    1.8696407
  67.8100052    1.8749455
  67.8199997    1.8778036
  67.8300018    1.8880795
  67.8400040    1.9086255
  67.8500061    1.9383711
  67.8600006    1.9369318
  67.8700027    1.9279914
  67.8800049    1.9475261
  67.8900070    1.9507579
  67.9000015    1.9663182
  67.9100037    1.9428633
  67.9200058    1.9529535
  67.9300003    1.9356303
  67.9400024    1.9275854
  67.9500046    1.9410064
  67.9600067    1.9512899
  67.9700012    1.9685855
  67.9800034    1.9655776
  67.9900055    1.9902141
  68.0000000    1.9719807
  68.0100021    1.9529433
  68.0200043    1.9450080
  68.0300064    1.9366679
  68.0400009    1.9169925
  68.0500031    1.9202864
  68.0600052    1.9280049
  68.0699997    1.9233555
  68.0800018    1.9067503
  68.0900040    1.9295614
  68.1000061    1.9359583
  68.1100006    1.9409941
  68.1200027    1.9366608
  68.1300049    1.9023393
  68.1400070    1.9035873
  68.1500015    1.8839449
  68.1600037    1.8709067
  68.1700058    1.8590211
  68.1800003    1.8552859
  68.1900024    1.8719260
  68.2000046    1.8830614
  68.2100067    1.8663485
  68.2200012    1.8623222
  68.2300034    1.8590058
  68.2400055    1.8681592
  68.2500000    1.8776538
  68.2600021    1.8854551
  68.2700043    1.8884563
  68.2800064    1.8962696
  68.2900009    1.9078996
  68.3000031    1.9108078
  68.3100052    1.8912036
  68.3199997    1.9085118
  68.3300018    1.9182636
  68.3400040    1.9348229
  68.3500061    1.9197943
  68.3600006    1.9153254
  68.3700027    1.9040502
  68.3800049    1.9260440
  68.3900070    1.9282428
  68.4000015    1.9303944
  68.4100037    1.9205282
  68.4200058    1.9250346
  68.4300003    1.9466947
  68.4400024    1.9351541
  68.4500046    1.9584670
  68.4600067    1.9672385
  68.4700012    1.9671272
  68.4800034    2.0031328
  68.4900055    2.0138402
  68.5000000    2.0031600
  68.5100021    2.0323296
  68.5200043    2.0346739
  68.5300064    2.0444462
  68.5400009    2.0437219
  68.5500031    2.0586078
  68.5600052    2.0334277
  68.5699997    2.0483491
  68.5800018    2.0361040
  68.5900040    2.0622003
  68.6000061    2.0757539
  68.6100006    2.0534821
  68.6200027    2.0443792
  68.6300049    2.0441337
  68.6400070    2.0081723
  68.6500015    2.0158126
  68.6600037    2.0129333
  68.6700058    2.0204391
  68.6800003    2.0030828
  68.6900024    2.0070965
  68.7000046    2.0085099
  68.7100067    1.9658263
  68.7200012    1.9343106
  68.7300034    1.9271849
  68.7400055    1.9457586
  68.7500000    1.9424056
  68.7600021    1.9292573
  68.7700043    1.9386038
  68.7800064    1.9533522
  68.7900009    1.9574084
  68.8000031    1.9464728
  68.8100052    1.9178951
  68.8199997    1.8736385
  68.8300018    1.9005501
  68.8400040    1.8877974
  68.8500061    1.9085023
  68.8600006    1.9356358
  68.8700027    1.9319105
  68.8800049    1.9130703
  68.8900070    1.9073195
  68.9000015    1.9381926
  68.9100037    1.9564987
  68.9200058    1.9420841
  68.9300003    1.9404974
  68.9400024    1.9502230
  68.9500046    1.9508401
  68.9600067    1.9454774
  68.9700012    1.9720609
  68.9800034    1.9776936
  68.9900055    1.9404153
  69.0000000    1.9338186
  69.0100021    1.9455398
  69.0200043    1.9822460
  69.0300064    1.9619596
  69.0400009    1.9770367
  69.0500031    1.9707206
  69.0600052    1.9450419
  69.0699997    1.9316049
  69.0800018    1.9503555
  69.0900040    1.9563638
  69.1000061    1.9624007
  69.1100006    1.9598840
  69.1200027    1.9639149
  69.1300049    1.9659981
  69.1400070    1.9419886
  69.1500015    1.9326214
  69.1600037    1.9225155
  69.1700058    1.9304259
  69.1800003    1.9238964
  69.1900024    1.9047530
  69.2000046    1.9177082
  69.2100067    1.9105978
  69.2200012    1.9131553
  69.2300034    1.8945608
  69.2400055    1.8935273
  69.2500000    1.9070804
  69.2600021    1.9188323
  69.2700043    1.9038390
  69.2800064    1.8979423
  69.2900009    1.8508728
  69.3000031    1.8482660
  69.3100052    1.8563946
  69.3199997    1.8768691
  69.3300018    1.8836129
  69.3400040    1.8755004
  69.3500061    1.8882149
  69.3600006    1.8845333
  69.3700027    1.8818762
  69.3800049    1.8891056
  69.3900070    1.8980240
  69.4000015    1.9177142
  69.4100037    1.9058927
  69.4200058    1.9107933
  69.4300003    1.8959358
  69.4400024    1.8913374
  69.4500046    1.9124584
  69.4600067    1.8871047
  69.4700012    1.8824431
  69.4800034    1.9025486
  69.4900055    1.8903844
  69.5000000    1.8868232
  69.5100021    1.9065886
  69.5200043    1.9100133
  69.5300064    1.9039274
  69.5400009    1.9097387
  69.5500031    1.9082164
  69.5600052    1.9170557
  69.5699997    1.9317446
  69.5800018    1.9094545
  69.5900040    1.9045354
  69.6000061    1.9323019
  69.6100006    1.9633168
  69.6200027    1.9543732
  69.6300049    1.9466113
  69.6400070    1.9410002
  69.6500015    1.9256997
  69.6600037    1.9344383
  69.6700058    1.9227195
  69.6800003    1.9249218
  69.6900024    1.9453006
  69.7000046    1.9309187
  69.7100067    1.9324499
  69.7200012    1.9451116
  69.7300034    1.9402642
  69.7400055    1.9280361
  69.7500000    1.9186194
  69.7600021    1.9352489
  69.7700043    1.9521399
  69.7800064    1.9545516
  69.7900009    1.9693295
  69.8000031    1.9691364
  69.8100052    1.9944675
  69.8199997    1.9721709
  69.8300018    1.9536697
  69.8400040    2.0043149
  69.8500061    2.0032895
  69.8600006    2.0000887
  69.8700027    1.9797707
  69.8800049    1.9841025
  69.8900070    1.9584589
  69.9000015    1.9412688
  69.9100037    1.9452885
  69.9200058    1.9734925
  69.9300003    1.9874771
  69.9400024    2.0027978
  69.9500046    2.0114460
  69.9600067    1.9951252
  69.9700012    1.9775424
  69.9800034    1.9943647
  69.9900055    1.9780861
  70.0000000    1.9902087
  70.0100021    1.9866939
  70.0200043    2.0238998
  70.0300064    1.9957014
  70.0400009    1.9858367
  70.0500031    1.9796296
  70.0600052    2.0178850
  70.0699997    2.0066988
  70.0800018    2.0043156
  70.0900040    2.0239835
  70.1000061    2.0002675
  70.1100006    1.9869580
  70.1200027    1.9860852
  70.1300049    1.9724839
  70.1400070    1.9651265
  70.1500015    1.9457750
  70.1600037    1.9478277
  70.1700058    1.9313092
  70.1800003    1.9405864
  70.1900024    1.9481966
  70.2000046    1.9564391
  70.2100067    1.9377959
  70.2200012    1.9272671
  70.2300034    1.9095206
  70.2400055    1.9018024
  70.2500000    1.9105606
  70.2600021    1.8979409
  70.2700043    1.9162550
  70.2800064    1.8900439
  70.2900009    1.9192473
  70.3000031    1.9239628
  70.3100052    1.9181947
  70.3199997    1.9031546
  70.3300018    1.9103305
  70.3400040    1.9019598
  70.3500061    1.8862513
  70.3600006    1.8765352
  70.3700027    1.8858316
  70.3800049    1.8898389
  70.3900070    1.8816698
  70.4000015    1.9061716
  70.4100037    1.8996686
  70.4200058    1.9001223
  70.4300003    1.8963603
  70.4400024    1.8734413
  70.4500046    1.8663323
  70.4600067    1.8556843
  70.4700012    1.8717246
  70.4800034    1.8722128
  70.4900055    1.9148356
  70.5000000    1.9076837
  70.5100021    1.9366007
  70.5200043    1.9413826
  70.5300064    1.9184772
  70.5400009    1.9210912
  70.5500031    1.9084474
  70.5600052    1.8965608
  70.5699997    1.8657981
  70.5800018    1.8826673
  70.5900040    1.8845772
  70.6000061    1.8860449
  70.6100006    1.8889555
  70.6200027    1.9043864
  70.6300049    1.8864967
  70.6400070    1.8871375
  70.6500015    1.9015201
  70.6600037    1.9021828
  70.6700058    1.9008371
  70.6800003    1.9023589
  70.6900024    1.8945774
  70.7000046    1.9129599
  70.7100067    1.8876588
  70.7200012    1.8769968
  70.7300034    1.8524023
  70.7400055    1.8499508
  70.7500000    1.8370223
  70.7600021    1.8259842
  70.7700043    1.7843814
  70.7800064    1.7864438
  70.7900009    1.8088726
  70.8000031    1.8216887
  70.8100052    1.8049664
  70.8199997    1.8050582
  70.8300018    1.8330863
  70.8400040    1.8196751
  70.8500061    1.8125861
  70.8600006    1.8037595
  70.8700027    1.7897069
  70.8800049    1.7808983
  70.8900070    1.7427361
  70.9000015    1.7549605
  70.9100037    1.7433403
  70.9200058    1.7417221
  70.9300003    1.7416490
  70.9400024    1.7313973
  70.9500046    1.6971444
  70.9600067    1.7005222
  70.9700012    1.7171093
  70.9800034    1.7086179
  70.9900055    1.7054739
  71.0000000    1.7048405
  71.0100021    1.7162321
  71.0200043    1.7099949
  71.0300064    1.7447077
  71.0400009    1.7451371
  71.0500031    1.7580262
  71.0600052    1.7690448
  71.0699997    1.7891502
  71.0800018    1.7873063
  71.0900040    1.7917168
  71.1000061    1.7953324
  71.1100006    1.8013155
  71.1200027    1.8141106
  71.1300049    1.8416154
  71.1400070    1.8336481
  71.1500015    1.8038409
  71.1600037    1.7888997
  71.1700058    1.8069059
  71.1800003    1.8244389
  71.1900024    1.8625196
  71.2000046    1.8843141
  71.2100067    1.8872093
  71.2200012    1.8762099
  71.2300034    1.8701866
  71.2400055    1.8680524
  71.2500000    1.8721333
  71.2600021    1.8473471
  71.2700043    1.8245447
  71.2800064    1.8053960
  71.2900009    1.7964097
  71.3000031    1.7812707
  71.3100052    1.7521764
  71.3199997    1.7550520
  71.3300018    1.7632071
  71.3400040    1.7435137
  71.3500061    1.7441363
  71.3600006    1.7594659
  71.3700027    1.7563168
  71.3800049    1.7707080
  71.3900070    1.7760037
  71.4000015    1.8025333
  71.4100037    1.7971121
  71.4200058    1.7838793
  71.4300003    1.7787970
  71.4400024    1.7679800
  71.4500046    1.7690037
  71.4600067    1.7905542
  71.4700012    1.8065746
  71.4800034    1.8172250
  71.4900055    1.8063927
  71.5000000    1.7970182
  71.5100021    1.7867248
  71.5200043    1.7719995
  71.5300064    1.7916676
  71.5400009    1.8036873
  71.5500031    1.7940081
  71.5600052    1.7806082
  71.5699997    1.7896919
  71.5800018    1.8148563
  71.5900040    1.8128058
  71.6000061    1.8028874
  71.6100006    1.7989432
  71.6200027    1.8196194
  71.6300049    1.8108634
  71.6400070    1.8218815
  71.6500015    1.8311703
  71.6600037    1.8242255
  71.6700058    1.8056325
  71.6800003    1.7974726
  71.6900024    1.8023157
  71.7000046    1.7592895
  71.7100067    1.7752899
  71.7200012    1.7587470
  71.7300034    1.7457638
  71.7400055    1.7454207
  71.7500000    1.7520158
  71.7600021    1.7535750
  71.7700043    1.7861083
  71.7800064    1.7871611
  71.7900009    1.7711568
  71.8000031    1.7700891
  71.8100052    1.7574404
  71.8199997    1.7768281
  71.8300018    1.7808985
  71.8400040    1.7731453
  71.8500061    1.7704231
  71.8600006    1.7557678
  71.8700027    1.7629384
  71.8800049    1.7518896
  71.8900070    1.7415309
  71.9000015    1.7611856
  71.9100037    1.7648118
  71.9200058    1.7602890
  71.9300003    1.7411215
  71.9400024    1.7363830
  71.9500046    1.7521930
  71.9600067    1.7275237
  71.9700012    1.7181466
  71.9800034    1.7439866
  71.9900055    1.7263442
  72.0000000    1.7292584
  72.0100021    1.7073514
  72.0200043    1.7079192
  72.0300064    1.7159444
  72.0400009    1.7086761
  72.0500031    1.6963757
  72.0600052    1.6918371
  72.0699997    1.6962204
  72.0800018    1.7272860
  72.0900040    1.7262629
  72.1000061    1.7028092
  72.1100006    1.6826932
  72.1200027    1.6935718
  72.1300049    1.7442074
  72.1400070    1.7413830
  72.1500015    1.7396731
  72.1600037    1.7461731
  72.1700058    1.7308981
  72.1800003    1.7185446
  72.1900024    1.7224737
  72.2000046    1.7246481
  72.2100067    1.7294279
  72.2200012    1.6934192
  72.2300034    1.6961409
  72.2400055    1.7158445
  72.2500000    1.7102380
  72.2600021    1.7070434
  72.2700043    1.7436472
  72.2800064    1.7594509
  72.2900009    1.7727052
  72.3000031    1.7477502
  72.3100052    1.7540150
  72.3199997    1.7253040
  72.3300018    1.7314055
  72.3400040    1.7136161
  72.3500061    1.7167939
  72.3600006    1.7289110
  72.3700027    1.7272480
  72.3800049    1.7028331
  72.3900070    1.7182633
  72.4000015    1.7409909
  72.4100037    1.7181638
  72.4200058    1.6914941
  72.4300003    1.6947054
  72.4400024    1.7035817
  72.4500046    1.7227623
  72.4600067    1.7238194
  72.4700012    1.7253852
  72.4800034    1.7176791
  72.4900055    1.7359809
  72.5000000    1.7422104
  72.5100021    1.7369152
  72.5200043    1.7413992
  72.5300064    1.7621899
  72.5400009    1.7532431
  72.5500031    1.7371597
  72.5600052    1.7323028
  72.5699997    1.7578225
  72.5800018    1.7505946
  72.5900040    1.7281201
  72.6000061    1.7430999
  72.6100006    1.7598557
  72.6200027    1.7689414
  72.6300049    1.7447913
  72.6400070    1.7226219
  72.6500015    1.7035941
  72.6600037    1.7084348
  72.6700058    1.6899071
  72.6800003    1.7032952
  72.6900024    1.6921281
  72.7000046    1.6900992
  72.7100067    1.6858656
  72.7200012    1.6751673
  72.7300034    1.6769356
  72.7400055    1.6775144
  72.7500000    1.6786897
  72.7600021    1.6759266
  72.7700043    1.6765167
  72.7800064    1.6793500
  72.7900009    1.7006221
  72.8000031    1.7116562
  72.8100052    1.7159750
  72.8199997    1.7189893
  72.8300018    1.7727165
  72.8400040    1.7984062
  72.8500061    1.7792214
  72.8600006    1.7636133
  72.8700027    1.7607813
  72.8800049    1.7732570
  72.8900070    1.7911277
  72.9000015    1.8099376
  72.9100037    1.8115019
  72.9200058    1.7759643
  72.9300003    1.8082075
  72.9400024    1.7901144
  72.9500046    1.8030213
  72.9600067    1.7926755
  72.9700012    1.8016400
  72.9800034    1.8063233
  72.9900055    1.8096615
  73.0000000    1.8064048
  73.0100021    1.8027719
  73.0200043    1.7804278
  73.0300064    1.7948246
  73.0400009    1.8014585
  73.0500031    1.8156972
  73.0600052    1.8270020
  73.0699997    1.8456733
  73.0800018    1.8194401
  73.0900040    1.8322340
  73.1000061    1.8349916
  73.1100006    1.8266826
  73.1200027    1.7869209
  73.1300049    1.7874793
  73.1400070    1.7774153
  73.1500015    1.7744098
  73.1600037    1.7535478
  73.1700058    1.7490793
  73.1800003    1.7503523
  73.1900024    1.7702460
  73.2000046    1.7562537
  73.2100067    1.7478632
  73.2200012    1.7421651
  73.2300034    1.7309316
  73.2400055    1.7260897
  73.2500000    1.7227398
  73.2600021    1.7324796
  73.2700043    1.7243950
  73.2800064    1.7091677
  73.2900009    1.6991551
  73.3000031    1.7020690
  73.3100052    1.6942110
  73.3199997    1.6852205
  73.3300018    1.6838582
  73.3400040    1.6744196
  73.3500061    1.6897694
  73.3600006    1.7095139
  73.3700027    1.6956643
  73.3800049    1.7159559
  73.3900070    1.7256550
  73.4000015    1.7195085
  73.4100037    1.7006656
  73.4200058    1.7006658
  73.4300003    1.7219771
  73.4400024    1.7045885
  73.4500046    1.7081754
  73.4600067    1.6830709
  73.4700012    1.6644754
  73.4800034    1.6348392
  73.4900055    1.6305406
  73.5000000    1.6464317
  73.5100021    1.6420927
  73.5200043    1.6653701
  73.5300064    1.6781262
  73.5400009    1.6437634
  73.5500031    1.6359483
  73.5600052    1.6369927
  73.5699997    1.6557040
  73.5800018    1.6383207
  73.5900040    1.6440703
  73.6000061    1.6619847
  73.6100006    1.6635292
  73.6200027    1.6774590
  73.6300049    1.6970519
  73.6400070    1.7038553
  73.6500015    1.7090427
  73.6600037    1.6927021
  73.6700058    1.7208010
  73.6800003    1.7351491
  73.6900024    1.7384208
  73.7000046    1.7338431
  73.7100067    1.7412204
  73.7200012    1.7569572
  73.7300034    1.7445296
  73.7400055    1.7376531
  73.7500000    1.7073956
  73.7600021    1.7153022
  73.7700043    1.7442318
  73.7800064    1.7406158
  73.7900009    1.7316409
  73.8000031    1.7465562
  73.8100052    1.7415346
  73.8199997    1.7514262
  73.8300018    1.7646264
  73.8400040    1.7426826
  73.8500061    1.7401451
  73.8600006    1.7430390
  73.8700027    1.6997788
  73.8800049    1.7100053
  73.8900070    1.7078569
  73.9000015    1.6997204
  73.9100037    1.7105681
  73.9200058    1.7244872
  73.9300003    1.7615509
  73.9400024    1.7569771
  73.9500046    1.7550068
  73.9600067    1.7259576
  73.9700012    1.7350134
  73.9800034    1.7321918
  73.9900055    1.7258021
  74.0000000    1.7334795
  74.0100021    1.7256603
  74.0200043    1.7355553
  74.0300064    1.7236744
  74.0400009    1.7258009
  74.0500031    1.7235963
  74.0600052    1.7087100
  74.0700073    1.7164335
  74.0800018    1.7345440
  74.0900040    1.7401139
  74.1000061    1.7318624
  74.1100006    1.7559886
  74.1200027    1.7675545
  74.1300049    1.7900444
  74.1400070    1.7710942
  74.1500015    1.7729021
  74.1600037    1.7859073
  74.1700058    1.7965330
  74.1800003    1.8005619
  74.1900024    1.8066741
  74.2000046    1.8050318
  74.2100067    1.7788247
  74.2200012    1.7813162
  74.2300034    1.7893912
  74.2400055    1.7624398
  74.2500000    1.7828704
  74.2600021    1.7865481
  74.2700043    1.7642601
  74.2800064    1.7525281
  74.2900009    1.7623519
  74.3000031    1.7687176
  74.3100052    1.7627454
  74.3200073    1.7673353
  74.3300018    1.7525705
  74.3400040    1.7540234
  74.3500061    1.7638613
  74.3600006    1.7666306
  74.3700027    1.7669662
  74.3800049    1.7595587
  74.3900070    1.7431692
  74.4000015    1.7656174
  74.4100037    1.7885020
  74.4200058    1.8035704
  74.4300003    1.8056177
  74.4400024    1.7905920
  74.4500046    1.7714720
  74.4600067    1.7839546
  74.4700012    1.7676640
  74.4800034    1.7284756
  74.4900055    1.7199183
  74.5000000    1.7311603
  74.5100021    1.7296133
  74.5200043    1.7244394
  74.5300064    1.7022911
  74.5400009    1.7039864
  74.5500031    1.6880438
  74.5600052    1.6695834
  74.5700073    1.6853118
  74.5800018    1.6813335
  74.5900040    1.6696401
  74.6000061    1.6832154
  74.6100006    1.6837533
  74.6200027    1.6820503
  74.6300049    1.6602616
  74.6400070    1.6376538
  74.6500015    1.6282188
  74.6600037    1.6320835
  74.6700058    1.6195080
  74.6800003    1.6289184
  74.6900024    1.6345044
  74.7000046    1.6153228
  74.7100067    1.6218475
  74.7200012    1.6296648
  74.7300034    1.6183966
  74.7400055    1.6201313
  74.7500000    1.6257116
  74.7600021    1.6077263
  74.7700043    1.6498749
  74.7800064    1.6629583
  74.7900009    1.7032735
  74.8000031    1.7081717
  74.8100052    1.7130049
  74.8200073    1.7205637
  74.8300018    1.7491271
  74.8400040    1.7004938
  74.8500061    1.7078137
  74.8600006    1.7033035
  74.8700027    1.6868882
  74.8800049    1.7113491
  74.8900070    1.7277244
  74.9000015    1.7466049
  74.9100037    1.7930444
  74.9200058    1.8018267
  74.9300003    1.7881263
  74.9400024    1.7830980
  74.9500046    1.7840992
  74.9600067    1.7712659
  74.9700012    1.7683127
  74.9800034    1.7774349
  74.9900055    1.7506225
  75.0000000    1.7628776
  75.0100021    1.7638340
  75.0200043    1.7845936
  75.0300064    1.7866186
  75.0400009    1.7863494
  75.0500031    1.7825462
  75.0600052    1.7792716
  75.0700073    1.7615165
  75.0800018    1.7870634
  75.0900040    1.7889081
  75.1000061    1.7901504
  75.1100006    1.7896831
  75.1200027    1.8014374
  75.1300049    1.8311585
  75.1400070    1.8322661
  75.1500015    1.8144879
  75.1600037    1.8111215
  75.1700058    1.8127669
  75.1800003    1.8384140
  75.1900024    1.8438039
  75.2000046    1.8021649
  75.2100067    1.7798618
  75.2200012    1.7553619
  75.2300034    1.7482575
  75.2400055    1.7427636
  75.2500000    1.7395635
  75.2600021    1.7616661
  75.2700043    1.7760983
  75.2800064    1.7557361
  75.2900009    1.7793738
  75.3000031    1.8077720
  75.3100052    1.8228856
  75.3200073    1.8052918
  75.3300018    1.8072016
  75.3400040    1.8329452
  75.3500061    1.8275526
  75.3600006    1.8397294
  75.3700027    1.8464952
  75.3800049    1.8484836
  75.3900070    1.8469796
  75.4000015    1.7948343
  75.4100037    1.8177129
  75.4200058    1.8200152
  75.4300003    1.8320986
  75.4400024    1.8194014
  75.4500046    1.8403714
  75.4600067    1.8442892
  75.4700012    1.8549078
  75.4800034    1.8735613
  75.4900055    1.8626550
  75.5000000    1.8863114
  75.5100021    1.8738847
  75.5200043    1.8626256
  75.5300064    1.9036914
  75.5400009    1.8990693
  75.5500031    1.8892354
  75.5600052    1.8761624
  75.5700073    1.8752608
  75.5800018    1.9037827
  75.5900040    1.9112027
  75.6000061    1.9172441
  75.6100006    1.8902764
  75.6200027    1.9088969
  75.6300049    1.8870271
  75.6400070    1.8942094
  75.6500015    1.8682622
  75.6600037    1.8742156
  75.6700058    1.8852147
  75.6800003    1.8898541
  75.6900024    1.8502903
  75.7000046    1.8487694
  75.7100067    1.8704042
  75.7200012    1.8793297
  75.7300034    1.8711936
  75.7400055    1.8534080
  75.7500000    1.8524282
  75.7600021    1.8396480
  75.7700043    1.8173414
  75.7800064    1.8135386
  75.7900009    1.8128866
  75.8000031    1.8115215
  75.8100052    1.8321807
  75.8200073    1.8573697
  75.8300018    1.8413366
  75.8400040    1.8343196
  75.8500061    1.8273406
  75.8600006    1.8232192
  75.8700027    1.8096087
  75.8800049    1.7810552
  75.8900070    1.7810677
  75.9000015    1.7852608
  75.9100037    1.7944589
  75.9200058    1.7982384
  75.9300003    1.8022735
  75.9400024    1.8030446
  75.9500046    1.8052998
  75.9600067    1.7933367
  75.9700012    1.8110361
  75.9800034    1.7896563
  75.9900055    1.8075202
  76.0000000    1.8037651
  76.0100021    1.8093809
  76.0200043    1.8256335
  76.0300064    1.8023303
  76.0400009    1.7796377
  76.0500031    1.7932605
  76.0600052    1.7937280
  76.0700073    1.7984062
  76.0800018    1.8123130
  76.0900040    1.8283492
  76.1000061    1.8293720
  76.1100006    1.8249869
  76.1200027    1.8342977
  76.1300049    1.8352963
  76.1400070    1.8324741
  76.1500015    1.8361077
  76.1600037    1.8243195
  76.1700058    1.8021122
  76.1800003    1.7870548
  76.1900024    1.7811867
  76.2000046    1.7831177
  76.2100067    1.7722018
  76.2200012    1.7716560
  76.2300034    1.7635443
  76.2400055    1.7789850
  76.2500000    1.7954973
  76.2600021    1.7846802
  76.2700043    1.7913275
  76.2800064    1.8045537
  76.2900009    1.8007469
  76.3000031    1.7974529
  76.3100052    1.7911439
  76.3200073    1.7868521
  76.3300018    1.8112735
  76.3400040    1.8277202
  76.3500061    1.8237147
  76.3600006    1.8244226
  76.3700027    1.8327299
  76.3800049    1.8199842
  76.3900070    1.8263789
  76.4000015    1.8081107
  76.4100037    1.8217983
  76.4200058    1.8088990
  76.4300003    1.8224047
  76.4400024    1.8363942
  76.4500046    1.8398918
  76.4600067    1.8563744
  76.4700012    1.8760819
  76.4800034    1.8665013
  76.4900055    1.8702737
  76.5000000    1.8641511
  76.5100021    1.8634486
  76.5200043    1.8423346
  76.5300064    1.8483541
  76.5400009    1.8574040
  76.5500031    1.8444934
  76.5600052    1.8637050
  76.5700073    1.8566210
  76.5800018    1.8585988
  76.5900040    1.8724556
  76.6000061    1.9018123
  76.6100006    1.9068178
  76.6200027    1.9001212
  76.6300049    1.8993614
  76.6400070    1.9146125
  76.6500015    1.9006616
  76.6600037    1.9041392
  76.6700058    1.9338468
  76.6800003    1.9542700
  76.6900024    1.9609804
  76.7000046    1.9685816
  76.7100067    1.9735583
  76.7200012    1.9575936
  76.7300034    1.9512944
  76.7400055    1.9616714
  76.7500000    1.9620867
  76.7600021    1.9615645
  76.7700043    1.9369481
  76.7800064    1.9106301
  76.7900009    1.9167283
  76.8000031    1.9088349
  76.8100052    1.9139708
  76.8200073    1.9323783
  76.8300018    1.9455914
  76.8400040    1.9340917
  76.8500061    1.9570752
  76.8600006    1.9444661
  76.8700027    1.9708346
  76.8800049    1.9738441
  76.8900070    1.9923819
  76.9000015    2.0299754
  76.9100037    2.0089502
  76.9200058    1.9980198
  76.9300003    1.9706157
  76.9400024    1.9717580
  76.9500046    1.9645079
  76.9600067    1.9431437
  76.9700012    1.9297347
  76.9800034    1.9267045
  76.9900055    1.9232013
  77.0000000    1.9500138
  77.0100021    1.9719212
  77.0200043    1.9643205
  77.0300064    1.9730777
  77.0400009    1.9615414
  77.0500031    1.9870951
  77.0600052    1.9884225
  77.0700073    2.0034864
  77.0800018    1.9735004
  77.0900040    1.9837244
  77.1000061    1.9793463
  77.1100006    1.9732531
  77.1200027    1.9672936
  77.1300049    1.9771836
  77.1400070    1.9868888
  77.1500015    1.9921033
  77.1600037    1.9968954
  77.1700058    1.9847238
  77.1800003    2.0086901
  77.1900024    1.9884942
  77.2000046    1.9834156
  77.2100067    1.9730637
  77.2200012    1.9663582
  77.2300034    1.9832249
  77.2400055    1.9726614
  77.2500000    1.9732270
  77.2600021    1.9862584
  77.2700043    1.9900657
  77.2800064    1.9719605
  77.2900009    1.9674480
  77.3000031    1.9712906
  77.3100052    1.9340802
  77.3200073    1.9279172
  77.3300018    1.9308122
  77.3400040    1.9204684
  77.3500061    1.9404243
  77.3600006    1.9373258
  77.3700027    1.9126716
  77.3800049    1.9369857
  77.3900070    1.9234319
  77.4000015    1.9169528
  77.4100037    1.8970532
  77.4200058    1.8997521
  77.4300003    1.9268808
  77.4400024    1.9384382
  77.4500046    1.9408946
  77.4600067    1.9187554
  77.4700012    1.9300954
  77.4800034    1.9272819
  77.4900055    1.9422759
  77.5000000    1.9359426
  77.5100021    1.9435693
  77.5200043    1.9605099
  77.5300064    1.9479774
  77.5400009    1.9910038
  77.5500031    1.9720104
  77.5600052    1.9765649
  77.5700073    1.9949589
  77.5800018    1.9725348
  77.5900040    1.9707793
  77.6000061    1.9570994
  77.6100006    1.9211155
  77.6200027    1.9190900
  77.6300049    1.9292818
  77.6400070    1.9218048
  77.6500015    1.9132221
  77.6600037    1.9188007
  77.6700058    1.9147403
  77.6800003    1.9166365
  77.6900024    1.9256827
  77.7000046    1.8972954
  77.7100067    1.8761696
  77.7200012    1.8832952
  77.7300034    1.8693724
  77.7400055    1.8555996
  77.7500000    1.8589510
  77.7600021    1.8446571
  77.7700043    1.8581645
  77.7800064    1.8706992
  77.7900009    1.8538537
  77.8000031    1.8840022
  77.8100052    1.9356289
  77.8200073    1.8894409
  77.8300018    1.8793793
  77.8400040    1.8728269
  77.8500061    1.8819904
  77.8600006    1.8671728
  77.8700027    1.8706591
  77.8800049    1.8595649
  77.8900070    1.8694761
  77.9000015    1.8669225
  77.9100037    1.8737923
  77.9200058    1.8607458
  77.9300003    1.8450503
  77.9400024    1.8535032
  77.9500046    1.8503100
  77.9600067    1.8693290
  77.9700012    1.8581713
  77.9800034    1.8315420
  77.9900055    1.8174996
  78.0000000    1.8299705
  78.0100021    1.8224000
  78.0200043    1.8105567
  78.0300064    1.8282698
  78.0400009    1.8240750
  78.0500031    1.8310094
  78.0600052    1.8293257
  78.0700073    1.8236899
  78.0800018    1.8308918
  78.0900040    1.8165839
  78.1000061    1.8029419
  78.1100006    1.8286093
  78.1200027    1.8484393
  78.1300049    1.8333284
  78.1400070    1.8193355
  78.1500015    1.8334680
  78.1600037    1.8104118
  78.1700058    1.7968373
  78.1800003    1.7937735
  78.1900024    1.7953619
  78.2000046    1.8121787
  78.2100067    1.8319474
  78.2200012    1.8666803
  78.2300034    1.8642505
  78.2400055    1.8668174
  78.2500000    1.8596258
  78.2600021    1.8585936
  78.2700043    1.8703113
  78.2800064    1.8558253
  78.2900009    1.8451618
  78.3000031    1.8572561
  78.3100052    1.8512695
  78.3200073    1.8510537
  78.3300018    1.8540772
  78.3400040    1.8477534
  78.3500061    1.8342105
  78.3600006    1.8419921
  78.3700027    1.8473468
  78.3800049    1.8361689
  78.3900070    1.8311985
  78.4000015    1.8412077
  78.4100037    1.8352348
  78.4200058    1.8620033
  78.4300003    1.8546016
  78.4400024    1.8758045
  78.4500046    1.8667068
  78.4600067    1.8494742
  78.4700012    1.8278590
  78.4800034    1.8399700
  78.4900055    1.8280804
  78.5000000    1.8172776
  78.5100021    1.8384973
  78.5200043    1.8406775
  78.5300064    1.8625942
  78.5400009    1.8918264
  78.5500031    1.8937805
  78.5600052    1.9060727
  78.5700073    1.9182296
  78.5800018    1.9146940
  78.5900040    1.9074790
  78.6000061    1.9194387
  78.6100006    1.9231044
  78.6200027    1.9589570
  78.6300049    1.9696507
  78.6400070    1.9548639
  78.6500015    1.9189292
  78.6600037    1.9330404
  78.6700058    1.9162771
  78.6800003    1.9104158
  78.6900024    1.8930223
  78.7000046    1.8746334
  78.7100067    1.8656231
  78.7200012    1.8818961
  78.7300034    1.8678664
  78.7400055    1.8502358
  78.7500000    1.8374690
  78.7600021    1.8642120
  78.7700043    1.8555495
  78.7800064    1.8497356
  78.7900009    1.8387048
  78.8000031    1.8506414
  78.8100052    1.8736392
  78.8200073    1.8876133
  78.8300018    1.8839180
  78.8400040    1.8973076
  78.8500061    1.9088075
  78.8600006    1.8739508
  78.8700027    1.8576585
  78.8800049    1.8730328
  78.8900070    1.8879284
  78.9000015    1.8940618
  78.9100037    1.8919996
  78.9200058    1.8878931
  78.9300003    1.8699069
  78.9400024    1.8895862
  78.9500046    1.8634205
  78.9600067    1.8881261
  78.9700012    1.9006206
  78.9800034    1.8900367
  78.9900055    1.9136436
  79.0000000    1.9184592
  79.0100021    1.9107192
  79.0200043    1.9101492
  79.0300064    1.8980424
  79.0400009    1.9100438
  79.0500031    1.8954285
  79.0600052    1.9110878
  79.0700073    1.9124712
  79.0800018    1.8896058
  79.0900040    1.9009180
  79.1000061    1.8926330
  79.1100006    1.8807364
  79.1200027    1.8785599
  79.1300049    1.8969399
  79.1400070    1.8981820
  79.1500015    1.9170492
  79.1600037    1.9228123
  79.1700058    1.9337589
  79.1800003    1.9423172
  79.1900024    1.9258372
  79.2000046    1.9069364
  79.2100067    1.8888427
  79.2200012    1.8876129
  79.2300034    1.8958910
  79.2400055    1.9053429
  79.2500000    1.9047408
  79.2600021    1.9054468
  79.2700043    1.9438884
  79.2800064    1.9471269
  79.2900009    1.9374614
  79.3000031    1.9113973
  79.3100052    1.8731706
  79.3200073    1.8619192
  79.3300018    1.8471888
  79.3400040    1.8512019
  79.3500061    1.8359578
  79.3600006    1.8046039
  79.3700027    1.8018184
  79.3800049    1.7957797
  79.3900070    1.8106244
  79.4000015    1.8313578
  79.4100037    1.8569889
  79.4200058    1.8513575
  79.4300003    1.8382252
  79.4400024    1.8302763
  79.4500046    1.8556343
  79.4600067    1.8510479
  79.4700012    1.8592266
  79.4800034    1.8526409
  79.4900055    1.8440486
  79.5000000    1.8532915
  79.5100021    1.8428911
  79.5200043    1.8380380
  79.5300064    1.8417224
  79.5400009    1.8328282
  79.5500031    1.8133780
  79.5600052    1.8412666
  79.5700073    1.8560573
  79.5800018    1.8780185
  79.5900040    1.8806771
  79.6000061    1.8993958
  79.6100006    1.9154668
  79.6200027    1.9273061
  79.6300049    1.9377040
  79.6400070    1.9349574
  79.6500015    1.9195694
  79.6600037    1.8910549
  79.6700058    1.9012343
  79.6800003    1.9025661
  79.6900024    1.8897718
  79.7000046    1.8987484
  79.7100067    1.9002836
  79.7200012    1.8801355
  79.7300034    1.8751090
  79.7400055    1.8756270
  79.7500000    1.8755316
  79.7600021    1.8874822
  79.7700043    1.8981010
  79.7800064    1.8829896
  79.7900009    1.8776921
  79.8000031    1.8885548
  79.8100052    1.8660637
  79.8200073    1.8753480
  79.8300018    1.8857439
  79.8400040    1.8830786
  79.8500061    1.8764672
  79.8600006    1.8591030
  79.8700027    1.8628452
  79.8800049    1.8661718
  79.8900070    1.8863182
  79.9000015    1.8645971
  79.9100037    1.8560421
  79.9200058    1.8470602
  79.9300003    1.8945988
  79.9400024    1.9018879
  79.9500046    1.8844721
  79.9600067    1.8729757
  79.9700012    1.8718572
  79.9800034    1.8628634
  79.9900055    1.8377410
  80.0000000    1.8090197
  80.0100021    1.8329263
  80.0200043    1.8486935
  80.0300064    1.8532290
  80.0400009    1.8485892
  80.0500031    1.8522716
  80.0600052    1.8402958
  80.0700073    1.8477461
  80.0800018    1.8438468
  80.0900040    1.8424157
  80.1000061    1.8240001
  80.1100006    1.8021176
  80.1200027    1.7936219
  80.1300049    1.7999777
  80.1400070    1.8096216
  80.1500015    1.8193920
  80.1600037    1.8320975
  80.1700058    1.8196731
  80.1800003    1.8293687
  80.1900024    1.8501779
  80.2000046    1.8390516
  80.2100067    1.8513911
  80.2200012    1.8524998
  80.2300034    1.8514862
  80.2400055    1.8600736
  80.2500000    1.8584975
  80.2600021    1.8538061
  80.2700043    1.8335184
  80.2800064    1.8395479
  80.2900009    1.9043630
  80.3000031    1.9123119
  80.3100052    1.8847369
  80.3200073    1.8861058
  80.3300018    1.8691987
  80.3400040    1.8768829
  80.3500061    1.8616718
  80.3600006    1.8808777
  80.3700027    1.8652278
  80.3800049    1.8346237
  80.3900070    1.8442794
  80.4000015    1.8480489
  80.4100037    1.8704649
  80.4200058    1.8569858
  80.4300003    1.8590360
  80.4400024    1.8763951
  80.4500046    1.8732924
  80.4600067    1.8885180
  80.4700012    1.9020431
  80.4800034    1.8963821
  80.4900055    1.8894422
  80.5000076    1.9111739
  80.5100021    1.9057106
  80.5200043    1.9031385
  80.5300064    1.8935847
  80.5400009    1.8932985
  80.5500031    1.8943073
  80.5600052    1.8904392
  80.5700073    1.8956596
  80.5800018    1.8907409
  80.5900040    1.8976345
  80.6000061    1.8860284
  80.6100006    1.8702760
  80.6200027    1.8745345
  80.6300049    1.8892013
  80.6400070    1.9041755
  80.6500015    1.9292506
  80.6600037    1.9223002
  80.6700058    1.9242767
  80.6800003    1.9175544
  80.6900024    1.9010297
  80.7000046    1.8781786
  80.7100067    1.8701087
  80.7200012    1.8684497
  80.7300034    1.8782606
  80.7400055    1.8913813
  80.7500076    1.8981394
  80.7600021    1.8890841
  80.7700043    1.8866729
  80.7800064    1.8886641
  80.7900009    1.8895990
  80.8000031    1.9069237
  80.8100052    1.8802474
  80.8200073    1.8906517
  80.8300018    1.9166362
  80.8400040    1.9295136
  80.8500061    1.9221033
  80.8600006    1.9391012
  80.8700027    1.9101474
  80.8800049    1.8954419
  80.8900070    1.8765930
  80.9000015    1.8969234
  80.9100037    1.8859285
  80.9200058    1.8946179
  80.9300003    1.8928449
  80.9400024    1.8666362
  80.9500046    1.8631060
  80.9600067    1.8645642
  80.9700012    1.8405244
  80.9800034    1.8543888
  80.9900055    1.8621682
  81.0000076    1.8446593
  81.0100021    1.8384347
  81.0200043    1.8519830
  81.0300064    1.8480954
  81.0400009    1.8466130
  81.0500031    1.8361844
  81.0600052    1.8386390
  81.0700073    1.8223997
  81.0800018    1.8193870
  81.0900040    1.8321396
  81.1000061    1.8240569
  81.1100006    1.8134792
  81.1200027    1.8058242
  81.1300049    1.8252213
  81.1400070    1.8389525
  81.1500015    1.8124329
  81.1600037    1.8157223
  81.1700058    1.8333616
  81.1800003    1.8494117
  81.1900024    1.8328236
  81.2000046    1.8327188
  81.2100067    1.8264219
  81.2200012    1.8453622
  81.2300034    1.8445543
  81.2400055    1.8555385
  81.2500076    1.8772045
  81.2600021    1.8953006
  81.2700043    1.8908298
  81.2800064    1.8859168
  81.2900009    1.8836404
  81.3000031    1.8753349
  81.3100052    1.8807817
  81.3200073    1.9057631
  81.3300018    1.8838891
  81.3400040    1.8859750
  81.3500061    1.8992155
  81.3600006    1.8858901
  81.3700027    1.8772650
  81.3800049    1.8917799
  81.3900070    1.8997424
  81.4000015    1.8821568
  81.4100037    1.8808209
  81.4200058    1.8846091
  81.4300003    1.8875597
  81.4400024    1.9101555
  81.4500046    1.9200282
  81.4600067    1.9268355
  81.4700012    1.9185282
  81.4800034    1.9082229
  81.4900055    1.8984344
  81.5000076    1.9014997
  81.5100021    1.8962189
  81.5200043    1.8944657
  81.5300064    1.9022894
  81.5400009    1.8823341
  81.5500031    1.8628768
  81.5600052    1.8489624
  81.5700073    1.8690988
  81.5800018    1.8471857
  81.5900040    1.8588372
  81.6000061    1.8499236
  81.6100006    1.8523698
  81.6200027    1.8569310
  81.6300049    1.8857546
  81.6400070    1.8716673
  81.6500015    1.8228184
  81.6600037    1.8373502
  81.6700058    1.8242872
  81.6800003    1.8419613
  81.6900024    1.8242918
  81.7000046    1.8033265
  81.7100067    1.8041744
  81.7200012    1.8042608
  81.7300034    1.8191617
  81.7400055    1.8517631
  81.7500076    1.8486711
  81.7600021    1.8550724
  81.7700043    1.8561416
  81.7800064    1.8651342
  81.7900009    1.8750492
  81.8000031    1.8688154
  81.8100052    1.8807331
  81.8200073    1.8737031
  81.8300018    1.9064232
  81.8400040    1.9223802
  81.8500061    1.9166285
  81.8600006    1.9096154
  81.8700027    1.9252901
  81.8800049    1.9433298
  81.8900070    1.9478592
  81.9000015    1.9506485
  81.9100037    1.9576207
  81.9200058    1.9566568
  81.9300003    1.9441036
  81.9400024    1.9158323
  81.9500046    1.9376161
  81.9600067    1.9564579
  81.9700012    1.9631954
  81.9800034    1.9433135
  81.9900055    1.9288160
  82.0000076    1.9221077
  82.0100021    1.9132270
  82.0200043    1.9200904
  82.0300064    1.8914849
  82.0400009    1.8794280
  82.0500031    1.8847853
  82.0600052    1.8949825
  82.0700073    1.8938053
  82.0800018    1.8689454
  82.0900040    1.8869495
  82.1000061    1.9106375
  82.1100006    1.9091575
  82.1200027    1.9088285
  82.1300049    1.9130343
  82.1400070    1.8915395
  82.1500015    1.9158156
  82.1600037    1.9036870
  82.1700058    1.9062004
  82.1800003    1.9240518
  82.1900024    1.9457933
  82.2000046    1.9192612
  82.2100067    1.9028918
  82.2200012    1.9037956
  82.2300034    1.8997149
  82.2400055    1.9108894
  82.2500076    1.9235117
  82.2600021    1.9195111
  82.2700043    1.9105766
  82.2800064    1.9126537
  82.2900009    1.9024566
  82.3000031    1.8925917
  82.3100052    1.9039935
  82.3200073    1.9071978
  82.3300018    1.8992859
  82.3400040    1.8961443
  82.3500061    1.8931888
  82.3600006    1.8898222
  82.3700027    1.8672508
  82.3800049    1.8532308
  82.3900070    1.8775947
  82.4000015    1.8885539
  82.4100037    1.8847533
  82.4200058    1.8873193
  82.4300003    1.8887678
  82.4400024    1.8800977
  82.4500046    1.8996897
  82.4600067    1.9078090
  82.4700012    1.9151089
  82.4800034    1.9091336
  82.4900055    1.9316217
  82.5000076    1.9397882
  82.5100021    1.9518454
  82.5200043    1.9518672
  82.5300064    1.9478933
  82.5400009    1.9515866
  82.5500031    1.9214933
  82.5600052    1.9197021
  82.5700073    1.9342276
  82.5800018    1.9377197
  82.5900040    1.9393492
  82.6000061    1.9243689
  82.6100006    1.8878230
  82.6200027    1.8933520
  82.6300049    1.9079300
  82.6400070    1.8995352
  82.6500015    1.8952008
  82.6600037    1.8984853
  82.6700058    1.8863317
  82.6800003    1.8816015
  82.6900024    1.8619286
  82.7000046    1.8516318
  82.7100067    1.8403879
  82.7200012    1.8610352
  82.7300034    1.8628787
  82.7400055    1.8528810
  82.7500076    1.8480896
  82.7600021    1.8184793
  82.7700043    1.7833788
  82.7800064    1.7846812
  82.7900009    1.8179654
  82.8000031    1.8207824
  82.8100052    1.8318849
  82.8200073    1.8500000
  82.8300018    1.8327256
  82.8400040    1.8243582
  82.8500061    1.8194644
  82.8600006    1.8079954
  82.8700027    1.8014270
  82.8800049    1.7939007
  82.8900070    1.7831968
  82.9000015    1.7889396
  82.9100037    1.8106138
  82.9200058    1.8452158
  82.9300003    1.8488336
  82.9400024    1.8458956
  82.9500046    1.8510673
  82.9600067    1.8487217
  82.9700012    1.8315548
  82.9800034    1.8398819
  82.9900055    1.8227527
  83.0000076    1.8041855
  83.0100021    1.7975121
  83.0200043    1.7855331
  83.0300064    1.7755831
  83.0400009    1.7966828
  83.0500031    1.7981216
  83.0600052    1.8204939
  83.0700073    1.8047187
  83.0800018    1.7871376
  83.0900040    1.7546080
  83.1000061    1.7606812
  83.1100006    1.7728361
  83.1200027    1.7679373
  83.1300049    1.7855135
  83.1400070    1.7906511
  83.1500015    1.7979778
  83.1600037    1.8143512
  83.1700058    1.8148175
  83.1800003    1.8411330
  83.1900024    1.8455443
  83.2000046    1.8390090
  83.2100067    1.8315307
  83.2200012    1.8205673
  83.2300034    1.8236624
  83.2400055    1.8174217
  83.2500076    1.8197011
  83.2600021    1.8286343
  83.2700043    1.8175226
  83.2800064    1.8558674
  83.2900009    1.8348124
  83.3000031    1.8255923
  83.3100052    1.8161223
  83.3200073    1.8020411
  83.3300018    1.8011914
  83.3400040    1.8093362
  83.3500061    1.8065372
  83.3600006    1.7965358
  83.3700027    1.8215843
  83.3800049    1.8418121
  83.3900070    1.8530177
  83.4000015    1.8595494
  83.4100037    1.8391595
  83.4200058    1.8286161
  83.4300003    1.7973765
  83.4400024    1.8002690
  83.4500046    1.8170154
  83.4600067    1.8550441
  83.4700012    1.8408272
  83.4800034    1.8419110
  83.4900055    1.8542025
  83.5000076    1.8412408
  83.5100021    1.8167269
  83.5200043    1.8104354
  83.5300064    1.7927734
  83.5400009    1.7973402
  83.5500031    1.7803791
  83.5600052    1.8064672
  83.5700073    1.8073174
  83.5800018    1.7793975
  83.5900040    1.7681885
  83.6000061    1.7991835
  83.6100006    1.7897136
  83.6200027    1.7961364
  83.6300049    1.8028176
  83.6400070    1.8120058
  83.6500015    1.8096200
  83.6600037    1.8100029
  83.6700058    1.8034232
  83.6800003    1.7955530
  83.6900024    1.8066444
  83.7000046    1.7924504
  83.7100067    1.7747703
  83.7200012    1.7762418
  83.7300034    1.7717438
  83.7400055    1.7552913
  83.7500076    1.7438828
  83.7600021    1.7479035
  83.7700043    1.7500278
  83.7800064    1.7606847
  83.7900009    1.7603360
  83.8000031    1.7611539
  83.8100052    1.7891077
  83.8200073    1.7852677
  83.8300018    1.7909091
  83.8400040    1.8059437
  83.8500061    1.7832967
  83.8600006    1.7940140
  83.8700027    1.8149847
  83.8800049    1.8151391
  83.8900070    1.7836967
  83.9000015    1.7653780
  83.9100037    1.7739161
  83.9200058    1.7734647
  83.9300003    1.7799174
  83.9400024    1.7790041
  83.9500046    1.7855119
  83.9600067    1.7782729
  83.9700012    1.7824714
  83.9800034    1.7743552
  83.9900055    1.8002607
  84.0000076    1.7571170
  84.0100021    1.7404609
  84.0200043    1.7511445
  84.0300064    1.7607645
  84.0400009    1.7342727
  84.0500031    1.7573774
  84.0600052    1.7840571
  84.0700073    1.7763246
  84.0800018    1.7537733
  84.0900040    1.7267575
  84.1000061    1.7122062
  84.1100006    1.7120798
  84.1200027    1.7420357
  84.1300049    1.7198966
  84.1400070    1.7394199
  84.1500015    1.7361634
  84.1600037    1.7251022
  84.1700058    1.7538872
  84.1800003    1.7684433
  84.1900024    1.7770628
  84.2000046    1.7778634
  84.2100067    1.7714779
  84.2200012    1.7632896
  84.2300034    1.7329677
  84.2400055    1.7507358
  84.2500076    1.7665933
  84.2600021    1.7826264
  84.2700043    1.7623812
  84.2800064    1.7681652
  84.2900009    1.7984905
  84.3000031    1.7985929
  84.3100052    1.7830005
  84.3200073    1.7943805
  84.3300018    1.7946018
  84.3400040    1.7872851
  84.3500061    1.7760210
  84.3600006    1.7704889
  84.3700027    1.7730324
  84.3800049    1.7711875
  84.3900070    1.8102044
  84.4000015    1.8219802
  84.4100037    1.8202229
  84.4200058    1.8383374
  84.4300003    1.8674271
  84.4400024    1.8863734
  84.4500046    1.8576983
  84.4600067    1.8496274
  84.4700012    1.8458374
  84.4800034    1.8377758
  84.4900055    1.8311516
  84.5000076    1.8529350
  84.5100021    1.8488659
  84.5200043    1.8528967
  84.5300064    1.8344469
  84.5400009    1.8568673
  84.5500031    1.8577814
  84.5600052    1.8723484
  84.5700073    1.8799380
  84.5800018    1.8674275
  84.5900040    1.8626786
  84.6000061    1.8690503
  84.6100006    1.8605921
  84.6200027    1.8553412
  84.6300049    1.8511024
  84.6400070    1.8713695
  84.6500015    1.8823634
  84.6600037    1.8995881
  84.6700058    1.8894762
  84.6800003    1.8786308
  84.6900024    1.8642927
  84.7000046    1.8510311
  84.7100067    1.8420182
  84.7200012    1.8813896
  84.7300034    1.8738440
  84.7400055    1.8486744
  84.7500076    1.8360037
  84.7600021    1.8397266
  84.7700043    1.8274435
  84.7800064    1.8431085
  84.7900009    1.8619043
  84.8000031    1.8751127
  84.8100052    1.8546175
  84.8200073    1.8256725
  84.8300018    1.8356543
  84.8400040    1.8226130
  84.8500061    1.8172178
  84.8600006    1.8128664
  84.8700027    1.8029238
  84.8800049    1.7750301
  84.8900070    1.7473212
  84.9000015    1.7467057
  84.9100037    1.7532547
  84.9200058    1.7577846
  84.9300003    1.7641160
  84.9400024    1.7723910
  84.9500046    1.7566758
  84.9600067    1.7614609
  84.9700012    1.8029916
  84.9800034    1.7926356
  84.9900055    1.8076038
  85.0000076    1.7998818
  85.0100021    1.8083338
  85.0200043    1.8143535
  85.0300064    1.8071187
  85.0400009    1.8378401
  85.0500031    1.8339715
  85.0600052    1.8221639
  85.0700073    1.8234528
  85.0800018    1.8243078
  85.0900040    1.8359354
  85.1000061    1.8481224
  85.1100006    1.8735811
  85.1200027    1.8815877
  85.1300049    1.8794215
  85.1400070    1.8869352
  85.1500015    1.8846556
  85.1600037    1.8693559
  85.1700058    1.8754929
  85.1800003    1.8744485
  85.1900024    1.8710145
  85.2000046    1.8405626
  85.2100067    1.8565273
  85.2200012    1.8653055
  85.2300034    1.8567398
  85.2400055    1.8585237
  85.2500076    1.8534319
  85.2600021    1.8555214
  85.2700043    1.8671612
  85.2800064    1.8921940
  85.2900009    1.8927629
  85.3000031    1.8696406
  85.3100052    1.8762516
  85.3200073    1.8628805
  85.3300018    1.8606876
  85.3400040    1.8759276
  85.3500061    1.8755080
  85.3600006    1.8709708
  85.3700027    1.8435559
  85.3800049    1.8567443
  85.3900070    1.8698173
  85.4000015    1.8650119
  85.4100037    1.8873307
  85.4200058    1.9063574
  85.4300003    1.9000531
  85.4400024    1.8985097
  85.4500046    1.8769941
  85.4600067    1.8596992
  85.4700012    1.8787501
  85.4800034    1.8646122
  85.4900055    1.8394220
  85.5000076    1.8543000
  85.5100021    1.8709989
  85.5200043    1.8942242
  85.5300064    1.9085057
  85.5400009    1.9111116
  85.5500031    1.9235334
  85.5600052    1.9096471
  85.5700073    1.9416553
  85.5800018    1.9331889
  85.5900040    1.9354824
  85.6000061    1.9205801
  85.6100006    1.9178442
  85.6200027    1.9222339
  85.6300049    1.9279857
  85.6400070    1.8969713
  85.6500015    1.8768748
  85.6600037    1.8621558
  85.6700058    1.8675942
  85.6800003    1.8553183
  85.6900024    1.8458297
  85.7000046    1.8511220
  85.7100067    1.8344563
  85.7200012    1.8273724
  85.7300034    1.8276924
  85.7400055    1.8400321
  85.7500076    1.8437800
  85.7600021    1.8435687
  85.7700043    1.8356059
  85.7800064    1.8187423
  85.7900009    1.8439064
  85.8000031    1.8551412
  85.8100052    1.8484236
  85.8200073    1.8612403
  85.8300018    1.8364720
  85.8400040    1.8172494
  85.8500061    1.8403862
  85.8600006    1.8237443
  85.8700027    1.8370787
  85.8800049    1.8255794
  85.8900070    1.7891554
  85.9000015    1.7903602
  85.9100037    1.7980837
  85.9200058    1.8053493
  85.9300003    1.8134919
  85.9400024    1.8034018
  85.9500046    1.8059809
  85.9600067    1.8003908
  85.9700012    1.7706542
  85.9800034    1.7930899
  85.9900055    1.7866440
  86.0000076    1.7913053
  86.0100021    1.7827688
  86.0200043    1.7830708
  86.0300064    1.7816770
  86.0400009    1.7908990
  86.0500031    1.7909844
  86.0600052    1.7873769
  86.0700073    1.8086460
  86.0800018    1.8079555
  86.0900040    1.8118298
  86.1000061    1.8081739
  86.1100006    1.8088121
  86.1200027    1.8059930
  86.1300049    1.8240172
  86.1400070    1.8022430
  86.1500015    1.8041718
  86.1600037    1.7967772
  86.1700058    1.7778622
  86.1800003    1.7880883
  86.1900024    1.7586595
  86.2000046    1.7507834
  86.2100067    1.7452645
  86.2200012    1.7681651
  86.2300034    1.7546825
  86.2400055    1.7405677
  86.2500076    1.7506425
  86.2600021    1.7612313
  86.2700043    1.7368952
  86.2800064    1.7364851
  86.2900009    1.7444781
  86.3000031    1.7819467
  86.3100052    1.8075520
  86.3200073    1.7850274
  86.3300018    1.7775813
  86.3400040    1.7819165
  86.3500061    1.7933203
  86.3600006    1.8151778
  86.3700027    1.7894553
  86.3800049    1.8006642
  86.3900070    1.8111055
  86.4000015    1.8133545
  86.4100037    1.8135668
  86.4200058    1.8029643
  86.4300003    1.8048502
  86.4400024    1.8314961
  86.4500046    1.8276628
  86.4600067    1.8313491
  86.4700012    1.8249196
  86.4800034    1.8259726
  86.4900055    1.8199433
  86.5000076    1.8188518
  86.5100021    1.8085468
  86.5200043    1.8151674
  86.5300064    1.7989736
  86.5400009    1.7838216
  86.5500031    1.7812556
  86.5600052    1.7875201
  86.5700073    1.8080736
  86.5800018    1.8125710
  86.5900040    1.8077531
  86.6000061    1.8050214
  86.6100006    1.8035165
  86.6200027    1.7977500
  86.6300049    1.7916080
  86.6400070    1.8010812
  86.6500015    1.7914517
  86.6600037    1.7956829
  86.6700058    1.8006159
  86.6800003    1.7913606
  86.6900024    1.8010383
  86.7000046    1.7986488
  86.7100067    1.8066260
  86.7200012    1.7876508
  86.7300034    1.7774469
  86.7400055    1.7803502
  86.7500076    1.8049622
  86.7600021    1.7999792
  86.7700043    1.7957623
  86.7800064    1.7985712
  86.7900009    1.7902242
  86.8000031    1.7984110
  86.8100052    1.7963648
  86.8200073    1.7904679
  86.8300018    1.7640129
  86.8400040    1.7742071
  86.8500061    1.7792194
  86.8600006    1.7672693
  86.8700027    1.7447604
  86.8800049    1.7524086
  86.8900070    1.7691464
  86.9000015    1.7940547
  86.9100037    1.7699720
  86.9200058    1.7325296
  86.9300079    1.7302762
  86.9400024    1.7420578
  86.9500046    1.7417955
  86.9600067    1.7388605
  86.9700012    1.7547855
  86.9800034    1.7610465
  86.9900055    1.7677380
  87.0000076    1.7709786
  87.0100021    1.7434787
  87.0200043    1.7186873
  87.0300064    1.7034434
  87.0400009    1.7101676
  87.0500031    1.7045417
  87.0600052    1.6843635
  87.0700073    1.7002647
  87.0800018    1.7053353
  87.0900040    1.6778407
  87.1000061    1.6925648
  87.1100006    1.6923586
  87.1200027    1.6764857
  87.1300049    1.6862131
  87.1400070    1.7185041
  87.1500015    1.7095385
  87.1600037    1.7047160
  87.1700058    1.6943312
  87.1800079    1.6951250
  87.1900024    1.6900966
  87.2000046    1.6984590
  87.2100067    1.6843535
  87.2200012    1.6989760
  87.2300034    1.6952012
  87.2400055    1.7086451
  87.2500076    1.7164087
  87.2600021    1.7122098
  87.2700043    1.7131932
  87.2800064    1.7104673
  87.2900009    1.6982455
  87.3000031    1.7028770
  87.3100052    1.7116853
  87.3200073    1.7204643
  87.3300018    1.7132547
  87.3400040    1.7086328
  87.3500061    1.7124635
  87.3600006    1.7213893
  87.3700027    1.7242053
  87.3800049    1.7254421
  87.3900070    1.7159522
  87.4000015    1.6993262
  87.4100037    1.7048396
  87.4200058    1.7022717
  87.4300079    1.7146343
  87.4400024    1.7057955
  87.4500046    1.7154258
  87.4600067    1.7104458
  87.4700012    1.7176738
  87.4800034    1.7009841
  87.4900055    1.7073212
  87.5000076    1.7291131
  87.5100021    1.7292542
  87.5200043    1.7340287
  87.5300064    1.7514119
  87.5400009    1.7377387
  87.5500031    1.7374476
  87.5600052    1.7449005
  87.5700073    1.7355202
  87.5800018    1.7734315
  87.5900040    1.7849816
  87.6000061    1.7998481
  87.6100006    1.7853076
  87.6200027    1.7588102
  87.6300049    1.7620956
  87.6400070    1.7836570
  87.6500015    1.7767211
  87.6600037    1.7760367
  87.6700058    1.7863177
  87.6800079    1.7921847
  87.6900024    1.7733240
  87.7000046    1.7778484
  87.7100067    1.7651284
  87.7200012    1.7657944
  87.7300034    1.7670993
  87.7400055    1.7559344
  87.7500076    1.7398107
  87.7600021    1.7513101
  87.7700043    1.7588810
  87.7800064    1.7394348
  87.7900009    1.7269835
  87.8000031    1.7320660
  87.8100052    1.7389967
  87.8200073    1.7581606
  87.8300018    1.7546605
  87.8400040    1.7625573
  87.8500061    1.7789897
  87.8600006    1.7842075
  87.8700027    1.7522335
  87.8800049    1.7559923
  87.8900070    1.7469202
  87.9000015    1.7284093
  87.9100037    1.7157283
  87.9200058    1.7107322
  87.9300079    1.7049123
  87.9400024    1.6848518
  87.9500046    1.6900692
  87.9600067    1.7004068
  87.9700012    1.6955903
  87.9800034    1.6969714
  87.9900055    1.6985004
  88.0000076    1.6904303
  88.0100021    1.7096487
  88.0200043    1.6958723
  88.0300064    1.7139670
  88.0400009    1.7018963
  88.0500031    1.6958873
  88.0600052    1.6910594
  88.0700073    1.7148544
  88.0800018    1.7195829
  88.0900040    1.7422106
  88.1000061    1.7582335
  88.1100006    1.7531443
  88.1200027    1.7651457
  88.1300049    1.7772422
  88.1400070    1.7812973
  88.1500015    1.7625697
  88.1600037    1.7532365
  88.1700058    1.7663696
  88.1800079    1.7544767
  88.1900024    1.7765791
  88.2000046    1.7539471
  88.2100067    1.7522297
  88.2200012    1.7766954
  88.2300034    1.7519442
  88.2400055    1.7637078
  88.2500076    1.7826958
  88.2600021    1.7861297
  88.2700043    1.7894137
  88.2800064    1.7647014
  88.2900009    1.7872512
  88.3000031    1.7699660
  88.3100052    1.7710963
  88.3200073    1.7761277
  88.3300018    1.7605311
  88.3400040    1.7846445
  88.3500061    1.7963619
  88.3600006    1.7873336
  88.3700027    1.8134451
  88.3800049    1.8054057
  88.3900070    1.7832233
  88.4000015    1.7769443
  88.4100037    1.7765989
  88.4200058    1.7831440
  88.4300079    1.7679653
  88.4400024    1.7639631
  88.4500046    1.7664927
  88.4600067    1.7770910
  88.4700012    1.7518009
  88.4800034    1.7589784
  88.4900055    1.7693639
  88.5000076    1.7752233
  88.5100021    1.7855043
  88.5200043    1.7704865
  88.5300064    1.7762215
  88.5400009    1.7885114
  88.5500031    1.7913133
  88.5600052    1.8050787
  88.5700073    1.7773196
  88.5800018    1.7615726
  88.5900040    1.7466768
  88.6000061    1.7543689
  88.6100006    1.7493483
  88.6200027    1.7477379
  88.6300049    1.7586337
  88.6400070    1.7723701
  88.6500015    1.7672000
  88.6600037    1.7667223
  88.6700058    1.7538211
  88.6800079    1.7640152
  88.6900024    1.7725151
  88.7000046    1.7668272
  88.7100067    1.7788979
  88.7200012    1.8091735
  88.7300034    1.8036317
  88.7400055    1.7916484
  88.7500076    1.7784407
  88.7600021    1.7640221
  88.7700043    1.7577163
  88.7800064    1.7376567
  88.7900009    1.7513813
  88.8000031    1.7674601
  88.8100052    1.7911863
  88.8200073    1.7881539
  88.8300018    1.7779392
  88.8400040    1.7758237
  88.8500061    1.7699473
  88.8600006    1.7796891
  88.8700027    1.7869132
  88.8800049    1.8080201
  88.8900070    1.8057956
  88.9000015    1.8133061
  88.9100037    1.8248255
  88.9200058    1.8234273
  88.9300079    1.7864951
  88.9400024    1.7993535
  88.9500046    1.7829722
  88.9600067    1.7954222
  88.9700012    1.7968675
  88.9800034    1.7872062
  88.9900055    1.7921175
  89.0000076    1.7794309
  89.0100021    1.7819163
  89.0200043    1.7669042
  89.0300064    1.7702157
  89.0400009    1.7701160
  89.0500031    1.7862443
  89.0600052    1.7631501
  89.0700073    1.7699546
  89.0800018    1.7496077
  89.0900040    1.7336268
  89.1000061    1.7286034
  89.1100006    1.7253460
  89.1200027    1.7211617
  89.1300049    1.7047108
  89.1400070    1.7263538
  89.1500015    1.7412795
  89.1600037    1.7552565
  89.1700058    1.7468718
  89.1800079    1.7248821
  89.1900024    1.7417628
  89.2000046    1.7537705
  89.2100067    1.7429538
  89.2200012    1.7444445
  89.2300034    1.7763321
  89.2400055    1.7822640
  89.2500076    1.7789547
  89.2600021    1.7919627
  89.2700043    1.7685682
  89.2800064    1.7434076
  89.2900009    1.7435652
  89.3000031    1.7503927
  89.3100052    1.7423227
  89.3200073    1.7587236
  89.3300018    1.7583680
  89.3400040    1.7348771
  89.3500061    1.7449195
  89.3600006    1.7220750
  89.3700027    1.7218729
  89.3800049    1.7514349
  89.3900070    1.7539698
  89.4000015    1.7713605
  89.4100037    1.7704060
  89.4200058    1.7470677
  89.4300079    1.7439221
  89.4400024    1.7268794
  89.4500046    1.7455963
  89.4600067    1.7577392
  89.4700012    1.7712333
  89.4800034    1.7716355
  89.4900055    1.7712775
  89.5000076    1.7790558
  89.5100021    1.7830445
  89.5200043    1.7935829
  89.5300064    1.7976772
  89.5400009    1.7746487
  89.5500031    1.7650470
  89.5600052    1.7373973
  89.5700073    1.7362424
  89.5800018    1.7150521
  89.5900040    1.7090076
  89.6000061    1.7241235
  89.6100006    1.7389784
  89.6200027    1.7462724
  89.6300049    1.7405781
  89.6400070    1.7406018
  89.6500015    1.7435397
  89.6600037    1.7260069
  89.6700058    1.7017790
  89.6800079    1.6990707
  89.6900024    1.7155825
  89.7000046    1.7117666
  89.7100067    1.6987857
  89.7200012    1.7146531
  89.7300034    1.6953050
  89.7400055    1.7034954
  89.7500076    1.7066809
  89.7600021    1.7036790
  89.7700043    1.6969522
  89.7800064    1.7127944
  89.7900009    1.7265424
  89.8000031    1.7121242
  89.8100052    1.6966727
  89.8200073    1.6986349
  89.8300018    1.7250898
  89.8400040    1.7282631
  89.8500061    1.7140824
  89.8600006    1.7323925
  89.8700027    1.7382244
  89.8800049    1.7193662
  89.8900070    1.7437696
  89.9000015    1.7177850
  89.9100037    1.7067349
  89.9200058    1.7058271
  89.9300079    1.7103359
  89.9400024    1.7150581
  89.9500046    1.7027813
  89.9600067    1.7127562
  89.9700012    1.6981678
  89.9800034    1.6867431
  89.9900055    1.6934168
  90.0000076    1.7067503
  90.0100021    1.7279767
  90.0200043    1.7010363
  90.0300064    1.6788138
  90.0400009    1.6930702
  90.0500031    1.7210964
  90.0600052    1.7161695
  90.0700073    1.6912806
  90.0800018    1.6985174
  90.0900040    1.7328113
  90.1000061    1.7346046
  90.1100006    1.7134805
  90.1200027    1.7216597
  90.1300049    1.7299643
  90.1400070    1.7376852
  90.1500015    1.7317537
  90.1600037    1.7307525
  90.1700058    1.7284377
  90.1800079    1.7093470
  90.1900024    1.7294910
  90.2000046    1.7308182
  90.2100067    1.7297832
  90.2200012    1.7208939
  90.2300034    1.7294046
  90.2400055    1.7263613
  90.2500076    1.7293142
  90.2600021    1.7262911
  90.2700043    1.7240170
  90.2800064    1.7248975
  90.2900009    1.7288806
  90.3000031    1.7270961
  90.3100052    1.7226427
  90.3200073    1.7292787
  90.3300018    1.7241417
  90.3400040    1.7286676
  90.3500061    1.7185390
  90.3600006    1.7373064
  90.3700027    1.7428489
  90.3800049    1.7535241
  90.3900070    1.7651817
  90.4000015    1.7761281
  90.4100037    1.7836480
  90.4200058    1.7912291
  90.4300079    1.7788070
  90.4400024    1.7649391
  90.4500046    1.7512201
  90.4600067    1.7567780
  90.4700012    1.7687011
  90.4800034    1.7865070
  90.4900055    1.7947484
  90.5000076    1.7883046
  90.5100021    1.7684748
  90.5200043    1.7611971
  90.5300064    1.7472802
  90.5400009    1.7541499
  90.5500031    1.7807361
  90.5600052    1.7965213
  90.5700073    1.7758009
  90.5800018    1.7631727
  90.5900040    1.7537224
  90.6000061    1.7171904
  90.6100006    1.6952381
  90.6200027    1.7007594
  90.6300049    1.7171632
  90.6400070    1.7273012
  90.6500015    1.7194203
  90.6600037    1.7156225
  90.6700058    1.7263623
  90.6800079    1.7287650
  90.6900024    1.7119038
  90.7000046    1.7161326
  90.7100067    1.6900765
  90.7200012    1.7049456
  90.7300034    1.6987349
  90.7400055    1.7060381
  90.7500076    1.7206458
  90.7600021    1.7152179
  90.7700043    1.7030972
  90.7800064    1.7008333
  90.7900009    1.7046852
  90.8000031    1.7145251
  90.8100052    1.7631563
  90.8200073    1.7321521
  90.8300018    1.7180153
  90.8400040    1.6933780
  90.8500061    1.6973848
  90.8600006    1.6860834
  90.8700027    1.6730882
  90.8800049    1.6817360
  90.8900070    1.6818187
  90.9000015    1.6851708
  90.9100037    1.6830928
  90.9200058    1.6744174
  90.9300079    1.6704472
  90.9400024    1.6801910
  90.9500046    1.6934341
  90.9600067    1.6739632
  90.9700012    1.7039630
  90.9800034    1.7002786
  90.9900055    1.6997890
  91.0000076    1.6994811
  91.0100021    1.6897365
  91.0200043    1.7226763
  91.0300064    1.7199773
  91.0400009    1.7310528
  91.0500031    1.7396928
  91.0600052    1.7235372
  91.0700073    1.6870400
  91.0800018    1.6667691
  91.0900040    1.6817019
  91.1000061    1.6931788
  91.1100006    1.7196561
  91.1200027    1.7218951
  91.1300049    1.7382601
  91.1400070    1.7555686
  91.1500015    1.7667437
  91.1600037    1.7606957
  91.1700058    1.7579384
  91.1800079    1.7649176
  91.1900024    1.7786996
  91.2000046    1.7610624
  91.2100067    1.7578728
  91.2200012    1.7393855
  91.2300034    1.7182598
  91.2400055    1.7048428
  91.2500076    1.6744747
  91.2600021    1.6835972
  91.2700043    1.6871525
  91.2800064    1.6843647
  91.2900009    1.7024915
  91.3000031    1.7068989
  91.3100052    1.7089133
  91.3200073    1.7246082
  91.3300018    1.7271761
  91.3400040    1.7174140
  91.3500061    1.7490484
  91.3600006    1.7573712
  91.3700027    1.7793144
  91.3800049    1.7651421
  91.3900070    1.7753006
  91.4000015    1.7601671
  91.4100037    1.7681359
  91.4200058    1.7586901
  91.4300079    1.7571144
  91.4400024    1.7660619
  91.4500046    1.7954268
  91.4600067    1.8088437
  91.4700012    1.8291670
  91.4800034    1.8443830
  91.4900055    1.8405763
  91.5000076    1.8354082
  91.5100021    1.8588672
  91.5200043    1.8541435
  91.5300064    1.8440366
  91.5400009    1.8291206
  91.5500031    1.8418710
  91.5600052    1.8162445
  91.5700073    1.8114383
  91.5800018    1.8200870
  91.5900040    1.8064523
  91.6000061    1.8137385
  91.6100006    1.8061204
  91.6200027    1.8132881
  91.6300049    1.8013295
  91.6400070    1.8294922
  91.6500015    1.8349352
  91.6600037    1.8281094
  91.6700058    1.8361905
  91.6800079    1.8577648
  91.6900024    1.8665688
  91.7000046    1.8812301
  91.7100067    1.8727988
  91.7200012    1.8765050
  91.7300034    1.8711340
  91.7400055    1.8647524
  91.7500076    1.8606396
  91.7600021    1.8693464
  91.7700043    1.8469645
  91.7800064    1.8402615
  91.7900009    1.8275040
  91.8000031    1.8300868
  91.8100052    1.8461269
  91.8200073    1.8121896
  91.8300018    1.8089567
  91.8400040    1.7960913
  91.8500061    1.8003671
  91.8600006    1.8137619
  91.8700027    1.7971659
  91.8800049    1.7889522
  91.8900070    1.8084980
  91.9000015    1.8127121
  91.9100037    1.8150121
  91.9200058    1.8251042
  91.9300079    1.8238378
  91.9400024    1.8024852
  91.9500046    1.8039091
  91.9600067    1.7910810
  91.9700012    1.7731069
  91.9800034    1.7806174
  91.9900055    1.7739798
  92.0000076    1.7662444
  92.0100021    1.7387977
  92.0200043    1.7449728
  92.0300064    1.7674195
  92.0400009    1.7654034
  92.0500031    1.7552575
  92.0600052    1.7534672
  92.0700073    1.7677829
  92.0800018    1.7596755
  92.0900040    1.7647059
  92.1000061    1.7518116
  92.1100006    1.7531630
  92.1200027    1.7531314
  92.1300049    1.7455765
  92.1400070    1.7399135
  92.1500015    1.7517376
  92.1600037    1.7527070
  92.1700058    1.7454145
  92.1800079    1.7562239
  92.1900024    1.7447013
  92.2000046    1.7620591
  92.2100067    1.7556171
  92.2200012    1.7478951
  92.2300034    1.7229002
  92.2400055    1.7427989
  92.2500076    1.7408458
  92.2600021    1.7211517
  92.2700043    1.7055776
  92.2800064    1.7160232
  92.2900009    1.7035013
  92.3000031    1.7154027
  92.3100052    1.7225550
  92.3200073    1.7034532
  92.3300018    1.7208648
  92.3400040    1.7115794
  92.3500061    1.7005918
  92.3600006    1.7045770
  92.3700027    1.6885651
  92.3800049    1.7014567
  92.3900070    1.7282556
  92.4000015    1.7161695
  92.4100037    1.7107364
  92.4200058    1.7155123
  92.4300079    1.7183549
  92.4400024    1.7087134
  92.4500046    1.7093014
  92.4600067    1.6806049
  92.4700012    1.6610188
  92.4800034    1.6604027
  92.4900055    1.6601480
  92.5000076    1.6729069
  92.5100021    1.6641212
  92.5200043    1.6690860
  92.5300064    1.6915194
  92.5400009    1.6901616
  92.5500031    1.6708258
  92.5600052    1.6689663
  92.5700073    1.6955224
  92.5800018    1.6859159
  92.5900040    1.6855748
  92.6000061    1.6916703
  92.6100006    1.7021804
  92.6200027    1.7004690
  92.6300049    1.6908541
  92.6400070    1.6928910
  92.6500015    1.6909121
  92.6600037    1.6810875
  92.6700058    1.7121750
  92.6800079    1.7188258
  92.6900024    1.7230973
  92.7000046    1.7224391
  92.7100067    1.7248482
  92.7200012    1.7367197
  92.7300034    1.7324212
  92.7400055    1.7498531
  92.7500076    1.7470754
  92.7600021    1.7390561
  92.7700043    1.7480820
  92.7800064    1.7278957
  92.7900009    1.7485602
  92.8000031    1.7297860
  92.8100052    1.7169515
  92.8200073    1.7072268
  92.8300018    1.7182851
  92.8400040    1.7130923
  92.8500061    1.6875054
  92.8600006    1.6945055
  92.8700027    1.7039744
  92.8800049    1.6956414
  92.8900070    1.7295791
  92.9000015    1.7185540
  92.9100037    1.7217476
  92.9200058    1.7275605
  92.9300079    1.7369145
  92.9400024    1.7698809
  92.9500046    1.7537616
  92.9600067    1.7248613
  92.9700012    1.7075498
  92.9800034    1.7272925
  92.9900055    1.7152489
  93.0000076    1.7099808
  93.0100021    1.6980463
  93.0200043    1.6946753
  93.0300064    1.6848246
  93.0400009    1.6737870
  93.0500031    1.6691705
  93.0600052    1.6776539
  93.0700073    1.6822231
  93.0800018    1.6828170
  93.0900040    1.6816618
  93.1000061    1.6757998
  93.1100006    1.6946918
  93.1200027    1.6701158
  93.1300049    1.6697869
  93.1400070    1.6709433
  93.1500015    1.6657925
  93.1600037    1.6681033
  93.1700058    1.6476531
  93.1800079    1.6622673
  93.1900024    1.6532655
  93.2000046    1.6475598
  93.2100067    1.6629096
  93.2200012    1.6346303
  93.2300034    1.6595756
  93.2400055    1.6642370
  93.2500076    1.6695224
  93.2600021    1.6907609
  93.2700043    1.7100680
  93.2800064    1.6962192
  93.2900009    1.6794766
  93.3000031    1.6763477
  93.3100052    1.6721060
  93.3200073    1.6727420
  93.3300018    1.6962097
  93.3400040    1.7307713
  93.3500061    1.7241884
  93.3600082    1.7071713
  93.3700027    1.7001522
  93.3800049    1.6904165
  93.3900070    1.6705561
  93.4000015    1.6493671
  93.4100037    1.6649116
  93.4200058    1.6820773
  93.4300079    1.6633486
  93.4400024    1.6598346
  93.4500046    1.6665456
  93.4600067    1.6828102
  93.4700012    1.7005143
  93.4800034    1.7159977
  93.4900055    1.7258539
  93.5000076    1.7160110
  93.5100021    1.7384480
  93.5200043    1.7302623
  93.5300064    1.7233772
  93.5400009    1.7058753
  93.5500031    1.7099308
  93.5600052    1.7129380
  93.5700073    1.7250446
  93.5800018    1.7370759
  93.5900040    1.7239482
  93.6000061    1.7310706
  93.6100082    1.7368369
  93.6200027    1.7330132
  93.6300049    1.7379616
  93.6400070    1.7518429
  93.6500015    1.7496415
  93.6600037    1.7334011
  93.6700058    1.7355802
  93.6800079    1.7444843
  93.6900024    1.7377310
  93.7000046    1.7400159
  93.7100067    1.7627959
  93.7200012    1.7949082
  93.7300034    1.7860396
  93.7400055    1.7662580
  93.7500076    1.7567968
  93.7600021    1.7446668
  93.7700043    1.7506212
  93.7800064    1.7652447
  93.7900009    1.7669585
  93.8000031    1.7725320
  93.8100052    1.7894601
  93.8200073    1.8128275
  93.8300018    1.8116472
  93.8400040    1.8152688
  93.8500061    1.7752111
  93.8600082    1.7561250
  93.8700027    1.7545087
  93.8800049    1.7484704
  93.8900070    1.7411587
  93.9000015    1.7355778
  93.9100037    1.7292488
  93.9200058    1.7232194
  93.9300079    1.7272972
  93.9400024    1.7362210
  93.9500046    1.7352896
  93.9600067    1.7391200
  93.9700012    1.7393036
  93.9800034    1.7076659
  93.9900055    1.7139615
  94.0000076    1.7114784
  94.0100021    1.7350849
  94.0200043    1.7386032
  94.0300064    1.7421222
  94.0400009    1.7617488
  94.0500031    1.7498562
  94.0600052    1.7464657
  94.0700073    1.7380677
  94.0800018    1.7354766
  94.0900040    1.7316432
  94.1000061    1.7358974
  94.1100082    1.7485635
  94.1200027    1.7638793
  94.1300049    1.7620939
  94.1400070    1.7612416
  94.1500015    1.7668583
  94.1600037    1.7603039
  94.1700058    1.7679640
  94.1800079    1.7666186
  94.1900024    1.7677553
  94.2000046    1.7493138
  94.2100067    1.7410008
  94.2200012    1.7499321
  94.2300034    1.7620178
  94.2400055    1.7537676
  94.2500076    1.7489712
  94.2600021    1.7665259
  94.2700043    1.7778126
  94.2800064    1.7773551
  94.2900009    1.7819043
  94.3000031    1.7814074
  94.3100052    1.7866040
  94.3200073    1.7928355
  94.3300018    1.7888989
  94.3400040    1.7576369
  94.3500061    1.7482830
  94.3600082    1.7489682
  94.3700027    1.7368615
  94.3800049    1.7207439
  94.3900070    1.7258613
  94.4000015    1.7260879
  94.4100037    1.7478616
  94.4200058    1.7444893
  94.4300079    1.7566589
  94.4400024    1.7699596
  94.4500046    1.7751546
  94.4600067    1.7467277
  94.4700012    1.7879705
  94.4800034    1.7903265
  94.4900055    1.7899319
  94.5000076    1.7793140
  94.5100021    1.7787793
  94.5200043    1.7681590
  94.5300064    1.7571517
  94.5400009    1.7484298
  94.5500031    1.7338625
  94.5600052    1.7425361
  94.5700073    1.7444043
  94.5800018    1.7477875
  94.5900040    1.7410518
  94.6000061    1.7330573
  94.6100082    1.7473661
  94.6200027    1.7680113
  94.6300049    1.7673850
  94.6400070    1.7456679
  94.6500015    1.7333581
  94.6600037    1.7362794
  94.6700058    1.7404432
  94.6800079    1.7165897
  94.6900024    1.7097721
  94.7000046    1.7241164
  94.7100067    1.7427655
  94.7200012    1.7239536
  94.7300034    1.7371054
  94.7400055    1.7198786
  94.7500076    1.7159585
  94.7600021    1.7230541
  94.7700043    1.7225515
  94.7800064    1.7207417
  94.7900009    1.6985521
  94.8000031    1.7275203
  94.8100052    1.7491307
  94.8200073    1.7546965
  94.8300018    1.7537313
  94.8400040    1.7718954
  94.8500061    1.7771031
  94.8600082    1.7770551
  94.8700027    1.7969520
  94.8800049    1.8173969
  94.8900070    1.8039606
  94.9000015    1.8066581
  94.9100037    1.7613424
  94.9200058    1.7833773
  94.9300079    1.7715764
  94.9400024    1.7688556
  94.9500046    1.7785841
  94.9600067    1.7774454
  94.9700012    1.7918869
  94.9800034    1.7893791
  94.9900055    1.7852104
  95.0000076    1.7883210
  95.0100021    1.7985663
  95.0200043    1.7853091
  95.0300064    1.7600960
  95.0400009    1.7665540
  95.0500031    1.7679662
  95.0600052    1.7916890
  95.0700073    1.7996300
  95.0800018    1.8206810
  95.0900040    1.8163569
  95.1000061    1.7802819
  95.1100082    1.7890393
  95.1200027    1.7813573
  95.1300049    1.7653065
  95.1400070    1.7522192
  95.1500015    1.7700428
  95.1600037    1.7690117
  95.1700058    1.7757078
  95.1800079    1.7567871
  95.1900024    1.7395380
  95.2000046    1.7428088
  95.2100067    1.7602707
  95.2200012    1.7503515
  95.2300034    1.7597558
  95.2400055    1.7656556
  95.2500076    1.7958544
  95.2600021    1.7846825
  95.2700043    1.8099457
  95.2800064    1.8163106
  95.2900009    1.8172776
  95.3000031    1.8310199
  95.3100052    1.8269807
  95.3200073    1.8145522
  95.3300018    1.8051642
  95.3400040    1.8067087
  95.3500061    1.7697448
  95.3600082    1.7676938
  95.3700027    1.7652353
  95.3800049    1.7975959
  95.3900070    1.7953526
  95.4000015    1.7674177
  95.4100037    1.7779758
  95.4200058    1.7997355
  95.4300079    1.7999992
  95.4400024    1.8132408
  95.4500046    1.7868881
  95.4600067    1.7549670
  95.4700012    1.7615070
  95.4800034    1.7746561
  95.4900055    1.7802378
  95.5000076    1.7734492
  95.5100021    1.7810113
  95.5200043    1.7453176
  95.5300064    1.7366289
  95.5400009    1.7239273
  95.5500031    1.7193642
  95.5600052    1.7201073
  95.5700073    1.7084339
  95.5800018    1.7027858
  95.5900040    1.7055706
  95.6000061    1.6834147
  95.6100082    1.6846768
  95.6200027    1.6829522
  95.6300049    1.6867836
  95.6400070    1.7200625
  95.6500015    1.7117889
  95.6600037    1.7152712
  95.6700058    1.7179637
  95.6800079    1.7183523
  95.6900024    1.7324197
  95.7000046    1.7339483
  95.7100067    1.7299708
  95.7200012    1.7594413
  95.7300034    1.7462999
  95.7400055    1.7632308
  95.7500076    1.7767071
  95.7600021    1.7619758
  95.7700043    1.7708678
  95.7800064    1.7877418
  95.7900009    1.7835059
  95.8000031    1.7877960
  95.8100052    1.8172894
  95.8200073    1.7923068
  95.8300018    1.7779855
  95.8400040    1.8055369
  95.8500061    1.7802770
  95.8600082    1.7825116
  95.8700027    1.7850283
  95.8800049    1.7722471
  95.8900070    1.7766167
  95.9000015    1.7431778
  95.9100037    1.7524493
  95.9200058    1.7542369
  95.9300079    1.7725623
  95.9400024    1.7868981
  95.9500046    1.8113990
  95.9600067    1.7978730
  95.9700012    1.7876251
  95.9800034    1.7839555
  95.9900055    1.7940162
  96.0000076    1.8194934
  96.0100021    1.8202106
  96.0200043    1.8097267
  96.0300064    1.7886740
  96.0400009    1.7936432
  96.0500031    1.7754307
  96.0600052    1.7625767
  96.0700073    1.7752525
  96.0800018    1.7740544
  96.0900040    1.7916826
  96.1000061    1.8017790
  96.1100082    1.8211766
  96.1200027    1.8097895
  96.1300049    1.8094969
  96.1400070    1.8016379
  96.1500015    1.8188602
  96.1600037    1.8090930
  96.1700058    1.8429898
  96.1800079    1.8223916
  96.1900024    1.8404025
  96.2000046    1.8344975
  96.2100067    1.8422590
  96.2200012    1.8545934
  96.2300034    1.8516654
  96.2400055    1.8519199
  96.2500076    1.8361013
  96.2600021    1.8401735
  96.2700043    1.8349979
  96.2800064    1.8245631
  96.2900009    1.8190085
  96.3000031    1.8159940
  96.3100052    1.8408152
  96.3200073    1.8366727
  96.3300018    1.8258340
  96.3400040    1.8421553
  96.3500061    1.8236305
  96.3600082    1.8274804
  96.3700027    1.8210943
  96.3800049    1.8214884
  96.3900070    1.8281870
  96.4000015    1.8479041
  96.4100037    1.8268323
  96.4200058    1.8394938
  96.4300079    1.8526162
  96.4400024    1.8722333
  96.4500046    1.8802648
  96.4600067    1.8750271
  96.4700012    1.8726257
  96.4800034    1.8726063
  96.4900055    1.8434365
  96.5000076    1.8459468
  96.5100021    1.8285359
  96.5200043    1.8247606
  96.5300064    1.8077416
  96.5400009    1.8257682
  96.5500031    1.8115321
  96.5600052    1.8183597
  96.5700073    1.8235246
  96.5800018    1.8038898
  96.5900040    1.7877474
  96.6000061    1.7876344
  96.6100082    1.7987988
  96.6200027    1.8224894
  96.6300049    1.8284569
  96.6400070    1.8205625
  96.6500015    1.8317623
  96.6600037    1.8416713
  96.6700058    1.8462315
  96.6800079    1.8722032
  96.6900024    1.8706063
  96.7000046    1.8998722
  96.7100067    1.9151734
  96.7200012    1.9277630
  96.7300034    1.9225888
  96.7400055    1.9034038
  96.7500076    1.8969972
  96.7600021    1.8938063
  96.7700043    1.8850740
  96.7800064    1.8765689
  96.7900009    1.8667969
  96.8000031    1.8707199
  96.8100052    1.8544194
  96.8200073    1.8615638
  96.8300018    1.8670552
  96.8400040    1.8564110
  96.8500061    1.8623819
  96.8600082    1.8721735
  96.8700027    1.9015863
  96.8800049    1.9020740
  96.8900070    1.9008051
  96.9000015    1.9112619
  96.9100037    1.9134119
  96.9200058    1.9055328
  96.9300079    1.8944471
  96.9400024    1.8903189
  96.9500046    1.8843663
  96.9600067    1.8946954
  96.9700012    1.8714892
  96.9800034    1.8499719
  96.9900055    1.8404628
  97.0000076    1.8227367
  97.0100021    1.8284409
  97.0200043    1.8198550
  97.0300064    1.8041353
  97.0400009    1.8162766
  97.0500031    1.8051821
  97.0600052    1.8030796
  97.0700073    1.8130409
  97.0800018    1.8017756
  97.0900040    1.7597357
  97.1000061    1.7593541
  97.1100082    1.7688756
  97.1200027    1.7625116
  97.1300049    1.7749795
  97.1400070    1.7791029
  97.1500015    1.7932143
  97.1600037    1.8030170
  97.1700058    1.8109550
  97.1800079    1.8090149
  97.1900024    1.8156224
  97.2000046    1.8473212
  97.2100067    1.8475296
  97.2200012    1.8550605
  97.2300034    1.8423920
  97.2400055    1.8351038
  97.2500076    1.8526555
  97.2600021    1.8681293
  97.2700043    1.8701184
  97.2800064    1.8850148
  97.2900009    1.8757552
  97.3000031    1.8876215
  97.3100052    1.8828355
  97.3200073    1.8850919
  97.3300018    1.8955121
  97.3400040    1.8835213
  97.3500061    1.9028966
  97.3600082    1.9111739
  97.3700027    1.9073555
  97.3800049    1.8818268
  97.3900070    1.8778304
  97.4000015    1.8937989
  97.4100037    1.8937894
  97.4200058    1.9071944
  97.4300079    1.8958386
  97.4400024    1.8918971
  97.4500046    1.8823518
  97.4600067    1.8830756
  97.4700012    1.9026952
  97.4800034    1.8882461
  97.4900055    1.8718820
  97.5000076    1.8515997
  97.5100021    1.8412340
  97.5200043    1.8336781
  97.5300064    1.8542182
  97.5400009    1.8715909
  97.5500031    1.8772374
  97.5600052    1.8934765
  97.5700073    1.8846225
  97.5800018    1.8698789
  97.5900040    1.8873047
  97.6000061    1.9037131
  97.6100082    1.8870145
  97.6200027    1.8970997
  97.6300049    1.8699644
  97.6400070    1.8695952
  97.6500015    1.8619584
  97.6600037    1.8649980
  97.6700058    1.8494327
  97.6800079    1.8551370
  97.6900024    1.8595707
  97.7000046    1.8609903
  97.7100067    1.8429196
  97.7200012    1.8419302
  97.7300034    1.8683429
  97.7400055    1.8616041
  97.7500076    1.8670058
  97.7600021    1.8470017
  97.7700043    1.8104844
  97.7800064    1.8061351
  97.7900009    1.8253862
  97.8000031    1.8186350
  97.8100052    1.8093286
  97.8200073    1.8010343
  97.8300018    1.8042705
  97.8400040    1.8293223
  97.8500061    1.8449643
  97.8600082    1.8252244
  97.8700027    1.8149244
  97.8800049    1.8217911
  97.8900070    1.8298435
  97.9000015    1.8403766
  97.9100037    1.8130589
  97.9200058    1.8104904
  97.9300079    1.7824231
  97.9400024    1.7908674
  97.9500046    1.8203753
  97.9600067    1.8144745
  97.9700012    1.7943256
  97.9800034    1.7927691
  97.9900055    1.7943377
  98.0000076    1.7868228
  98.0100021    1.7790711
  98.0200043    1.8158944
  98.0300064    1.8001646
  98.0400009    1.7912546
  98.0500031    1.8048021
  98.0600052    1.7830213
  98.0700073    1.8071314
  98.0800018    1.8086160
  98.0900040    1.8335391
  98.1000061    1.8313967
  98.1100082    1.8068761
  98.1200027    1.8028033
  98.1300049    1.7784594
  98.1400070    1.7571746
  98.1500015    1.7703545
  98.1600037    1.7388105
  98.1700058    1.7487111
  98.1800079    1.7415590
  98.1900024    1.7102946
  98.2000046    1.7475863
  98.2100067    1.7429026
  98.2200012    1.7284632
  98.2300034    1.7482423
  98.2400055    1.7627283
  98.2500076    1.7576238
  98.2600021    1.7705653
  98.2700043    1.7846615
  98.2800064    1.7881194
  98.2900009    1.7458056
  98.3000031    1.7489606
  98.3100052    1.7335345
  98.3200073    1.7314709
  98.3300018    1.7319685
  98.3400040    1.7370859
  98.3500061    1.7436460
  98.3600082    1.7492448
  98.3700027    1.7706575
  98.3800049    1.7715985
  98.3900070    1.7682688
  98.4000015    1.7760909
  98.4100037    1.7443442
  98.4200058    1.7311602
  98.4300079    1.7415895
  98.4400024    1.7537788
  98.4500046    1.7341752
  98.4600067    1.7301286
  98.4700012    1.7332186
  98.4800034    1.7526202
  98.4900055    1.7482159
  98.5000076    1.7285026
  98.5100021    1.7284484
  98.5200043    1.7288414
  98.5300064    1.7274213
  98.5400009    1.7221791
  98.5500031    1.7206625
  98.5600052    1.7533815
  98.5700073    1.7530261
  98.5800018    1.7464833
  98.5900040    1.7317487
  98.6000061    1.7229320
  98.6100082    1.7369435
  98.6200027    1.7491932
  98.6300049    1.7474602
  98.6400070    1.7401810
  98.6500015    1.7404393
  98.6600037    1.7612946
  98.6700058    1.7552278
  98.6800079    1.7623757
  98.6900024    1.7605898
  98.7000046    1.7619758
  98.7100067    1.7599331
  98.7200012    1.7328961
  98.7300034    1.7132730
  98.7400055    1.7221837
  98.7500076    1.7455122
  98.7600021    1.7430013
  98.7700043    1.7509122
  98.7800064    1.7487395
  98.7900009    1.7696991
  98.8000031    1.7814003
  98.8100052    1.7794946
  98.8200073    1.7759805
  98.8300018    1.7794573
  98.8400040    1.7854935
  98.8500061    1.7899081
  98.8600082    1.7920245
  98.8700027    1.7637979
  98.8800049    1.7793658
  98.8900070    1.7754178
  98.9000015    1.7658216
  98.9100037    1.7686220
  98.9200058    1.7618830
  98.9300079    1.7695976
  98.9400024    1.7726855
  98.9500046    1.7841911
  98.9600067    1.7918814
  98.9700012    1.8312970
  98.9800034    1.8400991
  98.9900055    1.8427520
  99.0000076    1.8434912
  99.0100021    1.8270266
  99.0200043    1.8170924
  99.0300064    1.8098600
  99.0400009    1.8061205
  99.0500031    1.7992041
  99.0600052    1.8023440
  99.0700073    1.8142431
  99.0800018    1.8207977
  99.0900040    1.8083398
  99.1000061    1.8094869
  99.1100082    1.8349128
  99.1200027    1.8210509
  99.1300049    1.8074385
  99.1400070    1.8117529
  99.1500015    1.8074297
  99.1600037    1.8213186
  99.1700058    1.8247445
  99.1800079    1.8029358
  99.1900024    1.8060282
  99.2000046    1.8088095
  99.2100067    1.7975577
  99.2200012    1.8085073
  99.2300034    1.7954309
  99.2400055    1.8108767
  99.2500076    1.7891148
  99.2600021    1.7875432
  99.2700043    1.7790304
  99.2800064    1.7780567
  99.2900009    1.7617921
  99.3000031    1.7665462
  99.3100052    1.7813323
  99.3200073    1.7778459
  99.3300018    1.7828078
  99.3400040    1.7595340
  99.3500061    1.7526150
  99.3600082    1.7535224
  99.3700027    1.7555909
  99.3800049    1.7801228
  99.3900070    1.7933791
  99.4000015    1.7936381
  99.4100037    1.7899565
  99.4200058    1.7841268
  99.4300079    1.7955581
  99.4400024    1.7408587
  99.4500046    1.7361234
  99.4600067    1.7261670
  99.4700012    1.7166765
  99.4800034    1.7148879
  99.4900055    1.7153876
  99.5000076    1.7361060
  99.5100021    1.7174653
  99.5200043    1.7260221
  99.5300064    1.7023629
  99.5400009    1.6967103
  99.5500031    1.6866156
  99.5600052    1.6845909
  99.5700073    1.6845665
  99.5800018    1.6996361
  99.5900040    1.6891879
  99.6000061    1.6862385
  99.6100082    1.7098989
  99.6200027    1.7000959
  99.6300049    1.6956030
  99.6400070    1.6839222
  99.6500015    1.6661408
  99.6600037    1.6612353
  99.6700058    1.6673605
  99.6800079    1.6700147
  99.6900024    1.6775399
  99.7000046    1.6656212
  99.7100067    1.6711081
  99.7200012    1.6704617
  99.7300034    1.6600139
  99.7400055    1.6462705
  99.7500076    1.6673955
  99.7600021    1.6642071
  99.7700043    1.6676928
  99.7800064    1.6836700
  99.7900085    1.6694033
  99.8000031    1.6714848
  99.8100052    1.6978807
  99.8200073    1.6822338
  99.8300018    1.7065154
  99.8400040    1.7168244
  99.8500061    1.7179894
  99.8600082    1.7358770
  99.8700027    1.7288001
  99.8800049    1.7317804
  99.8900070    1.7328473
  99.9000015    1.7476929
  99.9100037    1.7390602
  99.9200058    1.7126124
  99.9300079    1.7269218
  99.9400024    1.7239661
  99.9500046    1.7587802
  99.9600067    1.7598556
  99.9700012    1.7808491
  99.9800034    1.7622172
  99.9900055    1.7656691
 100.0000076    1.7553257
